{
"type": "FeatureCollection",
"name": "biebrza_boundary_clean",
"crs": { "type": "name", "properties": { "name": "urn:ogc:def:crs:OGC:1.3:CRS84" } },
"features": [
{ "type": "Feature", "properties": { "id": "0012000000000000035c", "WDPAID": 11146.0, "REP_AREA": 597.355, "OWN_TYPE": "Not Reported", "REP_M_AREA": 0.0, "INT_CRIT": "Not Applicable", "GOV_TYPE": "Federal or national ministry or agency", "ISO3": "POL", "GIS_AREA": 597.27789552498496, "DESIG": "Park Narodowy", "STATUS": "Designated", "NO_TAKE": "Not Applicable", "PA_DEF": "1", "WDPA_PID": "11146", "CONS_OBJ": "Not Applicable", "MARINE": "0", "GIS_M_AREA": 0.0, "ORIG_NAME": "Biebrzański Park Narodowy", "DESIG_ENG": "National Park", "MANG_PLAN": "Not Reported", "SUPP_INFO": "Not Applicable", "NAME": "Biebrzański Park Narodowy", "DESIG_TYPE": "National", "METADATAID": 2013, "MANG_AUTH": "Generalna Dyrekcja Ochrony Środowiska, ul. Wawelska 52/54, 00-922 Warszawa", "STATUS_YR": 1993, "PARENT_ISO": "POL", "NO_TK_AREA": 0.0, "VERIF": "State Verified", "IUCN_CAT": "Not Assigned", "SUB_LOC": "Not Reported" }, "geometry": { "type": "MultiPolygon", "coordinates": [ [ [ [ 22.4579408210104, 53.283220719161768 ], [ 22.457923511970058, 53.283220960250851 ], [ 22.457931725618568, 53.283323579578081 ], [ 22.457920761542937, 53.283447573068905 ], [ 22.456510052152876, 53.283698070355868 ], [ 22.455511151869146, 53.283764923075509 ], [ 22.45602396059126, 53.284447228832477 ], [ 22.456683931699111, 53.285446027190524 ], [ 22.457009512229476, 53.28598113750909 ], [ 22.457339396030491, 53.286975506853537 ], [ 22.457565991033658, 53.287634312858458 ], [ 22.457406446370257, 53.294639154615879 ], [ 22.456492184785727, 53.2953452213861 ], [ 22.455551248394091, 53.296014095384642 ], [ 22.455430917903836, 53.296170168872287 ], [ 22.45529270826275, 53.296633872725792 ], [ 22.455167853700452, 53.297106546401963 ], [ 22.455256978391795, 53.298185680414228 ], [ 22.455627044773316, 53.299380700179626 ], [ 22.456229098611686, 53.300553458415401 ], [ 22.456309398196939, 53.300959269116291 ], [ 22.456273665609206, 53.301253556187113 ], [ 22.456135456632801, 53.301449753009933 ], [ 22.455667210297353, 53.301512151444797 ], [ 22.45510544230148, 53.301507702211964 ], [ 22.454387437723231, 53.301672680728785 ], [ 22.454191302547869, 53.3018331988388 ], [ 22.454053036696443, 53.30229252193265 ], [ 22.45405748287218, 53.303447432101599 ], [ 22.454066386996789, 53.305338081703248 ], [ 22.454066379003375, 53.307826245458941 ], [ 22.454097694337186, 53.310131646980686 ], [ 22.454053004381134, 53.310907492372991 ], [ 22.454070972036458, 53.311215190829664 ], [ 22.454886934402612, 53.314064501444911 ], [ 22.455154513272731, 53.315197147364124 ], [ 22.455413112526358, 53.316713259849834 ], [ 22.455631630363715, 53.3176451942536 ], [ 22.456077455253695, 53.320539126303416 ], [ 22.456224595038783, 53.323401903237347 ], [ 22.457651582198903, 53.326576733381096 ], [ 22.458735118848114, 53.329127343475463 ], [ 22.458949170425644, 53.329898817964725 ], [ 22.458984781288873, 53.330563183527666 ], [ 22.458592419411669, 53.332569843679373 ], [ 22.458440789058155, 53.333408127383841 ], [ 22.458926867200788, 53.334522904885958 ], [ 22.45927025658024, 53.335521759848824 ], [ 22.459769592633616, 53.336944197583904 ], [ 22.46041166971921, 53.338602962059952 ], [ 22.46116086281647, 53.339829188831864 ], [ 22.461566634838118, 53.340716574294682 ], [ 22.461638068676208, 53.341398841790472 ], [ 22.461432883892588, 53.342745511028745 ], [ 22.461312505746907, 53.343664016248418 ], [ 22.461272339570243, 53.344881355581585 ], [ 22.461111788793954, 53.345617140585091 ], [ 22.461040469564434, 53.34593374429506 ], [ 22.460857617203256, 53.346277115258225 ], [ 22.460438513141394, 53.347128797378396 ], [ 22.460099554991306, 53.347472117906456 ], [ 22.457165537421616, 53.350223392635698 ], [ 22.455792134661991, 53.351413927107238 ], [ 22.454356314722862, 53.352769527354369 ], [ 22.451814600534707, 53.354950021048424 ], [ 22.451346330804032, 53.355413795206246 ], [ 22.448305275952748, 53.358147237524776 ], [ 22.445781478267648, 53.360327725855178 ], [ 22.442080398035859, 53.36357843190283 ], [ 22.438459601874637, 53.366704230590805 ], [ 22.437228891582301, 53.36754701289717 ], [ 22.435008276526364, 53.368924891091325 ], [ 22.431971571949873, 53.370855660584347 ], [ 22.429536900768632, 53.372318235872996 ], [ 22.432038500605977, 53.379327957313521 ], [ 22.432564589823947, 53.38102238815631 ], [ 22.434218922157651, 53.38614592260538 ], [ 22.431704122728153, 53.389347567266739 ], [ 22.431057510432765, 53.390020900535937 ], [ 22.427543759299766, 53.391492406190878 ], [ 22.425340837294602, 53.392437695461318 ], [ 22.4246987859567, 53.392758791298284 ], [ 22.424284142722442, 53.393226964703764 ], [ 22.424114672737687, 53.393998355755386 ], [ 22.424065552051772, 53.394569156093667 ], [ 22.423860506063754, 53.395608140139444 ], [ 22.423472569057946, 53.39658018475231 ], [ 22.422224049606523, 53.39953661127884 ], [ 22.421876152939625, 53.400473013235441 ], [ 22.421746866257536, 53.401311322220032 ], [ 22.421274180542557, 53.401797400015504 ], [ 22.421149344189924, 53.402055988884563 ], [ 22.421354508124978, 53.404209685692635 ], [ 22.421831570552261, 53.410051128035235 ], [ 22.422348847340281, 53.410015448182186 ], [ 22.42473444690247, 53.409854972851392 ], [ 22.426607278221379, 53.409730124306158 ], [ 22.430254830670485, 53.409489297381448 ], [ 22.43180657585577, 53.409395682317282 ], [ 22.433242390918299, 53.409319831679824 ], [ 22.434825471731248, 53.409235168470794 ], [ 22.435592330797157, 53.409413498245392 ], [ 22.437014775349681, 53.409917372135943 ], [ 22.438285614871766, 53.410492600053296 ], [ 22.448104634522604, 53.413346417982517 ], [ 22.458663780596844, 53.41634292379581 ], [ 22.461473036179306, 53.418447639691536 ], [ 22.465597709048772, 53.42189899827077 ], [ 22.466591993944107, 53.422474186651741 ], [ 22.47132759729292, 53.424124060467584 ], [ 22.475764374035272, 53.425657976317019 ], [ 22.476067732683649, 53.425765050100907 ], [ 22.484379464834941, 53.428636713155186 ], [ 22.485266702148667, 53.439186891411467 ], [ 22.485940064998815, 53.447173173994194 ], [ 22.487050340144574, 53.450169658699096 ], [ 22.489137215483829, 53.453964384867596 ], [ 22.492352289895596, 53.460242778249679 ], [ 22.495188256100082, 53.466088668899886 ], [ 22.495598561109791, 53.46784557548829 ], [ 22.495674331266763, 53.468358363949598 ], [ 22.496173727642599, 53.468755183789114 ], [ 22.497221616306948, 53.468964811982133 ], [ 22.498577216509599, 53.469103047498074 ], [ 22.499005201936079, 53.469535560293707 ], [ 22.499362005549443, 53.469887822028497 ], [ 22.500213642983031, 53.469557840067495 ], [ 22.500757652454851, 53.469348316490283 ], [ 22.500918291181069, 53.469290337096048 ], [ 22.502135493899768, 53.470396139226388 ], [ 22.502844569910426, 53.471114076043271 ], [ 22.503442058440161, 53.470917920576468 ], [ 22.504128772989823, 53.471533245848498 ], [ 22.504467656720713, 53.472010360322159 ], [ 22.503277095358644, 53.472389379804795 ], [ 22.504182221270174, 53.473365915331605 ], [ 22.504806622009419, 53.474008038806929 ], [ 22.504967091718342, 53.474275580303143 ], [ 22.50397711844349, 53.474534223271213 ], [ 22.508583426202918, 53.479171644523767 ], [ 22.508592370919263, 53.479256422927044 ], [ 22.508619073002734, 53.479626534588292 ], [ 22.508601189504272, 53.480041200100125 ], [ 22.508596744595518, 53.480625354024582 ], [ 22.508677021222027, 53.481543890429975 ], [ 22.508842078159667, 53.482881628923401 ], [ 22.508868767881594, 53.483394457934573 ], [ 22.508895573529514, 53.483920650942189 ], [ 22.50897138703494, 53.484527082341998 ], [ 22.509060475411275, 53.48530739441501 ], [ 22.509122940546117, 53.485882589776068 ], [ 22.50924335498155, 53.486752133959421 ], [ 22.509310187094112, 53.487599369459637 ], [ 22.5095109430656, 53.489222518956545 ], [ 22.509809663555309, 53.491893504587978 ], [ 22.509956811586306, 53.492901237842318 ], [ 22.51003259473655, 53.493525485725307 ], [ 22.510130691334364, 53.49413645194614 ], [ 22.510242225173688, 53.494872182370045 ], [ 22.510313532936138, 53.495313589437892 ], [ 22.510331386194981, 53.495692667378172 ], [ 22.51029129108402, 53.495942334672307 ], [ 22.51017528378603, 53.496254503863156 ], [ 22.510050437165781, 53.496611190082106 ], [ 22.509885520441205, 53.49715078834133 ], [ 22.50973838905616, 53.497645751551296 ], [ 22.509609022158859, 53.498105036140743 ], [ 22.509533168548419, 53.498492960651831 ], [ 22.509332625370693, 53.499353592889513 ], [ 22.509252300881396, 53.499723633303333 ], [ 22.509118495073391, 53.500410417803685 ], [ 22.50896689841149, 53.501146107482853 ], [ 22.508721636917667, 53.502287616081603 ], [ 22.508552225255617, 53.50311256080505 ], [ 22.508534434179211, 53.503411377006117 ], [ 22.508529947318799, 53.503447036899651 ], [ 22.508552177437569, 53.504963092851035 ], [ 22.508529919760917, 53.505244024607592 ], [ 22.508476393453044, 53.505480385653073 ], [ 22.508400606316648, 53.505654308734535 ], [ 22.508244573468001, 53.505881684555192 ], [ 22.507963614577132, 53.50620718032777 ], [ 22.507820925201354, 53.506358804250112 ], [ 22.507655967942004, 53.506505972862136 ], [ 22.507477558140774, 53.506688753168596 ], [ 22.507285802818611, 53.506871656275258 ], [ 22.507044979094996, 53.507116873399426 ], [ 22.50677309093858, 53.507353205284907 ], [ 22.506750724027704, 53.507460215145358 ], [ 22.506830910779215, 53.507830305340065 ], [ 22.506906795630222, 53.508039903895572 ], [ 22.506929067705126, 53.508151372070955 ], [ 22.50696472537231, 53.508271750638748 ], [ 22.506995947901121, 53.508410046830917 ], [ 22.507022723765061, 53.50853488034911 ], [ 22.507080667686555, 53.508739950709831 ], [ 22.507125299804429, 53.508878199339819 ], [ 22.507174318697516, 53.509061045322007 ], [ 22.507192186128343, 53.509168084895379 ], [ 22.507223358554153, 53.509279530432124 ], [ 22.507281395751587, 53.509506926689959 ], [ 22.507330409603238, 53.50970316330168 ], [ 22.507379480433301, 53.509899302284147 ], [ 22.507410722114685, 53.510042031800367 ], [ 22.5074462825458, 53.510198076411363 ], [ 22.507491008776178, 53.510358651824482 ], [ 22.507535556555414, 53.510505788039332 ], [ 22.507566701400467, 53.510639583727617 ], [ 22.507682662742091, 53.511094408976341 ], [ 22.50771836032968, 53.511299460925656 ], [ 22.507745096025289, 53.511397618473872 ], [ 22.507811932360141, 53.511553642782978 ], [ 22.507843191314418, 53.511624997510012 ], [ 22.507892241490822, 53.51175429198878 ], [ 22.507927881889525, 53.511883635231314 ], [ 22.507950262500838, 53.511990654676389 ], [ 22.507981424573426, 53.512293890927289 ], [ 22.508012622469703, 53.512561389971005 ], [ 22.508003754057373, 53.512735283894429 ], [ 22.508003711309346, 53.513930351595633 ], [ 22.508008246784183, 53.514554636925368 ], [ 22.508083960231279, 53.514612580524002 ], [ 22.508066148770624, 53.515651574440625 ], [ 22.508048346174075, 53.516860032489966 ], [ 22.508034873279914, 53.518010443094653 ], [ 22.508164240128973, 53.520320261798247 ], [ 22.508119687359489, 53.522282290164078 ], [ 22.50804830772552, 53.523642329613686 ], [ 22.508021519039243, 53.524186298511324 ], [ 22.508057301542195, 53.524364678297978 ], [ 22.508115166915019, 53.524529641291352 ], [ 22.508249048871487, 53.524761542880739 ], [ 22.508641374726427, 53.525109373954962 ], [ 22.509136350846486, 53.525532955995345 ], [ 22.509443987916598, 53.525987825398239 ], [ 22.510420516529607, 53.527419135907088 ], [ 22.510853069955118, 53.528181622933609 ], [ 22.511615595408738, 53.52792299455794 ], [ 22.511932259089061, 53.528275308296095 ], [ 22.51189660162024, 53.528310981693046 ], [ 22.512293454919785, 53.52880593622983 ], [ 22.512667908416411, 53.529220633958502 ], [ 22.511776108092867, 53.529510446616847 ], [ 22.512115061921531, 53.52983600552831 ], [ 22.512743752190811, 53.530411222201529 ], [ 22.513488436063348, 53.530915111640063 ], [ 22.514005724394039, 53.531285175060582 ], [ 22.514344607524688, 53.531583970951033 ], [ 22.514478289080536, 53.531869333901419 ], [ 22.51479489545067, 53.532426741500871 ], [ 22.515339025637566, 53.533224927374555 ], [ 22.515691226627681, 53.533652933468403 ], [ 22.516079166310451, 53.533871490334796 ], [ 22.516770273185976, 53.534196951795465 ], [ 22.516988823224615, 53.534317405101703 ], [ 22.517193936665269, 53.534477916911676 ], [ 22.517318811865099, 53.534620585051208 ], [ 22.517448183390378, 53.534830197498302 ], [ 22.51756845275051, 53.535195809142877 ], [ 22.517795907492108, 53.536234807588016 ], [ 22.517969771814322, 53.537108760307298 ], [ 22.51813483540306, 53.537991687124318 ], [ 22.518192755703005, 53.538384108852306 ], [ 22.51844695733109, 53.539177810278218 ], [ 22.518759105628789, 53.539864454194507 ], [ 22.519494834252516, 53.541344930311169 ], [ 22.520141412501907, 53.542642535997814 ], [ 22.520872762127819, 53.544229975261331 ], [ 22.521104617473135, 53.544702608197248 ], [ 22.521479049520817, 53.545460647102722 ], [ 22.521974004231783, 53.546495164479744 ], [ 22.522504695366653, 53.54760107747245 ], [ 22.52252252580455, 53.54764564666619 ], [ 22.523097812529567, 53.548782669102962 ], [ 22.523775577221283, 53.550120440590149 ], [ 22.524083269788811, 53.550709007501176 ], [ 22.524836877698291, 53.552135917839365 ], [ 22.524877009221346, 53.552211736945019 ], [ 22.524711966800261, 53.552256364336166 ], [ 22.523418854724394, 53.552688879476591 ], [ 22.523253931169467, 53.552733480784937 ], [ 22.523097797300071, 53.552778079776836 ], [ 22.522776643280555, 53.552831544692637 ], [ 22.521884907444065, 53.553005470246674 ], [ 22.520854910922189, 53.553179381755598 ], [ 22.520172594302018, 53.553308663865678 ], [ 22.519209472516732, 53.553491490227557 ], [ 22.518179445156935, 53.553687736570865 ], [ 22.517983213112124, 53.553705562400204 ], [ 22.517153742009256, 53.553692172162009 ], [ 22.51497775188481, 53.553634181709484 ], [ 22.512663464916717, 53.553567355917643 ], [ 22.509822999731597, 53.553491520143993 ], [ 22.508137519883938, 53.553433512068963 ], [ 22.507687112258591, 53.553424669317486 ], [ 22.507169886524562, 53.553420183236263 ], [ 22.506973748413536, 53.55341126612457 ], [ 22.506795398276051, 53.553393433399265 ], [ 22.505622597597469, 53.553130361601234 ], [ 22.504837836199332, 53.553018873243012 ], [ 22.50412427671688, 53.55294747436232 ], [ 22.503366287848682, 53.552889564696017 ], [ 22.502550304662513, 53.553915116620892 ], [ 22.501555852516979, 53.553705593071214 ], [ 22.501631731623412, 53.553611939070528 ], [ 22.500918256140721, 53.553411245192869 ], [ 22.500829059193077, 53.553353313873977 ], [ 22.500035301672586, 53.553108056124522 ], [ 22.499201476585569, 53.552916304712035 ], [ 22.497279545956751, 53.552510488288654 ], [ 22.494474847335752, 53.55456170667005 ], [ 22.492298812441884, 53.556189249938377 ], [ 22.489556475479461, 53.558106669084424 ], [ 22.488339107983421, 53.559163491809265 ], [ 22.487393827577943, 53.559868038457637 ], [ 22.485159691350741, 53.561437615484444 ], [ 22.484374903217134, 53.562048548161556 ], [ 22.483251239458646, 53.563109755966977 ], [ 22.48254225605411, 53.563564593586172 ], [ 22.481900179001631, 53.563890155030251 ], [ 22.481146645812046, 53.56443416900396 ], [ 22.48076754854501, 53.564813151555732 ], [ 22.480598056040694, 53.565013856285489 ], [ 22.480424222293724, 53.565174360944212 ], [ 22.480343929347484, 53.565638140319145 ], [ 22.480339420197339, 53.565660431108753 ], [ 22.480647107410594, 53.566752898656674 ], [ 22.480664918736601, 53.567849809836801 ], [ 22.480705166048718, 53.568799633468203 ], [ 22.479407596221812, 53.568870977590954 ], [ 22.479046322777545, 53.569250008616081 ], [ 22.478662901626841, 53.569535377087774 ], [ 22.478337317113425, 53.569669165029971 ], [ 22.47779772875996, 53.569874227485073 ], [ 22.476972875438587, 53.570061561846238 ], [ 22.476112250778126, 53.570230993505284 ], [ 22.475113382949729, 53.570494031518614 ], [ 22.473945125253778, 53.570783928223527 ], [ 22.473775671756822, 53.5714616865571 ], [ 22.473405545487005, 53.572393637908846 ], [ 22.473454673476372, 53.575033455785842 ], [ 22.473490241478629, 53.575724578971915 ], [ 22.473512566031257, 53.576099129523456 ], [ 22.473512642105501, 53.576103638389334 ], [ 22.473606264763077, 53.57734322547185 ], [ 22.473855978915147, 53.580500313840211 ], [ 22.473936136764255, 53.581280644665618 ], [ 22.474141388872727, 53.58328279761016 ], [ 22.47430636707432, 53.585293837409743 ], [ 22.474315213893355, 53.58541868756943 ], [ 22.474301919212419, 53.585851229419902 ], [ 22.474301838034343, 53.586462144231405 ], [ 22.474234970845558, 53.586850027125749 ], [ 22.474310716757227, 53.587964817810551 ], [ 22.474752244396324, 53.589458595035069 ], [ 22.474988610744482, 53.590305874470438 ], [ 22.475421075243251, 53.591286878496604 ], [ 22.475759937092128, 53.591978004904455 ], [ 22.476161285178918, 53.592789580537065 ], [ 22.476237096156993, 53.59289659863871 ], [ 22.476268304538312, 53.592936725081969 ], [ 22.476535849897015, 53.593248896057879 ], [ 22.476678491745595, 53.593440604255548 ], [ 22.476700804455753, 53.593467347652734 ], [ 22.476776639515467, 53.593560961063567 ], [ 22.476825718925191, 53.593632364044119 ], [ 22.47690595597172, 53.593748255092713 ], [ 22.477222541977785, 53.59413619221759 ], [ 22.477307323781112, 53.594278945676535 ], [ 22.477351922603599, 53.594448350608374 ], [ 22.477418708167932, 53.594599969793364 ], [ 22.477423206962154, 53.594613352186187 ], [ 22.477530274384993, 53.594961163700226 ], [ 22.477623872861983, 53.595215305379284 ], [ 22.477677347421114, 53.595389224228775 ], [ 22.47777104456511, 53.596031296753779 ], [ 22.477788856314156, 53.596668966601179 ], [ 22.477699675529617, 53.597007885048079 ], [ 22.477293849232055, 53.59736909093953 ], [ 22.476932710335184, 53.597658893564194 ], [ 22.479630511531383, 53.598706797866988 ], [ 22.479394126674347, 53.599469320182507 ], [ 22.481610348320597, 53.599933064493271 ], [ 22.484486439986632, 53.600967541304634 ], [ 22.485944548710393, 53.601453604137255 ], [ 22.48933794148742, 53.602577312801841 ], [ 22.491259760230335, 53.603214916338146 ], [ 22.492227457767033, 53.603513743778691 ], [ 22.49267331067837, 53.603638552989167 ], [ 22.492891812021231, 53.603683162591238 ], [ 22.49312822580967, 53.603674269172494 ], [ 22.493244139999216, 53.603669796988591 ], [ 22.493391284101818, 53.603647485089198 ], [ 22.49361870381999, 53.603562730813138 ], [ 22.494247420829748, 53.603232799096688 ], [ 22.494818168436201, 53.602822590570625 ], [ 22.495255246615674, 53.602590699742549 ], [ 22.498831388630329, 53.601533839242997 ], [ 22.499210368217824, 53.601453642690565 ], [ 22.499473523126571, 53.601404540713119 ], [ 22.499754450774702, 53.601368894430479 ], [ 22.499928283141909, 53.601360005752007 ], [ 22.500334078282432, 53.601364410815577 ], [ 22.500860242198893, 53.601395656324726 ], [ 22.501377477115163, 53.60135555312079 ], [ 22.503210147152956, 53.601310889422741 ], [ 22.503455380973481, 53.601391183397226 ], [ 22.503709605914537, 53.601422435020559 ], [ 22.504093069139472, 53.601449176198145 ], [ 22.504766396586913, 53.601408981429763 ], [ 22.505234691858345, 53.601368882952642 ], [ 22.505707324372253, 53.601145921275254 ], [ 22.506630333152412, 53.600650952650064 ], [ 22.507651427435011, 53.600013313170763 ], [ 22.508159829058101, 53.599687777043641 ], [ 22.508699337496868, 53.599201759595324 ], [ 22.509109554141876, 53.598902964430685 ], [ 22.509252295579248, 53.598769218580081 ], [ 22.509350348434605, 53.59876034197741 ], [ 22.509707143545633, 53.598702338560763 ], [ 22.510799567054306, 53.59856860964738 ], [ 22.511646749690435, 53.598452605385717 ], [ 22.512743792794964, 53.598296529157949 ], [ 22.514076988515114, 53.598127110014694 ], [ 22.515093695824412, 53.598024515434105 ], [ 22.515334524090068, 53.598095904531107 ], [ 22.516105921582906, 53.597270947423596 ], [ 22.516382309796324, 53.596927593372335 ], [ 22.516547373043863, 53.596682356345205 ], [ 22.516591989223382, 53.596637748211784 ], [ 22.516645476159951, 53.596579807191098 ], [ 22.516979906429142, 53.59609822989632 ], [ 22.517671041998614, 53.595103858041178 ], [ 22.517697825004003, 53.595032491809583 ], [ 22.518041207420225, 53.594203080078493 ], [ 22.518696634941517, 53.592918904683749 ], [ 22.518603068149247, 53.59290105350594 ], [ 22.518790268711189, 53.592473012118738 ], [ 22.518866154638676, 53.592486357133623 ], [ 22.51907563951583, 53.591875480158585 ], [ 22.519757857295673, 53.591928972431553 ], [ 22.520194900145135, 53.591991418881967 ], [ 22.520671987752504, 53.592058291748259 ], [ 22.521189306559105, 53.592129640714766 ], [ 22.521242854316661, 53.592134091952232 ], [ 22.521679825352958, 53.592192022023859 ], [ 22.524194766828526, 53.592535418523759 ], [ 22.52421709033154, 53.592539874236948 ], [ 22.525746494969813, 53.592744939135969 ], [ 22.526303842514103, 53.592820785383701 ], [ 22.52712883158582, 53.592932297235272 ], [ 22.528248037951272, 53.592272300959941 ], [ 22.530053948424047, 53.593083861793566 ], [ 22.531891125640847, 53.593962337198192 ], [ 22.533353712351904, 53.594733731443618 ], [ 22.532234548090095, 53.595411551854532 ], [ 22.532007127839897, 53.595549757788632 ], [ 22.531199902160061, 53.596040231211553 ], [ 22.530388341540323, 53.596535213209442 ], [ 22.529911352029053, 53.596825057912348 ], [ 22.529041733357829, 53.597355731934016 ], [ 22.528627075241612, 53.59760536592016 ], [ 22.529496565769904, 53.598840558891396 ], [ 22.530085147569128, 53.599674424534506 ], [ 22.530366097454227, 53.599763607355825 ], [ 22.530919098635263, 53.599946433733898 ], [ 22.531391793934144, 53.600102516832443 ], [ 22.531614655089115, 53.600227321579368 ], [ 22.532042793575499, 53.600548402527636 ], [ 22.532604553818054, 53.600936325601204 ], [ 22.532979137000996, 53.601154853493739 ], [ 22.533714856245137, 53.601507086307706 ], [ 22.535672434701173, 53.60242120144256 ], [ 22.536845152877405, 53.602965224958361 ], [ 22.537567602583486, 53.60330859282513 ], [ 22.538160667381511, 53.603602910206348 ], [ 22.538365752971981, 53.603718789435952 ], [ 22.538753684403559, 53.604004231126822 ], [ 22.539587586014282, 53.604708740165414 ], [ 22.540724524870573, 53.605636218735462 ], [ 22.541892960868772, 53.606577139761455 ], [ 22.543034483618673, 53.607397599380896 ], [ 22.543921775700067, 53.608026340578853 ], [ 22.544827008258871, 53.608226995537649 ], [ 22.546218264553527, 53.608583684422172 ], [ 22.547408781943584, 53.608882477428402 ], [ 22.547725389190607, 53.608967189749961 ], [ 22.548073219960632, 53.609034042982373 ], [ 22.549335060659395, 53.610661640423714 ], [ 22.549821138705447, 53.6113349546576 ], [ 22.549749834843482, 53.611334989140872 ], [ 22.548884800381789, 53.61128144863595 ], [ 22.548572656661118, 53.611758587502713 ], [ 22.548737631432946, 53.611994924763167 ], [ 22.548947155609522, 53.612173320331237 ], [ 22.54916121249547, 53.61222682670266 ], [ 22.54939761330284, 53.612284783371514 ], [ 22.549977216642525, 53.612329362547896 ], [ 22.5503205978527, 53.612365057868637 ], [ 22.550570313393631, 53.612418543706745 ], [ 22.550891369083086, 53.612503246452185 ], [ 22.551096500681393, 53.612543369516402 ], [ 22.551252495017277, 53.612552312656717 ], [ 22.551417597045297, 53.612547868593815 ], [ 22.551600279122507, 53.612512161340085 ], [ 22.551747566660534, 53.612454216635712 ], [ 22.551863470118136, 53.612369495123389 ], [ 22.551939289450456, 53.612266949512438 ], [ 22.551961529299838, 53.612150997945172 ], [ 22.552032942820762, 53.611986024123063 ], [ 22.552255854997998, 53.611700622315311 ], [ 22.552443165713072, 53.61145092835482 ], [ 22.552572495334882, 53.61136171504635 ], [ 22.55294697077672, 53.61125470386775 ], [ 22.552880088855389, 53.611147721989063 ], [ 22.553361654487656, 53.61106744602732 ], [ 22.553794149231948, 53.611031729839965 ], [ 22.554534461832851, 53.611036221227117 ], [ 22.555484209584382, 53.611022847765533 ], [ 22.555738416315958, 53.611116441718373 ], [ 22.55601939400913, 53.611205682763206 ], [ 22.556242232702889, 53.611299316438561 ], [ 22.556420684885733, 53.611419692302853 ], [ 22.556581204918214, 53.611549024152445 ], [ 22.556723916015912, 53.611736310690532 ], [ 22.556848698250114, 53.611861151612544 ], [ 22.557040492435384, 53.611945880072497 ], [ 22.557165292847571, 53.61197711185261 ], [ 22.557370449044189, 53.611959226974477 ], [ 22.55758894143332, 53.611905694509971 ], [ 22.557673595036313, 53.611883414999845 ], [ 22.557718308324837, 53.611812111705547 ], [ 22.55771817691436, 53.611678303315657 ], [ 22.557843098714471, 53.611433047071799 ], [ 22.557936722918186, 53.611334974092216 ], [ 22.558017015262806, 53.611321570318118 ], [ 22.558150851854261, 53.611205680094486 ], [ 22.558253302972474, 53.611112038038534 ], [ 22.558315765630645, 53.610996114409772 ], [ 22.558404937017585, 53.61085338469357 ], [ 22.558503052511583, 53.610737440963 ], [ 22.558569895160819, 53.610617078524186 ], [ 22.558618982385543, 53.610505550266524 ], [ 22.558618980764912, 53.610349514063266 ], [ 22.558574350610709, 53.610148869063792 ], [ 22.558569912189057, 53.610082006389455 ], [ 22.558601181710696, 53.609858989876237 ], [ 22.558855240219959, 53.609778719194878 ], [ 22.559229837803482, 53.609698477811897 ], [ 22.559515175779079, 53.609636031697171 ], [ 22.559903273474831, 53.60960039013478 ], [ 22.560210950020728, 53.609600382356263 ], [ 22.560670210351301, 53.609595896779574 ], [ 22.560933199182461, 53.609586990747431 ], [ 22.561414884657239, 53.609542439202436 ], [ 22.561606597966978, 53.609622645202769 ], [ 22.561668984190106, 53.609694031637645 ], [ 22.561691290947131, 53.60979661987254 ], [ 22.561651207193435, 53.609921427603737 ], [ 22.561619972044333, 53.610041867453944 ], [ 22.561668972511157, 53.610162234335149 ], [ 22.561744853645582, 53.610264815893771 ], [ 22.561909832942117, 53.610353984834049 ], [ 22.562088166830826, 53.610411943113469 ], [ 22.562199642552887, 53.610420821892056 ], [ 22.562324546466108, 53.610411971938809 ], [ 22.562471644680311, 53.610367370578857 ], [ 22.562609827020953, 53.610313827920066 ], [ 22.562819437101307, 53.610246981973582 ], [ 22.563078108902371, 53.610171183490664 ], [ 22.563243115824591, 53.61011318761237 ], [ 22.563680002633429, 53.60997938254588 ], [ 22.563880748493908, 53.609890260472341 ], [ 22.564059061838616, 53.609769801677899 ], [ 22.564126008784996, 53.609707405507564 ], [ 22.564166097007213, 53.609631618249423 ], [ 22.564166085438806, 53.609560218794428 ], [ 22.564134910011177, 53.609493349481518 ], [ 22.56406359036616, 53.609421995148537 ], [ 22.563925256909691, 53.609341735641259 ], [ 22.563693491217396, 53.609252589020244 ], [ 22.563604340359404, 53.609127739583812 ], [ 22.563408121239252, 53.608820035676466 ], [ 22.56334560980391, 53.608713062305945 ], [ 22.563345676143989, 53.608632767024041 ], [ 22.563399204163417, 53.608565894957074 ], [ 22.56380938735499, 53.608311740671084 ], [ 22.56417505628167, 53.608164550745805 ], [ 22.564665510867201, 53.607999560505434 ], [ 22.565138167369852, 53.607892521069083 ], [ 22.565530585014354, 53.607865751771847 ], [ 22.566123685960424, 53.607821180541492 ], [ 22.566614132767061, 53.60775875513135 ], [ 22.566899581016308, 53.607718643370013 ], [ 22.567260709875729, 53.607616053833667 ], [ 22.567510463062749, 53.607500130515078 ], [ 22.567978711141372, 53.607312886224676 ], [ 22.568344348460972, 53.607366392715917 ], [ 22.568647560660196, 53.607388665241579 ], [ 22.568879372805863, 53.607370862547356 ], [ 22.568990863185313, 53.607348557286087 ], [ 22.569102305126627, 53.607295001696471 ], [ 22.569187101720864, 53.607210338021964 ], [ 22.569249487586873, 53.607121154300017 ], [ 22.569280656591015, 53.607027457195301 ], [ 22.569258442047946, 53.606889239133928 ], [ 22.569253954083013, 53.606715372172602 ], [ 22.569303054656615, 53.606635095390132 ], [ 22.569842500939441, 53.606363091579389 ], [ 22.570506894366734, 53.606037545926434 ], [ 22.571059867727595, 53.605725408277053 ], [ 22.57160839384477, 53.605350848075837 ], [ 22.571759896697646, 53.605132342887842 ], [ 22.571951772811708, 53.604838079414414 ], [ 22.572174683399325, 53.604405565429765 ], [ 22.572357530192534, 53.603950705890888 ], [ 22.572705294322862, 53.604512586835256 ], [ 22.573601569437194, 53.605957256325873 ], [ 22.573855764568087, 53.606336327732514 ], [ 22.574471102825974, 53.607308436661022 ], [ 22.574997248689431, 53.60812890363583 ], [ 22.57555466516914, 53.609025113874047 ], [ 22.575929158524698, 53.609809970680807 ], [ 22.576718514008512, 53.61163373012036 ], [ 22.576959235239361, 53.612204483146087 ], [ 22.579505432221335, 53.617711474676604 ], [ 22.579866604139163, 53.618696960309457 ], [ 22.580633572460258, 53.620770423460172 ], [ 22.580651412344082, 53.620819486262064 ], [ 22.581400539483116, 53.622357862142742 ], [ 22.581725999050359, 53.622946462458529 ], [ 22.581904347226171, 53.623178348755069 ], [ 22.58205153763722, 53.623289868958118 ], [ 22.582435069410963, 53.623405753565542 ], [ 22.584776089345201, 53.62382042326665 ], [ 22.586506231107748, 53.624159377218824 ], [ 22.58841922680903, 53.624489337408193 ], [ 22.590082356162419, 53.624819265218029 ], [ 22.59048366157911, 53.624917403180739 ], [ 22.590532762839715, 53.624962001073413 ], [ 22.590577419904555, 53.625216184515082 ], [ 22.590483761369992, 53.625510478966973 ], [ 22.59030987442388, 53.626063389136263 ], [ 22.589881753274273, 53.627432302566994 ], [ 22.589003337960566, 53.631017467496591 ], [ 22.588695653270495, 53.63252908352252 ], [ 22.588972138005182, 53.63256031613458 ], [ 22.588811560175348, 53.633077519693487 ], [ 22.588392400710319, 53.634165550333272 ], [ 22.587518418788711, 53.636444204632198 ], [ 22.587197353991133, 53.637278001221944 ], [ 22.586974388859922, 53.638013739244215 ], [ 22.586920949374882, 53.638531033938648 ], [ 22.586853942756058, 53.639623489838158 ], [ 22.586488318386259, 53.641759395150146 ], [ 22.586033512012474, 53.644292231368311 ], [ 22.586867469456624, 53.646936455391177 ], [ 22.587241892527416, 53.647855021612948 ], [ 22.588089185485025, 53.649045554561233 ], [ 22.589221805138472, 53.649901748573818 ], [ 22.590291992297935, 53.65069097121868 ], [ 22.590818186178044, 53.651141332829035 ], [ 22.591032262490216, 53.651355425881732 ], [ 22.592534844106524, 53.652844752080043 ], [ 22.59378793016247, 53.654079900811148 ], [ 22.596757651762964, 53.656978334880662 ], [ 22.598951606637264, 53.659132085140278 ], [ 22.600739674198852, 53.660866652193192 ], [ 22.60222452709024, 53.662231150901292 ], [ 22.604975730511558, 53.664781744778708 ], [ 22.608320161795888, 53.667720318518604 ], [ 22.608395909881803, 53.668509597438813 ], [ 22.607446158531801, 53.670480511148803 ], [ 22.606652431547797, 53.672201743285456 ], [ 22.605595607005089, 53.674551636137082 ], [ 22.604962503217937, 53.675902781066803 ], [ 22.603397296671453, 53.679541390554697 ], [ 22.609024645616337, 53.680763147186362 ], [ 22.611316707364423, 53.681271537276317 ], [ 22.613778067597167, 53.681797679301674 ], [ 22.614638694197424, 53.681971575299976 ], [ 22.615476918992371, 53.682167792277113 ], [ 22.615922895406285, 53.682323852888111 ], [ 22.616533783635923, 53.68259141475977 ], [ 22.616863806868771, 53.682751956327394 ], [ 22.617858163565106, 53.683220173587586 ], [ 22.619521304904289, 53.683982624046074 ], [ 22.621091004209035, 53.684647081536774 ], [ 22.625037337125033, 53.686461928448999 ], [ 22.630129617900987, 53.688762840807598 ], [ 22.631574333956344, 53.689369203988669 ], [ 22.633786067852597, 53.690377021610878 ], [ 22.635877341989357, 53.69133572531814 ], [ 22.637812679618222, 53.69221862877707 ], [ 22.638271964493658, 53.69242817174564 ], [ 22.640960715748534, 53.693641105277706 ], [ 22.641228277452882, 53.693761482062477 ], [ 22.643167970638306, 53.694639926040281 ], [ 22.643417758692312, 53.694751368724965 ], [ 22.6452370592005, 53.695571880432787 ], [ 22.645353019282147, 53.695625368043778 ], [ 22.64539748848658, 53.695607533409529 ], [ 22.645865814926186, 53.695821549720407 ], [ 22.645932702295195, 53.695790356713509 ], [ 22.646525780840921, 53.695830494591753 ], [ 22.646873536870185, 53.696031097281157 ], [ 22.648269189927841, 53.696543914356546 ], [ 22.648558990796172, 53.696735646897856 ], [ 22.649071834378169, 53.696722327456008 ], [ 22.64869723947151, 53.697150380489425 ], [ 22.648857824495952, 53.697221757647128 ], [ 22.650177688482604, 53.697819258484309 ], [ 22.650195606680676, 53.697828162652485 ], [ 22.651733936921648, 53.698523799768353 ], [ 22.652683676964379, 53.698951833347394 ], [ 22.653544306733664, 53.69933978450274 ], [ 22.653713783548447, 53.699415582108877 ], [ 22.655813938483956, 53.700369833237296 ], [ 22.658235324245648, 53.70147571067681 ], [ 22.658716855879906, 53.7016897039395 ], [ 22.659541805230802, 53.702059807290723 ], [ 22.660750256633772, 53.702608301703762 ], [ 22.662056819584489, 53.703196911916798 ], [ 22.662186107237641, 53.703259342565232 ], [ 22.665258397916901, 53.702536931785005 ], [ 22.665641866760147, 53.702447794257814 ], [ 22.666654062440156, 53.702211487828272 ], [ 22.667345276554883, 53.70205090567854 ], [ 22.667447798768496, 53.702024196733468 ], [ 22.667777788964717, 53.701948323724665 ], [ 22.668682943136773, 53.701734372248481 ], [ 22.67273633664335, 53.700517020530917 ], [ 22.674613567231994, 53.69991055361524 ], [ 22.6777215758589, 53.699344264067825 ], [ 22.680972231263173, 53.698604022629382 ], [ 22.681641052026638, 53.697458025328629 ], [ 22.681676832027531, 53.697413469822848 ], [ 22.681904121575631, 53.697404519643776 ], [ 22.682528498156991, 53.697333218214553 ], [ 22.682898602516524, 53.697266302832347 ], [ 22.682956508969745, 53.697248474566578 ], [ 22.683175110544205, 53.697101340673953 ], [ 22.683420281465697, 53.696931898260189 ], [ 22.683933068769672, 53.696695563656711 ], [ 22.684815984746649, 53.696396747023584 ], [ 22.684869569896598, 53.696361112711386 ], [ 22.685346623223321, 53.696035598184586 ], [ 22.685649876879395, 53.695937519024149 ], [ 22.685810337951839, 53.695950872912604 ], [ 22.68605120283814, 53.695950893660481 ], [ 22.686300814974512, 53.695933032045779 ], [ 22.686506024654872, 53.695910767761028 ], [ 22.686657586119079, 53.695879577598234 ], [ 22.687063387633462, 53.695768017720859 ], [ 22.688601836702556, 53.695371204595062 ], [ 22.688659691668661, 53.695362280380827 ], [ 22.689181516888997, 53.695277548466429 ], [ 22.689466839987205, 53.695237377304935 ], [ 22.690559283811126, 53.694974341348527 ], [ 22.691188115422531, 53.694822717418383 ], [ 22.692128894007098, 53.694644352791641 ], [ 22.693301610087772, 53.694448137516815 ], [ 22.694692973033401, 53.694265326872177 ], [ 22.695049598399873, 53.694202886615656 ], [ 22.696565743585111, 53.694064672280831 ], [ 22.697354980537391, 53.693962121542661 ], [ 22.697827633938754, 53.693904167511853 ], [ 22.697974805654681, 53.693926435854443 ], [ 22.698019397913761, 53.69393088249727 ], [ 22.699111834115765, 53.694211811320663 ], [ 22.699156484818996, 53.694229679561225 ], [ 22.699722823947187, 53.694434776730915 ], [ 22.700191002906397, 53.694243020153046 ], [ 22.700378320233881, 53.694167249846096 ], [ 22.700565571948271, 53.694091405033724 ], [ 22.700748348472143, 53.694015668032947 ], [ 22.700810833700853, 53.693988889717204 ], [ 22.700886535310772, 53.693957641434004 ], [ 22.700935599135796, 53.693939822699342 ], [ 22.701015988731612, 53.693904149297062 ], [ 22.701122997639366, 53.693859585904711 ], [ 22.701252263969405, 53.693806043558588 ], [ 22.701310247225123, 53.693783740046463 ], [ 22.701501979583483, 53.693707958550192 ], [ 22.701689228112588, 53.693632112153821 ], [ 22.701836379522099, 53.693574213810592 ], [ 22.701880959409475, 53.693556330102105 ], [ 22.702126254552134, 53.693458253528867 ], [ 22.703129535128628, 53.693061354610471 ], [ 22.704378093719548, 53.692553019657538 ], [ 22.704752639261581, 53.692401392678256 ], [ 22.704458424758247, 53.692089311471968 ], [ 22.7041060304024, 53.691589874425766 ], [ 22.703851928061066, 53.691246498731559 ], [ 22.703820700608684, 53.691094934602141 ], [ 22.70374936780841, 53.690912124272955 ], [ 22.703718105102222, 53.690729252718896 ], [ 22.703700265106363, 53.690550941937147 ], [ 22.703722590354783, 53.690064895989231 ], [ 22.703740385127372, 53.690002464334981 ], [ 22.703709182187904, 53.689833016332315 ], [ 22.703731499650154, 53.689498577975407 ], [ 22.70387865037366, 53.689159629924227 ], [ 22.703900980545093, 53.688847521757623 ], [ 22.704132784078411, 53.688388224162864 ], [ 22.704284426925231, 53.687982439363367 ], [ 22.704440546247369, 53.68772832009644 ], [ 22.704569784856375, 53.687536526341063 ], [ 22.704583159035376, 53.687474106533905 ], [ 22.704672318027875, 53.687398300348406 ], [ 22.705002335770608, 53.687041599765728 ], [ 22.705225290948594, 53.68676960074005 ], [ 22.705555256437897, 53.686484172712838 ], [ 22.705929830073465, 53.686198821065574 ], [ 22.706117153954409, 53.686060585852886 ], [ 22.706478328334811, 53.685828672603293 ], [ 22.706768173787516, 53.685641442502948 ], [ 22.707075777741803, 53.685498726118929 ], [ 22.707463712313764, 53.685302548425398 ], [ 22.70808358196421, 53.685092936653596 ], [ 22.708734577747531, 53.684892281907651 ], [ 22.70914043105936, 53.684758547751045 ], [ 22.709483727628914, 53.684682749001013 ], [ 22.71006788146331, 53.684575680644585 ], [ 22.710433551966407, 53.684517739622088 ], [ 22.711838133038718, 53.684375022699541 ], [ 22.71197188126235, 53.684325978967074 ], [ 22.712408874296525, 53.684250208888407 ], [ 22.712854844464371, 53.684196717931229 ], [ 22.713541571269236, 53.6841476437165 ], [ 22.713938370672341, 53.684125340256742 ], [ 22.714032029685733, 53.683987132278538 ], [ 22.715481298053831, 53.68355901984858 ], [ 22.71609659637722, 53.683389607780605 ], [ 22.71643106570783, 53.68329592223526 ], [ 22.718067452162533, 53.682814338054293 ], [ 22.72049776636506, 53.682109798091027 ], [ 22.721362762516602, 53.68186010155069 ], [ 22.724408290353949, 53.680981667289835 ], [ 22.727271086557181, 53.68014332620978 ], [ 22.730165013571465, 53.679313939858588 ], [ 22.730544132068005, 53.679202468372907 ], [ 22.733112508441035, 53.678453343238807 ], [ 22.735538314243694, 53.677744348594402 ], [ 22.736055497855514, 53.677597219838475 ], [ 22.7363453514909, 53.677508025455275 ], [ 22.736653060663244, 53.677418835553802 ], [ 22.737437816429811, 53.677182510646446 ], [ 22.738378703078382, 53.676906054465007 ], [ 22.739110037009215, 53.676692001887623 ], [ 22.739863553653095, 53.676469057970976 ], [ 22.740679582098242, 53.676232731350517 ], [ 22.740808946395216, 53.676197084524368 ], [ 22.740991755016413, 53.675871530961977 ], [ 22.741045232653072, 53.675782328695888 ], [ 22.741134435315537, 53.675626316582829 ], [ 22.741339584840173, 53.675265067592768 ], [ 22.741513467189456, 53.674961886714797 ], [ 22.741611504341051, 53.674787971031712 ], [ 22.741700823540857, 53.674631936378766 ], [ 22.742070862223429, 53.674003152510743 ], [ 22.742177905937162, 53.673815922077644 ], [ 22.745040593261614, 53.674377747975775 ], [ 22.746810891206465, 53.674752321673942 ], [ 22.747265717391155, 53.674529334275661 ], [ 22.747818577839553, 53.674328684287758 ], [ 22.748041612934905, 53.674248463692308 ], [ 22.748255660261961, 53.674123548312622 ], [ 22.748483100577698, 53.673824810258473 ], [ 22.748576743353244, 53.673601869683253 ], [ 22.748585643071102, 53.673294180518212 ], [ 22.748598994047313, 53.673249552237507 ], [ 22.748732740657434, 53.672982039051924 ], [ 22.749062765562073, 53.67266547715009 ], [ 22.749089554124094, 53.672620863903319 ], [ 22.749227691156261, 53.672375587834381 ], [ 22.749254542175066, 53.672228470658943 ], [ 22.749267844974316, 53.672094706736473 ], [ 22.749303541684668, 53.671960909947799 ], [ 22.749281305824589, 53.671693388396996 ], [ 22.749303572919757, 53.671506106382871 ], [ 22.749294641772856, 53.671171638617409 ], [ 22.749290162906469, 53.670948714619769 ], [ 22.749321331303218, 53.670828299111712 ], [ 22.749495236981904, 53.670667803826099 ], [ 22.749722640338785, 53.670507243053194 ], [ 22.7501062230188, 53.670235264760251 ], [ 22.750587798044645, 53.669958762427662 ], [ 22.751167469835085, 53.669771480000257 ], [ 22.751822960643846, 53.669570850031107 ], [ 22.752233201442781, 53.669495016611933 ], [ 22.752772702968667, 53.669459337112023 ], [ 22.753321196832822, 53.669450464722154 ], [ 22.753704656845233, 53.669561938283934 ], [ 22.754132713359496, 53.669838412291575 ], [ 22.754850687092361, 53.670565208127613 ], [ 22.755327781434769, 53.670881849817555 ], [ 22.755889598662556, 53.671060196848046 ], [ 22.756545114464323, 53.67111371410919 ], [ 22.757204978496635, 53.671042318061282 ], [ 22.757753503028475, 53.670908597408399 ], [ 22.758021080257407, 53.670783671539134 ], [ 22.758337650644165, 53.670578629240659 ], [ 22.758489345193066, 53.670427009197674 ], [ 22.758703375266016, 53.670239705265907 ], [ 22.758801348551835, 53.66987405424301 ], [ 22.759073407243783, 53.669486108634139 ], [ 22.759211645404935, 53.669263126673378 ], [ 22.759421283401249, 53.669084814014752 ], [ 22.759742312150124, 53.668897542374644 ], [ 22.759974098857956, 53.668754831025325 ], [ 22.760130234469639, 53.668647766005144 ], [ 22.760151202429213, 53.668634434877319 ], [ 22.770930169265696, 53.670101454420866 ], [ 22.781747943618768, 53.673869413281658 ], [ 22.794277989191237, 53.677588272317486 ], [ 22.803160457984148, 53.679358538042301 ], [ 22.809046136544911, 53.679180062356387 ], [ 22.809603915406921, 53.679282792288205 ], [ 22.810446722395632, 53.679438857016208 ], [ 22.811846861216196, 53.679679650016041 ], [ 22.812150120895371, 53.679750980434726 ], [ 22.813483367138858, 53.680027437599342 ], [ 22.814740840218331, 53.680254868920485 ], [ 22.815079734336933, 53.680290504877583 ], [ 22.81560138601812, 53.680183511027316 ], [ 22.815967075831949, 53.680103200865489 ], [ 22.816341618325747, 53.680089876362295 ], [ 22.816591714377033, 53.680004819896006 ], [ 22.81672515633641, 53.679987305457708 ], [ 22.816756420682633, 53.679982861044316 ], [ 22.816796525947996, 53.67997838690858 ], [ 22.816957081271266, 53.67995610002437 ], [ 22.817186875419964, 53.679924907485258 ], [ 22.817331560163804, 53.679978388722141 ], [ 22.817341391267263, 53.679987908610578 ], [ 22.817452002203314, 53.680143396973683 ], [ 22.817527730321707, 53.680241462516229 ], [ 22.817670464828971, 53.680442137687592 ], [ 22.817679355210888, 53.680451086335786 ], [ 22.817724005448369, 53.680517955220182 ], [ 22.81780420502653, 53.680624984587539 ], [ 22.817834568248443, 53.680666351049837 ], [ 22.817835442590074, 53.68066950137321 ], [ 22.817836734208758, 53.680669301926258 ], [ 22.817853276300568, 53.680691838658987 ], [ 22.81857114989436, 53.680575888146329 ], [ 22.818615810804577, 53.680567008051504 ], [ 22.819587851048048, 53.680415375111849 ], [ 22.820296881952789, 53.680299442419589 ], [ 22.820363832665933, 53.680290536213015 ], [ 22.820518375659177, 53.680265552412514 ], [ 22.821340342084156, 53.680147849888613 ], [ 22.821354024344799, 53.680131314207905 ], [ 22.821362597095955, 53.680129941669065 ], [ 22.821430369367313, 53.680039047516836 ], [ 22.821607830985947, 53.67982457647728 ], [ 22.821688114227502, 53.679755386835595 ], [ 22.822049334539255, 53.679322872874906 ], [ 22.821937829328579, 53.67916235651127 ], [ 22.821982424667965, 53.679077654058055 ], [ 22.821982371404733, 53.67907321420509 ], [ 22.821977885506833, 53.679073155159401 ], [ 22.821433936944047, 53.678426588393684 ], [ 22.821148566829731, 53.678020871382131 ], [ 22.820711882321323, 53.677396682633976 ], [ 22.824870505168462, 53.676434683737604 ], [ 22.825482833199779, 53.677302914279188 ], [ 22.825674602250068, 53.677552632187435 ], [ 22.82630773702763, 53.678324035515914 ], [ 22.826311758974377, 53.67832347767078 ], [ 22.826312157607806, 53.678324020228054 ], [ 22.826329890194138, 53.678320962865556 ], [ 22.827239740211752, 53.678194766414926 ], [ 22.828216176738675, 53.67803867283952 ], [ 22.82931762909098, 53.677846894890244 ], [ 22.831020997403957, 53.677579376556196 ], [ 22.83227407574644, 53.677383194660003 ], [ 22.833754407614201, 53.677106686527885 ], [ 22.834445624773242, 53.676972937031231 ], [ 22.835591631419291, 53.676799014753456 ], [ 22.835917118020291, 53.676687525617595 ], [ 22.836447731707988, 53.676616232757809 ], [ 22.836608258049534, 53.676669756892949 ], [ 22.837085397066168, 53.676585034184569 ], [ 22.83709433195812, 53.676451200281953 ], [ 22.8371120944913, 53.674382175070761 ], [ 22.837165597071525, 53.672455856420072 ], [ 22.837121104722844, 53.671260821674991 ], [ 22.837121300703696, 53.671232260690154 ], [ 22.837339491149134, 53.671118146313596 ], [ 22.844130057353706, 53.670909544974357 ], [ 22.844148655357554, 53.672134812503906 ], [ 22.84416639940746, 53.673097995145184 ], [ 22.84418420632139, 53.674181522182423 ], [ 22.844184355105121, 53.674284121174239 ], [ 22.844188735565755, 53.674645322664489 ], [ 22.844202091326036, 53.675626263720829 ], [ 22.844215494052786, 53.676433362206367 ], [ 22.844233320240363, 53.677615029671024 ], [ 22.844242236445879, 53.678234888534931 ], [ 22.844251167311402, 53.678520225661138 ], [ 22.844251157724969, 53.678533667866098 ], [ 22.844251166114809, 53.678587165490477 ], [ 22.844255591054154, 53.678894792239284 ], [ 22.844255581539993, 53.678903696198759 ], [ 22.844264520350112, 53.679247072436937 ], [ 22.844264499992956, 53.679331820970276 ], [ 22.844264583325081, 53.679371950947562 ], [ 22.844264468835657, 53.679487875951502 ], [ 22.844260103695724, 53.679929322356486 ], [ 22.844260028626817, 53.679942690704337 ], [ 22.844251203597395, 53.680794365261384 ], [ 22.844251179747772, 53.681003922866751 ], [ 22.844246713355773, 53.681298248070121 ], [ 22.844246673296677, 53.681400807574356 ], [ 22.844246717927049, 53.681481094304452 ], [ 22.844242248311893, 53.681530170325878 ], [ 22.84424217150066, 53.681605943144888 ], [ 22.84423775502648, 53.682096462922019 ], [ 22.844237810988911, 53.682100902885431 ], [ 22.844218978578855, 53.682606078026943 ], [ 22.84220001544395, 53.686359362556608 ], [ 22.844133181176222, 53.685408572071132 ], [ 22.844126283030985, 53.685579028896576 ], [ 22.844117353040428, 53.685842061717437 ], [ 22.844104073046633, 53.686158689055851 ], [ 22.844095108696092, 53.686337065631776 ], [ 22.844090615303053, 53.686466363200289 ], [ 22.844090622241897, 53.686519866762538 ], [ 22.844005876501729, 53.686613537919037 ], [ 22.843889889927738, 53.686796321676148 ], [ 22.843805284283896, 53.68687215870191 ], [ 22.843773990999019, 53.686894422297634 ], [ 22.843707191549001, 53.687037118213908 ], [ 22.843591237927175, 53.687246691892362 ], [ 22.843501995396753, 53.687291340260344 ], [ 22.843417322493263, 53.687367103386691 ], [ 22.843292469282979, 53.687389407718221 ], [ 22.84318099402989, 53.687425083081877 ], [ 22.843082805478439, 53.687442900021537 ], [ 22.842931333016484, 53.687483036369692 ], [ 22.842770727548938, 53.687505369306052 ], [ 22.842686012878563, 53.687505377272622 ], [ 22.842574533045003, 53.687483008771061 ], [ 22.842463083546487, 53.687438463905586 ], [ 22.842360544740284, 53.687389422098732 ], [ 22.842262387174738, 53.687380523116097 ], [ 22.842110790074148, 53.687362639421494 ], [ 22.841887898146719, 53.687322514001124 ], [ 22.841691626400095, 53.687264556049058 ], [ 22.841468712464213, 53.68718873552006 ], [ 22.841098537633876, 53.687068322715696 ], [ 22.840915733598393, 53.687001460059683 ], [ 22.840657096330801, 53.686961360377921 ], [ 22.840496659414086, 53.686943506133389 ], [ 22.840331657840789, 53.686943501972642 ], [ 22.840166635028105, 53.686961307499637 ], [ 22.839988258273134, 53.687001435271299 ], [ 22.839809935981336, 53.687050541875543 ], [ 22.839622627521035, 53.687108436789551 ], [ 22.839421952652025, 53.687202097784883 ], [ 22.839337163525254, 53.687268976824697 ], [ 22.839248106434813, 53.687309132232976 ], [ 22.839163372571306, 53.687326947163939 ], [ 22.839025067694724, 53.687349244021142 ], [ 22.838949276524595, 53.687340385986388 ], [ 22.838851145506013, 53.687309134568828 ], [ 22.838784277141777, 53.6872333705359 ], [ 22.838708543631363, 53.687170909482425 ], [ 22.838726276280376, 53.687135225870627 ], [ 22.838744229977056, 53.687068338101007 ], [ 22.838761963534136, 53.686979150403957 ], [ 22.838757543463867, 53.686872158145931 ], [ 22.838726382971611, 53.686778482757418 ], [ 22.83862371253003, 53.686640263816209 ], [ 22.838525716908666, 53.686551117945228 ], [ 22.838454317769973, 53.686515454744331 ], [ 22.838391893994416, 53.686524334173519 ], [ 22.83834726670095, 53.686551108257554 ], [ 22.838231428412854, 53.686537729838385 ], [ 22.838066388613409, 53.686519837732611 ], [ 22.837932620791182, 53.686502032398074 ], [ 22.837767591987912, 53.686479773657368 ], [ 22.837584856757431, 53.686417345269724 ], [ 22.837437574687335, 53.686345959202207 ], [ 22.837335049600004, 53.686296912561602 ], [ 22.837281605292748, 53.686247865428406 ], [ 22.837263788811192, 53.686198815625502 ], [ 22.837259292091897, 53.686158697444654 ], [ 22.837245983794382, 53.686140860950431 ], [ 22.837223625027669, 53.686087312656355 ], [ 22.837210253431646, 53.686020437362963 ], [ 22.837254836831189, 53.685980318889357 ], [ 22.837348500180397, 53.685940199985161 ], [ 22.837473302487847, 53.685904558745577 ], [ 22.837651674032699, 53.685859897530605 ], [ 22.837736404144994, 53.685842084357944 ], [ 22.837789884809926, 53.685810913073105 ], [ 22.837874651685347, 53.685708343256088 ], [ 22.837963808236601, 53.685578969060352 ], [ 22.838021822430736, 53.685503159274433 ], [ 22.838128839238095, 53.685391753929466 ], [ 22.838191230639421, 53.685302583427706 ], [ 22.838289305337135, 53.68516434736334 ], [ 22.838329476985468, 53.685110801289326 ], [ 22.838574710830102, 53.684985931804576 ], [ 22.838699587054649, 53.684936920230093 ], [ 22.838904692831083, 53.684878941129774 ], [ 22.839042933847704, 53.684794164087201 ], [ 22.839172297268565, 53.684687169195236 ], [ 22.8392659008477, 53.684535604528087 ], [ 22.839319445104323, 53.68433492327344 ], [ 22.839350572139669, 53.684241300820098 ], [ 22.839359481506779, 53.684183302451061 ], [ 22.839346106089298, 53.684116429310222 ], [ 22.839319421844984, 53.684031720552646 ], [ 22.839225786794032, 53.683995990330544 ], [ 22.839185683629918, 53.683938067629683 ], [ 22.839190105223086, 53.683884549930497 ], [ 22.839216810531248, 53.683844445738721 ], [ 22.839288194469198, 53.683782008272523 ], [ 22.839332795737047, 53.683719542397412 ], [ 22.839323863106888, 53.683527841520061 ], [ 22.839323896026279, 53.683443087743676 ], [ 22.839292614431091, 53.68334944141769 ], [ 22.839261399479195, 53.683304832049672 ], [ 22.83919893643769, 53.683246865549201 ], [ 22.839149925389837, 53.683188901078807 ], [ 22.839145459177775, 53.683122071166281 ], [ 22.839194580089448, 53.683028412075629 ], [ 22.839248022827462, 53.682970453716941 ], [ 22.839368382409805, 53.682885692537454 ], [ 22.839426455571537, 53.682805420481301 ], [ 22.839444195165093, 53.682707333599559 ], [ 22.839453169221937, 53.682591371211622 ], [ 22.839412988680305, 53.682439817117718 ], [ 22.839359557391923, 53.682377330740941 ], [ 22.839283698722475, 53.682328341548128 ], [ 22.839181169616261, 53.682288203826083 ], [ 22.839091916153002, 53.682239113948242 ], [ 22.839016190680947, 53.682181195800872 ], [ 22.838989475561892, 53.68212320235876 ], [ 22.838873408330105, 53.681998334677267 ], [ 22.838775433994154, 53.681953790530052 ], [ 22.838690702360161, 53.68192700743905 ], [ 22.838623711080668, 53.681909139320119 ], [ 22.838521184365227, 53.681869001085509 ], [ 22.838432086949418, 53.681797711867205 ], [ 22.838342813216155, 53.681770968792321 ], [ 22.838155622244418, 53.681753082641769 ], [ 22.838048574906267, 53.681748675751678 ], [ 22.837821207103264, 53.681739736414777 ], [ 22.837647291697326, 53.681717435959399 ], [ 22.837571392729323, 53.681704063160865 ], [ 22.83738413720091, 53.681690639894967 ], [ 22.837201325068641, 53.68166393028919 ], [ 22.836978380842528, 53.681654973158103 ], [ 22.836848987248718, 53.681641615686964 ], [ 22.836822241077464, 53.681614873512473 ], [ 22.836817768768569, 53.681552410682627 ], [ 22.836840185821245, 53.681503395467253 ], [ 22.836835701027937, 53.681454375554033 ], [ 22.83679104020996, 53.68140976409012 ], [ 22.836728726495867, 53.681387464299796 ], [ 22.836670689789234, 53.681382981744626 ], [ 22.836617194872613, 53.681382997458499 ], [ 22.836559189250643, 53.681405301905791 ], [ 22.836447810191196, 53.681427597527041 ], [ 22.836376423803465, 53.681391935052957 ], [ 22.836296129603234, 53.681356229922649 ], [ 22.836171296307317, 53.68128042711934 ], [ 22.836131115831105, 53.681191278214669 ], [ 22.836166821427618, 53.681119869096463 ], [ 22.836202501546342, 53.681075345541721 ], [ 22.836157908682104, 53.681026269645535 ], [ 22.836140107263816, 53.680968318853857 ], [ 22.836153409546334, 53.680888059158875 ], [ 22.836198030238656, 53.680709693867286 ], [ 22.836189099253591, 53.680575865513433 ], [ 22.836104334835888, 53.680482237070208 ], [ 22.836032998156274, 53.680406419538343 ], [ 22.835966155843494, 53.680375255485011 ], [ 22.835827961866055, 53.680330677243425 ], [ 22.835738738649209, 53.680317276238597 ], [ 22.835538073573939, 53.680330633614794 ], [ 22.835466685796543, 53.680348470189692 ], [ 22.835270514035461, 53.680406480541627 ], [ 22.835110031283502, 53.680455486061767 ], [ 22.835020874721682, 53.680540253070056 ], [ 22.834949480916446, 53.680611588793063 ], [ 22.834900494083652, 53.680740909406907 ], [ 22.834869160501007, 53.680847919052773 ], [ 22.834775509939409, 53.680986127643536 ], [ 22.83473993687554, 53.681044068993877 ], [ 22.834708704962907, 53.681119901826136 ], [ 22.834579393838744, 53.681289363818493 ], [ 22.834574912860003, 53.681333901069586 ], [ 22.834557112659258, 53.681472141303239 ], [ 22.834561501534751, 53.681646069102221 ], [ 22.834534738263503, 53.681779827185558 ], [ 22.834467887986335, 53.681900258365928 ], [ 22.834392117225523, 53.682029551327531 ], [ 22.834334113883521, 53.682194547764553 ], [ 22.83428067003242, 53.682395196403604 ], [ 22.834244978271574, 53.682497759622748 ], [ 22.834204876995443, 53.682591434167001 ], [ 22.834218205911107, 53.68268502029246 ], [ 22.834222628925133, 53.682832237566913 ], [ 22.83421365684638, 53.682979353874572 ], [ 22.834178109883442, 53.683064084432594 ], [ 22.834115640895185, 53.683211215607429 ], [ 22.834017533812553, 53.683371791675867 ], [ 22.833968451001123, 53.683425291933212 ], [ 22.833919481979574, 53.683532269473609 ], [ 22.833883795516485, 53.683581332478269 ], [ 22.833825816063751, 53.68362588539334 ], [ 22.833767847240281, 53.683666072340714 ], [ 22.833696495258803, 53.683697253326102 ], [ 22.833607311214639, 53.683746330497762 ], [ 22.833549343528841, 53.683781978734636 ], [ 22.833526998556756, 53.683822164383422 ], [ 22.83352259486421, 53.683853334033877 ], [ 22.833509226628806, 53.683884559387579 ], [ 22.833460167073948, 53.683920250509338 ], [ 22.833330833998357, 53.683995984271732 ], [ 22.833179271397864, 53.684071820478358 ], [ 22.833032022273336, 53.684134221988643 ], [ 22.832911700658869, 53.684178819758557 ], [ 22.832768922325428, 53.684205586621374 ], [ 22.832653017382359, 53.684210109630925 ], [ 22.832452361011111, 53.684201113779196 ], [ 22.832265127984385, 53.684219007240699 ], [ 22.832162584171499, 53.684241267891892 ], [ 22.832033177552319, 53.684281405955041 ], [ 22.831890602424526, 53.684339375557357 ], [ 22.831774592455528, 53.684375076225386 ], [ 22.83165417533689, 53.684397348910636 ], [ 22.831194893130579, 53.684513272782844 ], [ 22.830833787677349, 53.68465598898846 ], [ 22.830579581560567, 53.684776355464493 ], [ 22.830441316726862, 53.684825427558792 ], [ 22.830383384680189, 53.684789762197028 ], [ 22.830294169533957, 53.684767450756134 ], [ 22.830218379757987, 53.68476295203515 ], [ 22.830053306010431, 53.684745144913805 ], [ 22.829857230247573, 53.684847722192636 ], [ 22.829576252371645, 53.685003748755619 ], [ 22.829540586147271, 53.685035001717452 ], [ 22.829536044092706, 53.685075101023955 ], [ 22.829504946335327, 53.685133102726134 ], [ 22.829433588865303, 53.6852088796186 ], [ 22.829371151661771, 53.685320393287121 ], [ 22.829290881676787, 53.685445264242944 ], [ 22.829188264383721, 53.685561183839262 ], [ 22.829085808244667, 53.685650364452506 ], [ 22.829001024209788, 53.685708328415842 ], [ 22.828920729019959, 53.685761812269966 ], [ 22.828742438224126, 53.685877746523026 ], [ 22.828595295979699, 53.685989256356869 ], [ 22.828501626749077, 53.686073965846965 ], [ 22.828416824977342, 53.686185433543578 ], [ 22.828367877926496, 53.686265697958611 ], [ 22.828345631572869, 53.686359363550622 ], [ 22.828292070075172, 53.686528792035006 ], [ 22.828327757775579, 53.686613526282876 ], [ 22.828394582097999, 53.686702741336731 ], [ 22.828457043779025, 53.686747274021791 ], [ 22.828541731306647, 53.68680078292256 ], [ 22.828595323137733, 53.686823096019772 ], [ 22.828648739320776, 53.686881053664415 ], [ 22.828751301338848, 53.68693455050434 ], [ 22.828858364359377, 53.686979200923098 ], [ 22.828974246204375, 53.686997031062695 ], [ 22.82913924725624, 53.68702821015512 ], [ 22.829273096233656, 53.6870683524687 ], [ 22.829366669851346, 53.687095114737609 ], [ 22.829469301518362, 53.687144146191429 ], [ 22.829576272514629, 53.687211070805425 ], [ 22.829683300115459, 53.687277896799039 ], [ 22.829857184407885, 53.687331467009194 ], [ 22.83001768642152, 53.687376030017198 ], [ 22.830254118999488, 53.687416162048883 ], [ 22.830383363258107, 53.68741166910479 ], [ 22.830601801309957, 53.687407237357377 ], [ 22.830753394337549, 53.687411695309457 ], [ 22.830949645749435, 53.687460770956342 ], [ 22.831074469482989, 53.687500892260317 ], [ 22.831172684037885, 53.687549937630671 ], [ 22.831252850438428, 53.687590040544265 ], [ 22.831319777234604, 53.687612379812592 ], [ 22.831466924405827, 53.687634662415626 ], [ 22.831542775374114, 53.687643600540362 ], [ 22.831823685582496, 53.687683697069069 ], [ 22.832082260543665, 53.6877550752776 ], [ 22.832291879580382, 53.687821887447804 ], [ 22.832394396253346, 53.687875479479423 ], [ 22.832421104426704, 53.687928940638443 ], [ 22.832443523219446, 53.687978026777991 ], [ 22.832452396812112, 53.688049385145078 ], [ 22.832461379322723, 53.688129624337705 ], [ 22.832488113038831, 53.688165275299461 ], [ 22.832510332452046, 53.688223217046584 ], [ 22.832550450493979, 53.688267874693473 ], [ 22.832644086377044, 53.688299074485194 ], [ 22.832710990833501, 53.688339223355229 ], [ 22.832862597399576, 53.688428339325633 ], [ 22.832929460472574, 53.688455142493616 ], [ 22.833027573983603, 53.68849076675054 ], [ 22.833232801691164, 53.688544321559341 ], [ 22.833388745518427, 53.688562129722854 ], [ 22.833558250482486, 53.688593360163964 ], [ 22.833634038217028, 53.688606761526479 ], [ 22.833825853665275, 53.688629057711488 ], [ 22.834084398118616, 53.688637946326487 ], [ 22.834396501139004, 53.688655798906815 ], [ 22.83457936621766, 53.688664705198043 ], [ 22.834815698903107, 53.688704850860887 ], [ 22.835092181766097, 53.688762764360334 ], [ 22.835190219732631, 53.688816295546403 ], [ 22.835248236960471, 53.688892095320057 ], [ 22.835297247050356, 53.688950066360526 ], [ 22.835440007754002, 53.689052654548888 ], [ 22.835538029238457, 53.689168596688326 ], [ 22.835591572093723, 53.689235432909541 ], [ 22.835671797327386, 53.689436125013266 ], [ 22.835698535693115, 53.689471775637394 ], [ 22.835818971684699, 53.689547602846368 ], [ 22.836006229180747, 53.689587745687717 ], [ 22.836095541800031, 53.689596682757994 ], [ 22.836483429226917, 53.689641199740684 ], [ 22.836880317470872, 53.689668021139056 ], [ 22.837147829728565, 53.689690289789972 ], [ 22.837326183664224, 53.689681420418466 ], [ 22.837446551690775, 53.689712570710242 ], [ 22.837749826054441, 53.689783950329279 ], [ 22.837919201846717, 53.689833008543339 ], [ 22.838124363904051, 53.68990429017493 ], [ 22.838374134440173, 53.689975684773522 ], [ 22.838454352029064, 53.689989066614608 ], [ 22.838552457581969, 53.689993529183681 ], [ 22.838717393240298, 53.690006906336293 ], [ 22.838931502722097, 53.690051512571713 ], [ 22.839265885471971, 53.690162986590337 ], [ 22.839462098589586, 53.690225416464493 ], [ 22.839716233448755, 53.690350224303749 ], [ 22.839876783028572, 53.690443912447329 ], [ 22.839957014445016, 53.690555401072537 ], [ 22.840001602687565, 53.690675799041799 ], [ 22.840014969682727, 53.690751583593546 ], [ 22.839970404109359, 53.690880909052922 ], [ 22.839890161416893, 53.690992353382576 ], [ 22.839823339475007, 53.69113505531611 ], [ 22.839760807105552, 53.691286671510618 ], [ 22.839689462907899, 53.69135355675818 ], [ 22.8396003625286, 53.691420431639976 ], [ 22.839506596967393, 53.691482832174387 ], [ 22.839261373555257, 53.691612156901726 ], [ 22.839127672473023, 53.691674552289591 ], [ 22.838895749102761, 53.691728143428598 ], [ 22.838717392678291, 53.691781618283848 ], [ 22.838539090150814, 53.69184407260169 ], [ 22.838374087722705, 53.691928730827804 ], [ 22.838200171949417, 53.692022424834555 ], [ 22.838048501716379, 53.692107109260704 ], [ 22.837914863325125, 53.692169577628022 ], [ 22.837687401025139, 53.692285465668235 ], [ 22.837482185582694, 53.692347914263586 ], [ 22.837268190979628, 53.692405929108617 ], [ 22.837063065792016, 53.692441561320884 ], [ 22.836947175572703, 53.692454897749997 ], [ 22.836844594231373, 53.692490611321723 ], [ 22.83672422838902, 53.692597633669529 ], [ 22.836577001644738, 53.692762600579861 ], [ 22.836492358510796, 53.692847343934453 ], [ 22.836456617183131, 53.692932037405342 ], [ 22.836412090513438, 53.692967694538808 ], [ 22.836354120461646, 53.692994443581313 ], [ 22.836305073030033, 53.693012329396154 ], [ 22.836206870920222, 53.693030141156235 ], [ 22.836104366352728, 53.693052483417553 ], [ 22.836010695249275, 53.693083699793846 ], [ 22.835845810691964, 53.693119361425552 ], [ 22.835600509341159, 53.693199636580118 ], [ 22.835435533462608, 53.693257574290065 ], [ 22.835359739555344, 53.693288776852143 ], [ 22.835257114227851, 53.693306603491159 ], [ 22.835105478663074, 53.693311058660079 ], [ 22.834967292293875, 53.693275452209519 ], [ 22.834900405963278, 53.693257554696039 ], [ 22.834744360510953, 53.693253119217481 ], [ 22.834650713172035, 53.693266522792449 ], [ 22.834539272863374, 53.693306632405829 ], [ 22.834423355082308, 53.693342316930654 ], [ 22.834267222006439, 53.693404760666098 ], [ 22.834128966323171, 53.693467191162398 ], [ 22.834071012190297, 53.693525097289978 ], [ 22.834039848384432, 53.693632175822692 ], [ 22.834030928542592, 53.693685642329442 ], [ 22.833999669270018, 53.693770394489022 ], [ 22.833959508075377, 53.693801594574417 ], [ 22.833892628248712, 53.693872903291123 ], [ 22.833892710902884, 53.693904135816346 ], [ 22.833888250828544, 53.693930869162841 ], [ 22.833830331400957, 53.693966597163936 ], [ 22.833732181864622, 53.693988847466009 ], [ 22.833607336721911, 53.694037933839738 ], [ 22.83345566743839, 53.694158311687559 ], [ 22.833259519627493, 53.694323326067625 ], [ 22.833085591373926, 53.69450168310815 ], [ 22.832978521063509, 53.694671147421325 ], [ 22.832929520064685, 53.694831651861634 ], [ 22.83288933342341, 53.694925268260526 ], [ 22.832831455214368, 53.695018947327121 ], [ 22.832769006854672, 53.695081334903534 ], [ 22.832670881484738, 53.69513037683393 ], [ 22.832554995943251, 53.695139342055157 ], [ 22.832456881833142, 53.695134873370009 ], [ 22.832340915207585, 53.695112605237135 ], [ 22.832278463938536, 53.695085783834564 ], [ 22.832189327553564, 53.695032288223651 ], [ 22.832055508463821, 53.694947616124054 ], [ 22.831930712230388, 53.694911933350262 ], [ 22.831850368837024, 53.694898569778935 ], [ 22.831756800348714, 53.694894060363907 ], [ 22.831529389380613, 53.694911898661829 ], [ 22.831422350839006, 53.694920831325582 ], [ 22.831301911251852, 53.694934201657119 ], [ 22.831199362897888, 53.694938653285057 ], [ 22.831056635712617, 53.69494314537517 ], [ 22.83096754277928, 53.694947599812032 ], [ 22.830864888229819, 53.694938630101412 ], [ 22.830798040780266, 53.694898550634257 ], [ 22.830708801704485, 53.694831632764256 ], [ 22.830619736722092, 53.694773670605471 ], [ 22.830499259398248, 53.694684484720156 ], [ 22.830423435857035, 53.694604223114368 ], [ 22.830276359483083, 53.694470452103126 ], [ 22.830026591672524, 53.69431436378845 ], [ 22.829830414650786, 53.694234099370071 ], [ 22.829652033118826, 53.694171732839528 ], [ 22.829540566037981, 53.694140441526883 ], [ 22.829424622799095, 53.694064660322304 ], [ 22.829255250829078, 53.693975520023663 ], [ 22.829085825393733, 53.693922003170968 ], [ 22.828974357843013, 53.693895250594224 ], [ 22.828769205681592, 53.693864009988481 ], [ 22.828599751324376, 53.693872907838852 ], [ 22.828470336411073, 53.69389523559105 ], [ 22.828332128877129, 53.693962099231385 ], [ 22.828251895106611, 53.694002218047153 ], [ 22.828189440724824, 53.694069141239403 ], [ 22.828136044367067, 53.694158336013679 ], [ 22.828100266389104, 53.694296538360184 ], [ 22.828095879786677, 53.694354504531802 ], [ 22.828095857929696, 53.694452618616957 ], [ 22.828082530548869, 53.694532892951614 ], [ 22.828122632382357, 53.694626527163848 ], [ 22.828167266381801, 53.694688962782443 ], [ 22.828198391767728, 53.694746954173091 ], [ 22.828198427843169, 53.694804905285899 ], [ 22.828171635581221, 53.694849478269425 ], [ 22.828118136499707, 53.694880648661574 ], [ 22.827988809509097, 53.694925303226157 ], [ 22.827850587888083, 53.694956468890041 ], [ 22.827676744140568, 53.694983267046304 ], [ 22.827493884515842, 53.694996600514756 ], [ 22.827404711590997, 53.695014422971823 ], [ 22.827342254118648, 53.695081346639277 ], [ 22.82725309628588, 53.695210631063212 ], [ 22.82721290792761, 53.695299879254939 ], [ 22.827181731974694, 53.695478183245072 ], [ 22.827208505742345, 53.695732398237965 ], [ 22.827315510908729, 53.695785887295919 ], [ 22.827368936228392, 53.695843852642987 ], [ 22.827395787933856, 53.695884023869866 ], [ 22.827404759042594, 53.69596427253439 ], [ 22.827391338340341, 53.696022221106453 ], [ 22.827333264510063, 53.696071243821407 ], [ 22.827328890311314, 53.696120305229627 ], [ 22.827320007169742, 53.696347728831746 ], [ 22.827391312677374, 53.6965260531246 ], [ 22.827418072686726, 53.696668807215573 ], [ 22.827440326556928, 53.696740104286363 ], [ 22.827551872147026, 53.696842699015875 ], [ 22.827712429902935, 53.697079040784303 ], [ 22.82778368734261, 53.697087948278423 ], [ 22.827953135284758, 53.697172629408321 ], [ 22.82812700482808, 53.697261834419223 ], [ 22.828336561360956, 53.697400086441206 ], [ 22.828559579584617, 53.697493735640762 ], [ 22.82873794719665, 53.697533853034152 ], [ 22.829005481356912, 53.697565051854376 ], [ 22.829206126000731, 53.697582887054743 ], [ 22.829362186129341, 53.69750265894384 ], [ 22.829496037999398, 53.697440246704353 ], [ 22.829678862711447, 53.697373322339757 ], [ 22.829834973215927, 53.697342140517861 ], [ 22.830080170483413, 53.69731087144784 ], [ 22.830240636377248, 53.697284138863949 ], [ 22.830320850006196, 53.697261829078741 ], [ 22.830561755762751, 53.697270788904135 ], [ 22.830713349904929, 53.69730196553197 ], [ 22.830847171565729, 53.697346575856436 ], [ 22.831007584254071, 53.697400073128776 ], [ 22.83129741136818, 53.697444683285802 ], [ 22.831573918232774, 53.697480358856524 ], [ 22.831716627904623, 53.697498217825078 ], [ 22.831881559814658, 53.697484814153761 ], [ 22.832091216645466, 53.697475868649157 ], [ 22.832233846215043, 53.697462492718849 ], [ 22.83245243986649, 53.697391170876735 ], [ 22.832617371953635, 53.697377765983951 ], [ 22.83278683425878, 53.69737776659116 ], [ 22.832898302288545, 53.69737335581268 ], [ 22.832982993671976, 53.697355469116602 ], [ 22.833143553814015, 53.697306453729439 ], [ 22.833402219462457, 53.697226206571941 ], [ 22.833593927851059, 53.697177130565301 ], [ 22.833727698513119, 53.697172690173879 ], [ 22.833883771957915, 53.697168220853179 ], [ 22.834133518440414, 53.697186046634663 ], [ 22.834258243883124, 53.697190493487589 ], [ 22.834499049836673, 53.697186022077453 ], [ 22.834690815022046, 53.697190529968459 ], [ 22.834824641372879, 53.697190528987086 ], [ 22.834949513698312, 53.697177137941431 ], [ 22.835203555630599, 53.697105758508172 ], [ 22.835395336541897, 53.697003241476473 ], [ 22.835569305225764, 53.696891732780102 ], [ 22.835729773894236, 53.696766874448322 ], [ 22.835872440882255, 53.696628657976134 ], [ 22.8360820626826, 53.696454729099607 ], [ 22.836229264563269, 53.69637452319018 ], [ 22.836336231692513, 53.69628084021538 ], [ 22.836389747109912, 53.696187247508924 ], [ 22.836416557010129, 53.696022204056518 ], [ 22.836403165825022, 53.69582604462682 ], [ 22.836331837125314, 53.695625378189369 ], [ 22.836233718688902, 53.695424683164703 ], [ 22.836189073313168, 53.695308740544263 ], [ 22.83618023948852, 53.695201751355249 ], [ 22.836233650922871, 53.695139343472036 ], [ 22.836314005038666, 53.695099193095473 ], [ 22.836519085177933, 53.695009976426547 ], [ 22.836898102451034, 53.694876207325422 ], [ 22.837089875667868, 53.694818294540127 ], [ 22.837165637442197, 53.694813807846074 ], [ 22.837277155772092, 53.694813833135051 ], [ 22.837544726265087, 53.694720175438718 ], [ 22.83766957233016, 53.694671083565986 ], [ 22.837843363548728, 53.694492742771772 ], [ 22.838026237910096, 53.694372370497796 ], [ 22.838155617596062, 53.694283173587721 ], [ 22.838467646673934, 53.694104811323712 ], [ 22.838677308626771, 53.693979927754455 ], [ 22.838886826344424, 53.69382391015224 ], [ 22.839078584924369, 53.693716851874974 ], [ 22.839243628147383, 53.693654442516618 ], [ 22.839363903099883, 53.693623201316001 ], [ 22.839511220135751, 53.693641081821475 ], [ 22.83965379498861, 53.693667858595227 ], [ 22.839872406914683, 53.693663380143299 ], [ 22.840041806067799, 53.693658927706991 ], [ 22.840238028952111, 53.693676755311031 ], [ 22.840353958515596, 53.693685666967738 ], [ 22.84043869692319, 53.693676754888799 ], [ 22.840666122166112, 53.69364999034147 ], [ 22.84100938880443, 53.69360090388161 ], [ 22.841276917309607, 53.693592003435491 ], [ 22.841455340135003, 53.693596471995164 ], [ 22.841548969028377, 53.693605412646683 ], [ 22.841718381012669, 53.693587512219814 ], [ 22.841945803737516, 53.693511775069219 ], [ 22.842101833171437, 53.693426992726465 ], [ 22.842182166452286, 53.693346774903645 ], [ 22.842338215579097, 53.693244180889941 ], [ 22.842449664119869, 53.693195156750342 ], [ 22.84265479690956, 53.693159512718957 ], [ 22.842833108802324, 53.693150558214271 ], [ 22.842984796879122, 53.693163976549094 ], [ 22.843163134016272, 53.693190718538517 ], [ 22.843345940254576, 53.693230790489636 ], [ 22.843421822776147, 53.69323081386468 ], [ 22.843488616624381, 53.69322637906825 ], [ 22.843666980464771, 53.693288817273391 ], [ 22.843742813238659, 53.693333369172414 ], [ 22.844037206834699, 53.693373531775606 ], [ 22.844121784770483, 53.69340026402098 ], [ 22.844188792341885, 53.693427036385657 ], [ 22.844269019434758, 53.693502828344272 ], [ 22.844371568896037, 53.69356077762108 ], [ 22.844402769311213, 53.693632108739443 ], [ 22.844447399753676, 53.693672283034672 ], [ 22.844567789894882, 53.693770379727219 ], [ 22.844594521730961, 53.693828380646487 ], [ 22.844572196319696, 53.693908638340496 ], [ 22.844612328943203, 53.693957660571584 ], [ 22.844750544168328, 53.694051301681995 ], [ 22.844821901376339, 53.694091428614662 ], [ 22.844884392999376, 53.6941493995974 ], [ 22.844875478224804, 53.694216312264089 ], [ 22.844924464728937, 53.694323350833635 ], [ 22.844977979479136, 53.69438574533747 ], [ 22.845058259398936, 53.694412468823636 ], [ 22.845352507994576, 53.694425860411769 ], [ 22.845789608922178, 53.694448158259632 ], [ 22.846016932446474, 53.694412499329864 ], [ 22.846231005180801, 53.694354537612156 ], [ 22.846342455386221, 53.694305508252995 ], [ 22.846440532969272, 53.694229661751486 ], [ 22.846538713043568, 53.694113726730286 ], [ 22.84660997957781, 53.694060204969844 ], [ 22.84672151304995, 53.69405131355019 ], [ 22.846859688187145, 53.694002235890068 ], [ 22.84699791932243, 53.693962138025846 ], [ 22.847104964080401, 53.693953188335712 ], [ 22.84722543804796, 53.693975496047479 ], [ 22.847323525573515, 53.694020112200782 ], [ 22.847430528323212, 53.694185060499535 ], [ 22.847470564253399, 53.694278709465664 ], [ 22.847537523074081, 53.694363454186906 ], [ 22.847559837223528, 53.694416931662936 ], [ 22.84755982985293, 53.69448825280589 ], [ 22.847595517560336, 53.694568547357257 ], [ 22.847640061090424, 53.694639903447829 ], [ 22.847715941975505, 53.694711244729149 ], [ 22.847791654266139, 53.694764724492003 ], [ 22.847751612107572, 53.694809351296016 ], [ 22.847648975088628, 53.695027883759479 ], [ 22.847662413951976, 53.695045696391716 ], [ 22.84773378690911, 53.695076915649089 ], [ 22.848059167610568, 53.695255229307399 ], [ 22.848340166616456, 53.695393492756878 ], [ 22.848589847730455, 53.695509419407124 ], [ 22.848897531981912, 53.695634286328008 ], [ 22.849093678737457, 53.695768047050862 ], [ 22.849200773666325, 53.695848303308772 ], [ 22.849285560129754, 53.695866175366525 ], [ 22.849374648323781, 53.695879516017278 ], [ 22.849508442081206, 53.695928564361061 ], [ 22.84964661706173, 53.696026665799501 ], [ 22.84975813791781, 53.696106905266596 ], [ 22.849838388689186, 53.696111372283269 ], [ 22.849967760821222, 53.696160436535834 ], [ 22.849972176225901, 53.6961738655761 ], [ 22.849967774945892, 53.696213947138482 ], [ 22.850007839935515, 53.696218462488581 ], [ 22.850034616341397, 53.696231760490434 ], [ 22.850048023261884, 53.69628973680279 ], [ 22.850177306351647, 53.696374523844682 ], [ 22.850230778434561, 53.696432476101059 ], [ 22.850297733579652, 53.696459170977235 ], [ 22.850328875920834, 53.696548413547198 ], [ 22.850453751487962, 53.696682188447838 ], [ 22.850560771184817, 53.696784721675151 ], [ 22.850578676198165, 53.696829310422693 ], [ 22.850587595500492, 53.696891768880661 ], [ 22.850685665354607, 53.696900684349465 ], [ 22.850788207231638, 53.696922930273054 ], [ 22.850859636888881, 53.69697203435517 ], [ 22.850997836155415, 53.69712364635113 ], [ 22.851167221272362, 53.697382215550562 ], [ 22.851278758801392, 53.697529411840385 ], [ 22.851434754749192, 53.697712192133316 ], [ 22.851644302993279, 53.697872768650349 ], [ 22.851657712955785, 53.698002070444531 ], [ 22.85169337319034, 53.698202762818937 ], [ 22.85169782977438, 53.698309770480556 ], [ 22.851693413998358, 53.698443530373694 ], [ 22.85173800371394, 53.698621912767457 ], [ 22.851804827498142, 53.698813634471229 ], [ 22.851867292826395, 53.699000907717696 ], [ 22.85209915757131, 53.699161452971353 ], [ 22.852384551464219, 53.699250647172093 ], [ 22.852736802522728, 53.699272880910407 ], [ 22.852942018293778, 53.699264004835193 ], [ 22.85330764024371, 53.699250635118929 ], [ 22.853606339279725, 53.699228284923137 ], [ 22.853851610540115, 53.699241733733068 ], [ 22.85396313392911, 53.699268458695997 ], [ 22.854449144447749, 53.699348735034192 ], [ 22.854988716484968, 53.699473588846544 ], [ 22.85525629233819, 53.699576139176855 ], [ 22.855697677300086, 53.699763428784266 ], [ 22.855938495673445, 53.699816881839602 ], [ 22.856076650306424, 53.69983030494906 ], [ 22.856335396893392, 53.699830300844461 ], [ 22.856518073972378, 53.699803514215965 ], [ 22.856674205697843, 53.699776827749531 ], [ 22.856785725522009, 53.699732223549027 ], [ 22.856923934121834, 53.699665314426433 ], [ 22.857053177988263, 53.699585017114046 ], [ 22.857213799332524, 53.699460169455435 ], [ 22.857209300317578, 53.699393326025927 ], [ 22.857173663001866, 53.699290751954912 ], [ 22.857146816843553, 53.699183703499592 ], [ 22.857146899958423, 53.698978609521262 ], [ 22.857182524390762, 53.698835948920738 ], [ 22.857262808750701, 53.698720013424847 ], [ 22.857383175709412, 53.698586238214752 ], [ 22.857490293130567, 53.698501486002094 ], [ 22.857583879864631, 53.69843010616043 ], [ 22.857699768412001, 53.698372137847244 ], [ 22.857797882833246, 53.698336514607725 ], [ 22.857953956544822, 53.698291940065126 ], [ 22.858074383414039, 53.698242836467415 ], [ 22.85826618574314, 53.698167066630639 ], [ 22.858408746948555, 53.698104605591809 ], [ 22.85861398101606, 53.697975322793958 ], [ 22.858725410010603, 53.697872765188798 ], [ 22.858832374581873, 53.697734525440573 ], [ 22.858890368749417, 53.697578460812444 ], [ 22.859006366955715, 53.697440237462025 ], [ 22.859117787036681, 53.697346586403867 ], [ 22.859282746889356, 53.697235094208274 ], [ 22.859550316783565, 53.697065683215527 ], [ 22.859786633402678, 53.696940796884242 ], [ 22.860009571896214, 53.696887308316093 ], [ 22.860348576815774, 53.696771359569972 ], [ 22.860571460819909, 53.696699983581233 ], [ 22.86077207326078, 53.696673246630212 ], [ 22.861044074632353, 53.69668662510248 ], [ 22.861316136762689, 53.696592957251951 ], [ 22.861614867267548, 53.696508241306795 ], [ 22.861967199446511, 53.696401216951394 ], [ 22.862083078099715, 53.696343245327576 ], [ 22.862163403433538, 53.696236290424132 ], [ 22.862230261846008, 53.696133703581275 ], [ 22.862328331075354, 53.696053472998805 ], [ 22.862488885568315, 53.695990965349431 ], [ 22.862680658537307, 53.695946446868298 ], [ 22.86280095371653, 53.695897363766719 ], [ 22.862903586412646, 53.695776928278207 ], [ 22.862988316297873, 53.695696674420802 ], [ 22.863046246391146, 53.695629844222935 ], [ 22.863171096430932, 53.695562907573382 ], [ 22.863278128845856, 53.695496063449035 ], [ 22.863416370489123, 53.695447035576173 ], [ 22.863505512216875, 53.695384576433852 ], [ 22.863759782721857, 53.695210670767992 ], [ 22.863933626930827, 53.69511702623516 ], [ 22.864161022073226, 53.694978820822875 ], [ 22.864334976191465, 53.69490296312825 ], [ 22.864401801313956, 53.694862890384549 ], [ 22.864535609062919, 53.69481824507875 ], [ 22.864745253932334, 53.694782610526453 ], [ 22.864834443429778, 53.694746942384505 ], [ 22.864896778564209, 53.694706812389832 ], [ 22.864968097428427, 53.694639906289439 ], [ 22.864999416667587, 53.694559659542492 ], [ 22.864994900398784, 53.694488282133925 ], [ 22.864954764919567, 53.694372389068249 ], [ 22.864887931495762, 53.694171685506376 ], [ 22.864919109470243, 53.694127086712889 ], [ 22.86493246090717, 53.694100392303135 ], [ 22.864932451051402, 53.693988910259037 ], [ 22.864963708961369, 53.693899684436097 ], [ 22.86500828182567, 53.693859549200319 ], [ 22.865128697487727, 53.693806073903275 ], [ 22.865280198530332, 53.693765899060253 ], [ 22.865534463699056, 53.693703474494399 ], [ 22.865672723042692, 53.693596471643595 ], [ 22.865788628700393, 53.693453808135835 ], [ 22.865998255098646, 53.693293246056427 ], [ 22.866149796621848, 53.693159474905244 ], [ 22.866274609721902, 53.693012312410374 ], [ 22.866319218048758, 53.692887487774506 ], [ 22.866363817740488, 53.692628833279514 ], [ 22.86634149375336, 53.692374654707336 ], [ 22.866305855762221, 53.692075927028817 ], [ 22.866212284057504, 53.691884189684494 ], [ 22.866047296234385, 53.691719220416843 ], [ 22.865909038298685, 53.691554197992637 ], [ 22.865873329935411, 53.691429387510404 ], [ 22.865824283453559, 53.691161821788313 ], [ 22.865815438673934, 53.691010218263493 ], [ 22.86578418130939, 53.690813976254177 ], [ 22.865779643026038, 53.69065347548095 ], [ 22.865735106712879, 53.690475096383736 ], [ 22.865802007604902, 53.690368050945857 ], [ 22.865917892257372, 53.690243204464856 ], [ 22.866207798412567, 53.68997570144662 ], [ 22.866274682032831, 53.689908816232972 ], [ 22.866412823852691, 53.689739333857034 ], [ 22.866475287737789, 53.689663560735433 ], [ 22.866493160675407, 53.689534256387624 ], [ 22.866470914440637, 53.689387098609757 ], [ 22.86639062669424, 53.689329140644226 ], [ 22.866310349811041, 53.689239928380005 ], [ 22.866216760043475, 53.689106167962187 ], [ 22.866145337516848, 53.689012555310249 ], [ 22.865962581249669, 53.68889211205834 ], [ 22.865757460398463, 53.688776169398338 ], [ 22.865614673813475, 53.688740478371919 ], [ 22.865418552518868, 53.688713773827757 ], [ 22.865244547602938, 53.688686983355616 ], [ 22.864910238869111, 53.688651333741888 ], [ 22.864682713353268, 53.688633478969493 ], [ 22.864580160507742, 53.688637965216998 ], [ 22.864308186202297, 53.68866912212318 ], [ 22.864138827540835, 53.688709310667996 ], [ 22.86373736513325, 53.688794018955456 ], [ 22.863626014464863, 53.688820788762143 ], [ 22.863376258230954, 53.68890997567911 ], [ 22.863318315878356, 53.688905484616406 ], [ 22.863229058106093, 53.688865392936869 ], [ 22.863175607487502, 53.688847514910165 ], [ 22.863090866016467, 53.688865351077872 ], [ 22.862881264314975, 53.688896612111385 ], [ 22.862742998613456, 53.688918844732733 ], [ 22.862368513098186, 53.689003619171771 ], [ 22.862368433665925, 53.689034799303329 ], [ 22.862408621440906, 53.689150759257672 ], [ 22.862185604136144, 53.689213175984122 ], [ 22.862047392187876, 53.689253292152294 ], [ 22.861976095473509, 53.689288936551122 ], [ 22.861918086362149, 53.689302353510953 ], [ 22.861851245401457, 53.689284549963496 ], [ 22.861788836636009, 53.689244380206354 ], [ 22.861730767614393, 53.689248817778612 ], [ 22.861632732779967, 53.689190849442085 ], [ 22.861597106505943, 53.689173050915748 ], [ 22.861499014174257, 53.689110642156486 ], [ 22.861494547785615, 53.689074964456573 ], [ 22.861449854438703, 53.688999106353769 ], [ 22.861427577187214, 53.688838602599553 ], [ 22.861342855348123, 53.688593329980883 ], [ 22.861244828379501, 53.688414983031642 ], [ 22.861213545230811, 53.688205400713237 ], [ 22.862109937220858, 53.685596855259135 ], [ 22.862270401332861, 53.685503204037488 ], [ 22.86246212036119, 53.685565624072268 ], [ 22.86332713701001, 53.685793023927971 ], [ 22.864116533604275, 53.686167621565964 ], [ 22.864722882465902, 53.686470809917246 ], [ 22.86532484594127, 53.686716044959454 ], [ 22.865793038722206, 53.686863194322228 ], [ 22.866194404380568, 53.686974731929105 ], [ 22.865993709732777, 53.687469659502511 ], [ 22.86586438379193, 53.687433967621757 ], [ 22.865579038650488, 53.687728305597879 ], [ 22.865695004647797, 53.687973574791741 ], [ 22.865788657103465, 53.688093964012126 ], [ 22.865882242759771, 53.68822772305311 ], [ 22.866158680333577, 53.688388236994953 ], [ 22.866488628333531, 53.688579971884799 ], [ 22.86681425186336, 53.688838573110651 ], [ 22.86742062403864, 53.689779471249075 ], [ 22.86765694679405, 53.689801750019377 ], [ 22.867612410670027, 53.690096089578908 ], [ 22.867621290716478, 53.690341356350615 ], [ 22.867728358300663, 53.690604402416476 ], [ 22.868325864318958, 53.690706940850021 ], [ 22.86899025351714, 53.690764937427929 ], [ 22.869672492743472, 53.690751593343208 ], [ 22.870087194382407, 53.691259934460561 ], [ 22.870323565825831, 53.691768204242216 ], [ 22.870376946283201, 53.692044681694917 ], [ 22.871001284658753, 53.691959963381514 ], [ 22.870961214777914, 53.692602103133765 ], [ 22.870787284150385, 53.692646714096249 ], [ 22.870666796181247, 53.692958801413596 ], [ 22.871126214300517, 53.693052462472323 ], [ 22.871139527760874, 53.693333343476034 ], [ 22.870965556315763, 53.69350280661542 ], [ 22.87074719547698, 53.693520652771831 ], [ 22.87072933707033, 53.693641059155297 ], [ 22.871331331891266, 53.693774820675138 ], [ 22.871514139771886, 53.693872910432482 ], [ 22.872298877070037, 53.694189544879336 ], [ 22.873244207475469, 53.694831630569617 ], [ 22.87395771170732, 53.694510599218276 ], [ 22.874488402360523, 53.694296558027197 ], [ 22.874782562494257, 53.694229658549474 ], [ 22.874947580382489, 53.694247512876089 ], [ 22.875134947735315, 53.694376810400456 ], [ 22.875299873132391, 53.694559604894486 ], [ 22.875473748630135, 53.694902988984367 ], [ 22.875781487693157, 53.694907477022738 ], [ 22.876084678550534, 53.694885116170809 ], [ 22.87634337383782, 53.694885157756978 ], [ 22.876410239094696, 53.6949253029982 ], [ 22.876486057965874, 53.695081336304256 ], [ 22.876441390350482, 53.695384556300191 ], [ 22.876539541614115, 53.695420236805717 ], [ 22.87716831151705, 53.695411340261828 ], [ 22.877444761732633, 53.695504979772217 ], [ 22.877618626962427, 53.695607486143672 ], [ 22.877725628406857, 53.695674386952952 ], [ 22.878430193929802, 53.695643151721256 ], [ 22.88069093769181, 53.695571845408431 ], [ 22.880989721461162, 53.695562931772081 ], [ 22.881110133281226, 53.695567409819553 ], [ 22.881466755987532, 53.695549554582982 ], [ 22.881796825439022, 53.695785880556528 ], [ 22.881685325920554, 53.695848321936481 ], [ 22.881502525368631, 53.695879544953094 ], [ 22.881333062195182, 53.69583046272372 ], [ 22.881047606079743, 53.696106919640918 ], [ 22.881324085699731, 53.696089138559977 ], [ 22.881364282510251, 53.69622737740282 ], [ 22.881306253572109, 53.69631205470278 ], [ 22.881319713719254, 53.696419094468034 ], [ 22.881422237922948, 53.696477029535821 ], [ 22.881636206798749, 53.696490433143673 ], [ 22.881694232044453, 53.696499354046601 ], [ 22.88164069067869, 53.696561736873718 ], [ 22.881685379715577, 53.696642057615826 ], [ 22.881796881500673, 53.696695565552801 ], [ 22.881863632763025, 53.696731192951589 ], [ 22.880467932278201, 53.697190529471619 ], [ 22.880731003014542, 53.697431275458271 ], [ 22.881123482948237, 53.697306405950833 ], [ 22.881533718407269, 53.697614085467734 ], [ 22.881663053270142, 53.697560625326844 ], [ 22.881823545902019, 53.69775680492338 ], [ 22.882024180849935, 53.697912857600485 ], [ 22.882202506672307, 53.698002067836121 ], [ 22.882367552684087, 53.698046628263072 ], [ 22.882657388604699, 53.698189345912894 ], [ 22.88273318463747, 53.698238432691404 ], [ 22.881168064068216, 53.698809168533799 ], [ 22.88143563633604, 53.699152482232826 ], [ 22.881386579541683, 53.69927290072318 ], [ 22.882091053332456, 53.699027662992918 ], [ 22.883134538505399, 53.698711094186756 ], [ 22.88333518186376, 53.698657591043094 ], [ 22.883682989459444, 53.698657574455417 ], [ 22.883731997576515, 53.699143567997645 ], [ 22.883723095366243, 53.699406696539519 ], [ 22.883714131320009, 53.699803519528359 ], [ 22.883999642251169, 53.700401071700476 ], [ 22.884084380167604, 53.701020900368448 ], [ 22.884271615977333, 53.702073190847962 ], [ 22.884293881309326, 53.702300627017451 ], [ 22.884369751922172, 53.70242104239172 ], [ 22.884458835481787, 53.70248788968749 ], [ 22.884570361045355, 53.702532491591931 ], [ 22.884815607101679, 53.702586052248002 ], [ 22.885310579877832, 53.702635075299042 ], [ 22.885569166497817, 53.702648487553397 ], [ 22.885769837747347, 53.702670769050798 ], [ 22.885979426835782, 53.702737621452478 ], [ 22.886108663919, 53.702813409037326 ], [ 22.886264779886094, 53.702965079041824 ], [ 22.886572513595471, 53.70320584325227 ], [ 22.886964857179009, 53.703500123189535 ], [ 22.887348400811266, 53.703647291765016 ], [ 22.88774517248223, 53.703839037135289 ], [ 22.888142080432825, 53.704097644433901 ], [ 22.889016019105352, 53.703776569535464 ], [ 22.889849905308683, 53.704655088760553 ], [ 22.890304748497815, 53.705154482598338 ], [ 22.891415115634164, 53.704788816082278 ], [ 22.891446366787722, 53.705127718672102 ], [ 22.891383829997892, 53.705662788603782 ], [ 22.889689333661686, 53.706229076402906 ], [ 22.889930226631797, 53.706478773579448 ], [ 22.890206640566788, 53.7069247017672 ], [ 22.890389516612711, 53.707272542707948 ], [ 22.890541064949907, 53.707468719270651 ], [ 22.891307991658071, 53.707250219397537 ], [ 22.891339306245595, 53.707901233784298 ], [ 22.891303567910832, 53.708128676982994 ], [ 22.891241198616328, 53.70864146418068 ], [ 22.891834204197831, 53.70848987084409 ], [ 22.893216564805975, 53.708231215913344 ], [ 22.893720467953383, 53.708766339397016 ], [ 22.893274490846167, 53.708926836803968 ], [ 22.893238904936148, 53.708998194180445 ], [ 22.893216623782806, 53.709149835905457 ], [ 22.893296780590372, 53.709270186653285 ], [ 22.893492994735649, 53.709435188285589 ], [ 22.893658052359161, 53.709448571002 ], [ 22.893836341746059, 53.709497626511983 ], [ 22.893983452158707, 53.709542221442319 ], [ 22.894166401127258, 53.709537763964846 ], [ 22.89429116239927, 53.70949315376857 ], [ 22.894402707286332, 53.709461947933782 ], [ 22.895450585994759, 53.710567811830785 ], [ 22.895499625971517, 53.710652514118742 ], [ 22.894389291394074, 53.710920054904939 ], [ 22.893546515470653, 53.711125210674503 ], [ 22.89254323690173, 53.711392734417167 ], [ 22.892275620662033, 53.71149974285553 ], [ 22.892712745361845, 53.711985820333481 ], [ 22.893149671812612, 53.712369322619622 ], [ 22.89393893589093, 53.712025958745215 ], [ 22.895334611302868, 53.71139273219493 ], [ 22.895834078318259, 53.711860916283982 ], [ 22.895504084334505, 53.712115085917915 ], [ 22.895035939437033, 53.712311323897119 ], [ 22.8950491934431, 53.712413893277734 ], [ 22.895334565663614, 53.712636835777126 ], [ 22.893671337537587, 53.713403789186913 ], [ 22.893796230169645, 53.713573215122821 ], [ 22.893970148995596, 53.713756083968093 ], [ 22.894264391384731, 53.714028077287459 ], [ 22.894380419534539, 53.714148460172559 ], [ 22.894960025666446, 53.713912127454151 ], [ 22.893778378869705, 53.714946612220452 ], [ 22.893992382298997, 53.715758198733845 ], [ 22.894384820333759, 53.717251965627995 ], [ 22.89442496985172, 53.717416988009482 ], [ 22.894861958507768, 53.719080260813108 ], [ 22.895147392428917, 53.720253004449873 ], [ 22.895370267545871, 53.72117598304213 ], [ 22.893470678561087, 53.722357683392694 ], [ 22.892864318592554, 53.722732252944141 ], [ 22.891954633790668, 53.723298497067141 ], [ 22.890986986488112, 53.72390051483967 ], [ 22.891406234027944, 53.724270634893863 ], [ 22.893064978953532, 53.725728777584088 ], [ 22.894161843357153, 53.726700801460133 ], [ 22.89476387159986, 53.727231447607444 ], [ 22.895330162199087, 53.727726405561548 ], [ 22.897029132263594, 53.72732064985577 ], [ 22.897947669174531, 53.727097690862472 ], [ 22.897983351317158, 53.727088755122217 ], [ 22.898687809649584, 53.726981771450951 ], [ 22.898723491696597, 53.726972835458092 ], [ 22.898808208295435, 53.726954981262111 ], [ 22.900110329329081, 53.726638384078505 ], [ 22.901555050995256, 53.726290589280985 ], [ 22.901541671301445, 53.727231482221754 ], [ 22.901532833039862, 53.727864674509661 ], [ 22.9015193296101, 53.728827800840911 ], [ 22.90194744488965, 53.728760930394849 ], [ 22.903249513546427, 53.728564773621478 ], [ 22.904560561440221, 53.728368537525633 ], [ 22.907231513441111, 53.727967215036905 ], [ 22.908894753690998, 53.727721950787078 ], [ 22.909157771237624, 53.727851254064014 ], [ 22.909924782729373, 53.728096578660306 ], [ 22.910571313921153, 53.728618225053246 ], [ 22.911690657144653, 53.729478839560407 ], [ 22.914169918666165, 53.728948254245601 ], [ 22.915092895708081, 53.728729748722394 ], [ 22.917188698972321, 53.728377481366074 ], [ 22.919324619543932, 53.727958282898129 ], [ 22.920238692406382, 53.727775508895654 ], [ 22.919940000013952, 53.729461008965458 ], [ 22.919583196852102, 53.731173287633723 ], [ 22.919302228991494, 53.732252426369769 ], [ 22.919137232328868, 53.733095181421071 ], [ 22.918851974932682, 53.734446320887159 ], [ 22.91847291808417, 53.736341422027287 ], [ 22.918169715152015, 53.737808417905853 ], [ 22.917652423373717, 53.74044376571856 ], [ 22.917242191094147, 53.742664391422636 ], [ 22.916970221012562, 53.744006615015699 ], [ 22.916203193696816, 53.747507010327737 ], [ 22.915792995762008, 53.750155744890222 ], [ 22.91569039646852, 53.750811222306737 ], [ 22.915498722511849, 53.752282712263892 ], [ 22.915030475264693, 53.754833266219983 ], [ 22.914794088297899, 53.75604168877193 ], [ 22.91435720047809, 53.757869981164966 ], [ 22.914107429575775, 53.759131919812226 ], [ 22.913746279292837, 53.760977957725196 ], [ 22.913456412734483, 53.762235434649355 ], [ 22.913153213298838, 53.763791650585333 ], [ 22.912760747613252, 53.765597594280656 ], [ 22.912729571969539, 53.765900793909914 ], [ 22.912787533152613, 53.766413550282174 ], [ 22.912916932941361, 53.766984374501668 ], [ 22.913180004234167, 53.768054550729424 ], [ 22.913541055947743, 53.769659791823074 ], [ 22.913897883761731, 53.771269506914159 ], [ 22.914205502996573, 53.772669679895493 ], [ 22.914419614920092, 53.773579354279967 ], [ 22.914709403546393, 53.774997330854049 ], [ 22.914918997819271, 53.775844569262595 ], [ 22.915284654121109, 53.77743202401836 ], [ 22.915454138967235, 53.778158867278727 ], [ 22.915935639031996, 53.78015656581362 ], [ 22.916381588177622, 53.781913461101993 ], [ 22.916631304807389, 53.782475297187275 ], [ 22.916858747806053, 53.782800764459829 ], [ 22.917286725444615, 53.783086169799816 ], [ 22.918000192413121, 53.783456286099366 ], [ 22.919110619083838, 53.78393340935623 ], [ 22.920421532757882, 53.784504151939061 ], [ 22.923070232360981, 53.785663554474517 ], [ 22.924265324708816, 53.786189698632015 ], [ 22.927792361810329, 53.787750390629547 ], [ 22.929277286132152, 53.788432659628249 ], [ 22.932117697526731, 53.789681196945828 ], [ 22.933727439151667, 53.790430273499659 ], [ 22.934449847786262, 53.790773653239192 ], [ 22.934842318912498, 53.790974320740283 ], [ 22.935560209197607, 53.791389004416807 ], [ 22.936505497134181, 53.792057851653311 ], [ 22.937232318880124, 53.792526090632585 ], [ 22.938271289311377, 53.793203856610937 ], [ 22.939791827251419, 53.794175996959112 ], [ 22.941544330428666, 53.79539772368728 ], [ 22.942413788475754, 53.796030907954737 ], [ 22.942904359008377, 53.795986332078925 ], [ 22.943207564490649, 53.795972996752319 ], [ 22.94355537010081, 53.795972962945541 ], [ 22.943836195431054, 53.795964053799651 ], [ 22.944068184358059, 53.795959575155074 ], [ 22.944282199332566, 53.795977437778951 ], [ 22.944402571142302, 53.796017604822069 ], [ 22.944523017329157, 53.796115651757788 ], [ 22.944629965424934, 53.796262773358045 ], [ 22.944759271540654, 53.796566039329981 ], [ 22.944781654263551, 53.796833597081161 ], [ 22.944701355367659, 53.797011941618031 ], [ 22.944576502724829, 53.797306234468614 ], [ 22.94459429334821, 53.797600520890079 ], [ 22.945365737669309, 53.798398762615534 ], [ 22.946560825305664, 53.799303941744654 ], [ 22.947122560023036, 53.799517954417034 ], [ 22.947822709355812, 53.799732022607806 ], [ 22.948915214003872, 53.800293809265654 ], [ 22.949048909338128, 53.80044542580189 ], [ 22.949209515501089, 53.800860120437704 ], [ 22.949343293897162, 53.801439851365146 ], [ 22.949468058570613, 53.801765313230419 ], [ 22.950333179565607, 53.802242506446376 ], [ 22.95062301446006, 53.802197833711844 ], [ 22.950868223476551, 53.80217108772127 ], [ 22.951238383627985, 53.802090872618741 ], [ 22.951755626187584, 53.801992779047957 ], [ 22.952246096604096, 53.801894663356748 ], [ 22.952807990766718, 53.801832246720515 ], [ 22.953187021691097, 53.801827727765499 ], [ 22.953401050806743, 53.801858960865182 ], [ 22.953601726313508, 53.801948167050611 ], [ 22.953802304103505, 53.802130981063378 ], [ 22.954725346209365, 53.803120915191769 ], [ 22.955260520163307, 53.803602507428003 ], [ 22.955537024194463, 53.803878984938208 ], [ 22.955924917911954, 53.804030552389456 ], [ 22.956999564397059, 53.804159907532174 ], [ 22.958850049239391, 53.804405093429096 ], [ 22.959706230244471, 53.804463071452098 ], [ 22.960919138585496, 53.804530016216617 ], [ 22.962078376855967, 53.804592390871996 ], [ 22.96303277027604, 53.804730670539762 ], [ 22.963781781542327, 53.804828718159598 ], [ 22.964642447681513, 53.804980315643633 ], [ 22.96631910405733, 53.805288057346871 ], [ 22.967661277281881, 53.805560028879604 ], [ 22.967977819801252, 53.805109716383853 ], [ 22.968272208158776, 53.804601334550526 ], [ 22.968624392627987, 53.80387449101449 ], [ 22.968664517923703, 53.803794220192714 ], [ 22.968526278806049, 53.803771932527965 ], [ 22.968548624409582, 53.803624749260173 ], [ 22.968428180548258, 53.80361583715132 ], [ 22.968009077714783, 53.803513295407136 ], [ 22.96780842653429, 53.803531167315093 ], [ 22.967670207489942, 53.803517797171452 ], [ 22.967482842076848, 53.803455308920732 ], [ 22.967224247039717, 53.803370643380305 ], [ 22.966938812335449, 53.803285887619474 ], [ 22.966751603469223, 53.80323683793803 ], [ 22.966608911680446, 53.803205651082543 ], [ 22.966220869125063, 53.803143192109403 ], [ 22.965984602024808, 53.803085243067883 ], [ 22.96574375923765, 53.803054022010457 ], [ 22.965529796072261, 53.803045100526539 ], [ 22.965315799195434, 53.803018341252894 ], [ 22.965097258927141, 53.802969319250323 ], [ 22.964892161015673, 53.802884605575706 ], [ 22.964669153745486, 53.802790912750602 ], [ 22.964406018474723, 53.802679432186814 ], [ 22.964477376668032, 53.802278138960084 ], [ 22.963376022800833, 53.802202364750109 ], [ 22.963193253065732, 53.802144368116743 ], [ 22.962497664314281, 53.802015074881389 ], [ 22.962105135617232, 53.801876801958407 ], [ 22.962051744128996, 53.801858980778931 ], [ 22.961329339643182, 53.801355135501872 ], [ 22.96121341395062, 53.801279267105421 ], [ 22.961039529624564, 53.800837854441987 ], [ 22.959264762329799, 53.80043208960771 ], [ 22.958034072914479, 53.800298335998853 ], [ 22.95658034191861, 53.799932685503393 ], [ 22.955510274799291, 53.799696338499011 ], [ 22.955385389952561, 53.799669595209217 ], [ 22.953396569798223, 53.799352980954318 ], [ 22.951572770913533, 53.798933851642602 ], [ 22.950431251185581, 53.797836857792973 ], [ 22.949887264323351, 53.797538124011631 ], [ 22.949200641825172, 53.797159115799595 ], [ 22.948794807009367, 53.796891536151712 ], [ 22.948696674096144, 53.796757765037071 ], [ 22.94863429412543, 53.796610657055155 ], [ 22.948536149162788, 53.796512483899839 ], [ 22.948411315584302, 53.79641890965798 ], [ 22.948406893698653, 53.796347562833454 ], [ 22.948393524875367, 53.79572774728743 ], [ 22.948754646871365, 53.795259482839619 ], [ 22.948812664247452, 53.795041029820489 ], [ 22.949271966181776, 53.794951834547078 ], [ 22.949548410432271, 53.79489831707037 ], [ 22.949691119915677, 53.794452441706909 ], [ 22.950181551208004, 53.794198228405051 ], [ 22.950315303396753, 53.792664313562902 ], [ 22.950346512809006, 53.792267449826483 ], [ 22.949655324063063, 53.792196104090415 ], [ 22.949744638928973, 53.791562940889435 ], [ 22.950114723408131, 53.790185053072697 ], [ 22.950738915444418, 53.788044677004343 ], [ 22.95089947632259, 53.787300007981393 ], [ 22.950551611199362, 53.786867492142868 ], [ 22.950832586187801, 53.786675760501105 ], [ 22.950529346887464, 53.786626699140577 ], [ 22.94997194454989, 53.786644503544316 ], [ 22.950145898903887, 53.786220957987993 ], [ 22.950190554297251, 53.786113918126141 ], [ 22.949744568818243, 53.786051432449028 ], [ 22.949936297187058, 53.785560992992941 ], [ 22.950168213764488, 53.785070488494647 ], [ 22.950199416556689, 53.784838584509934 ], [ 22.950266346028993, 53.784624566124116 ], [ 22.950355493290434, 53.784544311859804 ], [ 22.950466950304861, 53.784499690934503 ], [ 22.950573957172605, 53.784486311116126 ], [ 22.950721172958449, 53.784557680202596 ], [ 22.950899451757159, 53.784624527923484 ], [ 22.951220478877993, 53.784664659376617 ], [ 22.951439088957489, 53.784579956757447 ], [ 22.951550528749305, 53.784486281823561 ], [ 22.951710975908856, 53.78434808614503 ], [ 22.95184478042043, 53.783821946628727 ], [ 22.952103372504482, 53.782809708692447 ], [ 22.95212126397568, 53.782742788625278 ], [ 22.955300630663583, 53.782078440731588 ], [ 22.954961767825161, 53.782024875199973 ], [ 22.954752145962797, 53.781873250141359 ], [ 22.954649592408892, 53.781708315451574 ], [ 22.95422155500513, 53.781703882276481 ], [ 22.954435577945322, 53.781217779118727 ], [ 22.954439983269744, 53.780941361779668 ], [ 22.954359769867569, 53.780789757125156 ], [ 22.954270548055636, 53.780633675872487 ], [ 22.954261603657201, 53.780522158494719 ], [ 22.954297287739646, 53.78044194101593 ], [ 22.954604947743622, 53.78028582595973 ], [ 22.95498851154899, 53.780174368793219 ], [ 22.955786704004545, 53.779666067263157 ], [ 22.95667402411954, 53.779652688094707 ], [ 22.956856829414683, 53.779072945086035 ], [ 22.956954876190505, 53.778635971075346 ], [ 22.957222497102258, 53.777744175373826 ], [ 22.95749007350036, 53.776941495454615 ], [ 22.957543588684175, 53.776705186674185 ], [ 22.956607181895993, 53.77607648005651 ], [ 22.954832413634715, 53.776103198637962 ], [ 22.954087709593374, 53.776045289642852 ], [ 22.953624033968786, 53.776031886504121 ], [ 22.953913860076607, 53.775559190230595 ], [ 22.954382014049173, 53.775527969341134 ], [ 22.957659454728976, 53.775425407260016 ], [ 22.957614896566199, 53.774743225335307 ], [ 22.960022746178577, 53.774720883070444 ], [ 22.960027317093665, 53.774395396613158 ], [ 22.958725198706698, 53.774471173837711 ], [ 22.958537892404468, 53.77383802375963 ], [ 22.958573609247942, 53.773182484657802 ], [ 22.959541237877456, 53.773142344703089 ], [ 22.959487725533393, 53.773035378349157 ], [ 22.959211279226437, 53.772469031546926 ], [ 22.958983857900023, 53.772009773680459 ], [ 22.960945833011216, 53.771648568918806 ], [ 22.962069518648608, 53.771809103422441 ], [ 22.962738331715943, 53.77202758938089 ], [ 22.962832083239057, 53.772058838978239 ], [ 22.962885573229638, 53.772023115129457 ], [ 22.962898931717621, 53.77201420885163 ], [ 22.9634786114826, 53.77169312650782 ], [ 22.963487480930532, 53.771688711781209 ], [ 22.963581183998031, 53.771635158993732 ], [ 22.963830909001654, 53.771496927980685 ], [ 22.965378113453703, 53.77176449361415 ], [ 22.96604265069687, 53.7718314267089 ], [ 22.966171889578941, 53.77176448374356 ], [ 22.967759422110124, 53.771363207192444 ], [ 22.966863058939097, 53.770342082756954 ], [ 22.965583216017677, 53.768817025950881 ], [ 22.965132929128956, 53.768210645267345 ], [ 22.96502143258224, 53.767996583075018 ], [ 22.964954599013161, 53.767742373103452 ], [ 22.964936702077953, 53.767425819368448 ], [ 22.965043747083659, 53.767028944012949 ], [ 22.965538701669395, 53.765949826504375 ], [ 22.965966853335033, 53.76500451481386 ], [ 22.966439424490382, 53.763947682824231 ], [ 22.967482895887258, 53.761517455195772 ], [ 22.968169579003018, 53.759863208825422 ], [ 22.968923185276939, 53.758048329676328 ], [ 22.968954441687181, 53.757914553567545 ], [ 22.966439490984225, 53.757687135079195 ], [ 22.965217672274683, 53.75759352098374 ], [ 22.964419533410272, 53.757535541054807 ], [ 22.964316960819232, 53.756251297130525 ], [ 22.964205411178671, 53.754824393051926 ], [ 22.964125185539896, 53.753830004609327 ], [ 22.96408507245425, 53.753196844490525 ], [ 22.964031495944813, 53.752398666255672 ], [ 22.963924497927849, 53.750757725952553 ], [ 22.963888865537214, 53.750267213971682 ], [ 22.963839783783133, 53.749558191111824 ], [ 22.963799679167497, 53.748960642052765 ], [ 22.963764013952296, 53.748483522381605 ], [ 22.963710443205908, 53.747716599652463 ], [ 22.963705972724505, 53.747640760080131 ], [ 22.963590107714221, 53.746089037618567 ], [ 22.963487461665459, 53.744260758190457 ], [ 22.963385009194791, 53.742494977202902 ], [ 22.963915624882929, 53.742544025500855 ], [ 22.964076167438048, 53.742566296270653 ], [ 22.964299120891862, 53.742597542855705 ], [ 22.965556497134376, 53.742766990478898 ], [ 22.966301194186816, 53.742865060943672 ], [ 22.967910890547866, 53.743083548094098 ], [ 22.968026912199615, 53.742936423271154 ], [ 22.96826329900836, 53.742463781327061 ], [ 22.968548566021486, 53.742539586483232 ], [ 22.968579789758596, 53.742401297697143 ], [ 22.968468335152988, 53.742022299598595 ], [ 22.968298905955724, 53.741661139762222 ], [ 22.968165080939993, 53.741580859747522 ], [ 22.96785747466722, 53.741509483845334 ], [ 22.967710261045205, 53.741389083367054 ], [ 22.967607744657329, 53.741259823861917 ], [ 22.967598896458899, 53.741157255895182 ], [ 22.967647838025243, 53.741063634327439 ], [ 22.967438263020391, 53.741010114487821 ], [ 22.968089323135313, 53.740381391513189 ], [ 22.968330097676127, 53.740452725438125 ], [ 22.968526380617728, 53.739792775835753 ], [ 22.968481696873152, 53.739529646595329 ], [ 22.968361272776448, 53.739351309606917 ], [ 22.968811702113356, 53.738883139345894 ], [ 22.968985570432391, 53.738918787468101 ], [ 22.969172914406172, 53.738758211121386 ], [ 22.969453848307392, 53.738642342321278 ], [ 22.96980609865545, 53.738557591142992 ], [ 22.970243073458956, 53.738682423976854 ], [ 22.970483860069695, 53.738490677532241 ], [ 22.970840649488952, 53.738557603378837 ], [ 22.972089102437263, 53.737268931684468 ], [ 22.973779130766786, 53.737424981114977 ], [ 22.97403334030189, 53.736751655474983 ], [ 22.97258413514108, 53.736653553292271 ], [ 22.971081367616151, 53.736577711268673 ], [ 22.971433716427626, 53.736038209278064 ], [ 22.970648875389408, 53.735824130131434 ], [ 22.97152736063628, 53.734892224222286 ], [ 22.973957533129688, 53.732412933152787 ], [ 22.975709848553986, 53.7306292974665 ], [ 22.977662994630514, 53.728658389158284 ], [ 22.977935060309481, 53.728359634282093 ], [ 22.982996151940728, 53.728939298623828 ], [ 22.985426338924235, 53.730544601599391 ], [ 22.985346084731027, 53.732867773600127 ], [ 22.985742901468477, 53.733019362157073 ], [ 22.986224522137043, 53.733260157943931 ], [ 22.987071715690501, 53.733790836687447 ], [ 22.987584455784582, 53.733964680241009 ], [ 22.988181979804104, 53.734348174586216 ], [ 22.989113932787259, 53.734227778439838 ], [ 22.98914522218962, 53.735935589474437 ], [ 22.989662408193951, 53.736203194968404 ], [ 22.990224327880387, 53.73634584995807 ], [ 22.991744905195503, 53.736738268145814 ], [ 22.992221991304476, 53.736715930097809 ], [ 22.992275421365196, 53.736916640318448 ], [ 22.993234193432158, 53.73688099170905 ], [ 22.99332340455182, 53.737121748783281 ], [ 22.994741423556484, 53.73697907271734 ], [ 22.994594199180209, 53.736475162388032 ], [ 22.994999967313081, 53.736430622479112 ], [ 22.995312112524729, 53.736408264217488 ], [ 22.995539482007452, 53.736417223690673 ], [ 22.99582941096163, 53.736501976579838 ], [ 22.99598984981154, 53.736457353451115 ], [ 22.996547263926693, 53.736332466139118 ], [ 22.997051226068361, 53.736292341909973 ], [ 22.997323192912845, 53.736261153378109 ], [ 22.997229626528433, 53.735833091746635 ], [ 22.997456912967515, 53.735775109672041 ], [ 22.997679899328798, 53.735761701078623 ], [ 22.997889490857091, 53.735757296798631 ], [ 22.998067828905281, 53.735645764011068 ], [ 22.997934073076006, 53.735471890873342 ], [ 22.997773586964815, 53.735298009883266 ], [ 22.997621977898877, 53.735248897027333 ], [ 22.99753272983229, 53.735186548939055 ], [ 22.997461473695633, 53.735088393384359 ], [ 22.997421326676378, 53.734990321453161 ], [ 22.997372268351349, 53.734878844870416 ], [ 22.997327670188245, 53.734776255110738 ], [ 22.997300889358034, 53.73467818763632 ], [ 22.997318754286383, 53.734557797360061 ], [ 22.997479240862152, 53.734450754146017 ], [ 22.997621940001363, 53.734388304527982 ], [ 22.997876183251368, 53.734325913100946 ], [ 22.998157076883185, 53.734299119389476 ], [ 22.998344348794564, 53.734330347486029 ], [ 22.998901741493441, 53.734687057273518 ], [ 22.999231669361169, 53.734918935589413 ], [ 22.999356468617481, 53.734843149919449 ], [ 22.999530426191583, 53.734789665438726 ], [ 22.999708743979017, 53.734811953797966 ], [ 22.999806867139871, 53.73483421934651 ], [ 23.000551538288498, 53.7351329970477 ], [ 23.000310721665656, 53.735650257264354 ], [ 23.000636354999461, 53.735801891926684 ], [ 23.001456715193314, 53.73653760543354 ], [ 23.001189257965319, 53.73812502295948 ], [ 23.001510249750009, 53.73828110091555 ], [ 23.002130106992254, 53.737710330594624 ], [ 23.002192469999606, 53.737193080075023 ], [ 23.002932755376587, 53.737019157769446 ], [ 23.003227071985716, 53.738637876135854 ], [ 23.010236671488414, 53.740425942098014 ], [ 23.011195394891995, 53.74078267285644 ], [ 23.012212207889082, 53.740662300562853 ], [ 23.013741620211, 53.740260970017559 ], [ 23.014459546100149, 53.740153913506184 ], [ 23.015039176659513, 53.740051352497296 ], [ 23.015605469300983, 53.740131662660069 ], [ 23.016787200203385, 53.740457160782356 ], [ 23.018428063077444, 53.740653345222093 ], [ 23.020242931756037, 53.740840651990212 ], [ 23.020265186864652, 53.740524043409003 ], [ 23.022976395179292, 53.740448280397402 ], [ 23.022806914472934, 53.7395609267504 ], [ 23.026775543573468, 53.739476140653878 ], [ 23.029794411069979, 53.740269880948674 ], [ 23.029299396898541, 53.742231910166375 ], [ 23.029027422691478, 53.742633173841277 ], [ 23.028733016246345, 53.743177210730479 ], [ 23.028679539085029, 53.743275305596967 ], [ 23.028122120766362, 53.74425184234596 ], [ 23.027676312471979, 53.745125848725095 ], [ 23.027489062813643, 53.745598511834075 ], [ 23.026722010985658, 53.747391068909643 ], [ 23.025972825938563, 53.748064366012841 ], [ 23.025656347649136, 53.748483576452827 ], [ 23.025518111272156, 53.748679728625014 ], [ 23.025647445803038, 53.748884868080523 ], [ 23.025683021656455, 53.749036439318843 ], [ 23.025130148223326, 53.749562667096214 ], [ 23.025339636054152, 53.750186907804917 ], [ 23.026392070460982, 53.750236009049324 ], [ 23.03129709481361, 53.750463366807971 ], [ 23.033829811549502, 53.750579290374183 ], [ 23.037089483192208, 53.750735402536847 ], [ 23.040964411800324, 53.750913724660577 ], [ 23.042453729863983, 53.752006224787529 ], [ 23.04287739269618, 53.752322806534458 ], [ 23.044652098930943, 53.753620389998218 ], [ 23.045633057714635, 53.752938163586784 ], [ 23.047247279462876, 53.753232454860004 ], [ 23.047251740995968, 53.753236971578723 ], [ 23.048678698037051, 53.75439634552783 ], [ 23.051452163998047, 53.754646045886666 ], [ 23.052022989158203, 53.754476609908771 ], [ 23.055224587482254, 53.753531224582552 ], [ 23.055126462901242, 53.75342870508986 ], [ 23.054243631751913, 53.752514547960004 ], [ 23.053329492877207, 53.751618299873734 ], [ 23.052326257607106, 53.750543647350412 ], [ 23.051510215373405, 53.749147963250948 ], [ 23.051438843901394, 53.74902751699311 ], [ 23.050926092613416, 53.748158036687521 ], [ 23.054618183818803, 53.74882242642299 ], [ 23.060490857734933, 53.749883678484316 ], [ 23.06911919327003, 53.751439890148056 ], [ 23.073364212895505, 53.752452167341723 ], [ 23.0744032324565, 53.752701844170126 ], [ 23.074840236674156, 53.75279997296483 ], [ 23.076284956242425, 53.753143280508517 ], [ 23.076842323289799, 53.753272664515556 ], [ 23.084810764928474, 53.755167724276014 ], [ 23.086915361583692, 53.75566713614942 ], [ 23.086888630686413, 53.75570729454757 ], [ 23.086514091231848, 53.756353895622532 ], [ 23.086407031166114, 53.756514382452266 ], [ 23.085100645538049, 53.758663661805059 ], [ 23.084757296469171, 53.75918094663033 ], [ 23.08433805339191, 53.759809700505066 ], [ 23.082741683710001, 53.762199704932065 ], [ 23.0830493974827, 53.762288945915188 ], [ 23.085265591495506, 53.763162885661067 ], [ 23.087990108632919, 53.764250959306757 ], [ 23.089590932793755, 53.764861797143851 ], [ 23.089746979126833, 53.764924208266187 ], [ 23.089907532359341, 53.764986665521704 ], [ 23.093180490020217, 53.766293199399215 ], [ 23.09618594557892, 53.76749267951935 ], [ 23.098919387847744, 53.768585154930193 ], [ 23.102384024167446, 53.769066774049278 ], [ 23.105246844772026, 53.767635393128444 ], [ 23.108448421199782, 53.767983181561512 ], [ 23.10975048929533, 53.768121448353348 ], [ 23.113460425612818, 53.768518275040897 ], [ 23.113852837375489, 53.768549542478041 ], [ 23.116100175352319, 53.768335440630644 ], [ 23.117897331905812, 53.768166019281203 ], [ 23.122574917840044, 53.767715667033158 ], [ 23.125986087751969, 53.768558450442214 ], [ 23.130217715414414, 53.769557236489206 ], [ 23.133535371403369, 53.770324238766712 ], [ 23.135403664617328, 53.769624110004067 ], [ 23.13646042822252, 53.769227263992732 ], [ 23.139220609025585, 53.768188292013299 ], [ 23.142431279642871, 53.766984372693344 ], [ 23.142783494225935, 53.767309878657578 ], [ 23.143425636114788, 53.767902969351574 ], [ 23.146052054136312, 53.76726970137419 ], [ 23.150181136169373, 53.766962039731681 ], [ 23.151563528195862, 53.767341102418804 ], [ 23.151701737834259, 53.767376721396865 ], [ 23.152178834287486, 53.767225111735286 ], [ 23.152999259064817, 53.767006652619038 ], [ 23.15306616380882, 53.766988811485788 ], [ 23.153472007385766, 53.767167199825025 ], [ 23.154100763292643, 53.767118114213595 ], [ 23.155447283946437, 53.766747998238017 ], [ 23.155817451361408, 53.766645477283134 ], [ 23.156481833272672, 53.766462657500931 ], [ 23.15677617007972, 53.766382334265806 ], [ 23.159652295052258, 53.765584189675678 ], [ 23.161141591814868, 53.765089222704169 ], [ 23.162622101347445, 53.764594274269712 ], [ 23.163701178989445, 53.76576255496277 ], [ 23.163834874908812, 53.765900771732888 ], [ 23.164245160573614, 53.766346715592483 ], [ 23.165012065121196, 53.76600780062217 ], [ 23.165070110359895, 53.765985545027867 ], [ 23.165181558153428, 53.765932004152248 ], [ 23.167156933967391, 53.7650579954501 ], [ 23.166742308666226, 53.763876349192323 ], [ 23.166688775805312, 53.76372029614884 ], [ 23.166242844767325, 53.762444948800436 ], [ 23.166755707745541, 53.762079353885518 ], [ 23.1668091022695, 53.762039231228357 ], [ 23.167602832967837, 53.76159777445821 ], [ 23.167879331920378, 53.761441683224 ], [ 23.168566067173067, 53.761031413610027 ], [ 23.169774453537073, 53.760161937956077 ], [ 23.170184668157532, 53.759867591282877 ], [ 23.170817876803934, 53.759412835886323 ], [ 23.172325138371974, 53.758289118152739 ], [ 23.172498951347322, 53.758155371711894 ], [ 23.173100890188319, 53.757718361436375 ], [ 23.174545701177312, 53.756634750502435 ], [ 23.174795343917069, 53.756460845164021 ], [ 23.175281515940682, 53.756117547195878 ], [ 23.176280254237675, 53.755377340118969 ], [ 23.177814250934858, 53.75424467858052 ], [ 23.178902179440055, 53.753424197479511 ], [ 23.179539860690738, 53.752942664971435 ], [ 23.180561013213726, 53.752153390780229 ], [ 23.179990246058594, 53.751595967866344 ], [ 23.179267807134988, 53.750891447320896 ], [ 23.17909393150714, 53.750717552867073 ], [ 23.178866564602412, 53.750499015977979 ], [ 23.178741749013049, 53.750378632745488 ], [ 23.178313623579267, 53.749963954778266 ], [ 23.177524357752418, 53.749196968474457 ], [ 23.177555553637756, 53.749170211776288 ], [ 23.177626919183012, 53.74911224122112 ], [ 23.179192038689063, 53.747805771200255 ], [ 23.180404907938755, 53.746798008468126 ], [ 23.181390424309967, 53.747395551149431 ], [ 23.182826247366709, 53.746624062443665 ], [ 23.184627761451434, 53.745656502277761 ], [ 23.185885173558926, 53.74499210646723 ], [ 23.186678849710781, 53.744568455754525 ], [ 23.18911351968476, 53.74327976873132 ], [ 23.190594057637473, 53.742490542559494 ], [ 23.191155807139406, 53.742196224996697 ], [ 23.191258426564698, 53.742138246676767 ], [ 23.191748919907209, 53.741875196433334 ], [ 23.192462347733379, 53.741496156415586 ], [ 23.192917163637599, 53.741255352291645 ], [ 23.194317391725686, 53.740506190916676 ], [ 23.194665160681343, 53.740318927486143 ], [ 23.196698480569918, 53.739226424461954 ], [ 23.199231327709839, 53.737879793709276 ], [ 23.199668230125809, 53.73800914468076 ], [ 23.200368360822896, 53.738111637329254 ], [ 23.200925807871915, 53.738116158945729 ], [ 23.201371665694424, 53.738067103299883 ], [ 23.202887801718251, 53.73736700525216 ], [ 23.203614504737498, 53.737719277157176 ], [ 23.204296836615772, 53.737433915004452 ], [ 23.204620573555157, 53.737260491291075 ], [ 23.208788023381857, 53.739165767238433 ], [ 23.209509534946356, 53.739931010412072 ], [ 23.210459336577181, 53.740961051976569 ], [ 23.211359969762867, 53.740943212038665 ], [ 23.211988783255322, 53.74087183769052 ], [ 23.21237673205113, 53.740827233378404 ], [ 23.212996550324391, 53.740791557522172 ], [ 23.214004211365332, 53.740849550082451 ], [ 23.214664190041198, 53.741126014622466 ], [ 23.215475728907695, 53.741522865286171 ], [ 23.217027558962716, 53.742258594338828 ], [ 23.218204764678429, 53.742789262525818 ], [ 23.21926607324848, 53.743221822805772 ], [ 23.219823485124277, 53.743426939175606 ], [ 23.22028709256951, 53.743565133923049 ], [ 23.221575868329204, 53.743846042404698 ], [ 23.223074045430909, 53.744180534040211 ], [ 23.225883265442253, 53.744764638164128 ], [ 23.226730604192586, 53.744907339086467 ], [ 23.227769451047504, 53.744920696785272 ], [ 23.229142975042102, 53.744951924255822 ], [ 23.23060102665421, 53.744996552329063 ], [ 23.232375780728724, 53.745036631073496 ], [ 23.234244142558104, 53.745108017825672 ], [ 23.236228394976667, 53.745152583377255 ], [ 23.237575112844624, 53.745170470331644 ], [ 23.239795653730727, 53.745250700675655 ], [ 23.240816934982707, 53.745228415392212 ], [ 23.24144114463483, 53.745237290817649 ], [ 23.242778829201541, 53.745290838959129 ], [ 23.244584806763498, 53.745371074960623 ], [ 23.2471265226805, 53.745455837660657 ], [ 23.248927941388661, 53.745522674673843 ], [ 23.250194359407672, 53.745576210314077 ], [ 23.253132919860548, 53.745638615888851 ], [ 23.253931082992487, 53.745660970096523 ], [ 23.25656631967518, 53.745763477097967 ], [ 23.258532853052305, 53.74587493076654 ], [ 23.260963015598701, 53.745968605396655 ], [ 23.263183763840058, 53.746035485760324 ], [ 23.264851428006928, 53.746084508870268 ], [ 23.266456682885782, 53.746138076635411 ], [ 23.267633871676356, 53.746187137792859 ], [ 23.269413114654974, 53.746240615047959 ], [ 23.2708711933834, 53.74626740520587 ], [ 23.273163126849134, 53.746329826737991 ], [ 23.27491558232418, 53.746369893686605 ], [ 23.276360399453267, 53.746396708961946 ], [ 23.277550932759546, 53.746441270229546 ], [ 23.280650079715588, 53.746490347330493 ], [ 23.282192812024217, 53.74653044044895 ], [ 23.283329889094972, 53.746548268488858 ], [ 23.28583152414188, 53.746610741708096 ], [ 23.289108963079556, 53.746615207661662 ], [ 23.292399769132789, 53.746664197953635 ], [ 23.294022851123838, 53.74667756948412 ], [ 23.297616892490254, 53.746677632422234 ], [ 23.297875437483988, 53.746677594906096 ], [ 23.301005724680905, 53.746726644883985 ], [ 23.302611027563042, 53.746913923210386 ], [ 23.304020206281127, 53.747172550571577 ], [ 23.304751505037952, 53.747114610687362 ], [ 23.305157163573281, 53.747078908367499 ], [ 23.305509490468435, 53.74702990784408 ], [ 23.305843877006946, 53.746962965730972 ], [ 23.306098100580613, 53.746864861290604 ], [ 23.306294377054382, 53.746744514552539 ], [ 23.306486048296417, 53.746610754665078 ], [ 23.306820433266488, 53.746329827431929 ], [ 23.307092487827099, 53.746129121255443 ], [ 23.307458171534499, 53.745825914844815 ], [ 23.307966457341131, 53.745473621888905 ], [ 23.308247436341752, 53.745339896193684 ], [ 23.308505980410864, 53.745210604095632 ], [ 23.308755771205742, 53.745125835779795 ], [ 23.308898443505289, 53.745076822001117 ], [ 23.309103487946501, 53.745058944268791 ], [ 23.309629718022055, 53.745045551935419 ], [ 23.310958496058358, 53.745009872404474 ], [ 23.311970784245979, 53.744974249572927 ], [ 23.312960689410588, 53.744920715600244 ], [ 23.314949400227508, 53.744849352275679 ], [ 23.31849883855902, 53.744729002002657 ], [ 23.319261372433377, 53.744688877218081 ], [ 23.320420762235106, 53.744666539689156 ], [ 23.321490870006809, 53.74466210793139 ], [ 23.322681447366392, 53.744621952237772 ], [ 23.323680286336124, 53.744581806111007 ], [ 23.327648928486294, 53.744439144553255 ], [ 23.32938352154666, 53.744385629224624 ], [ 23.330489406425674, 53.744341004151217 ], [ 23.331439128169798, 53.744296441450288 ], [ 23.334128070729875, 53.744238482355406 ], [ 23.334774514147949, 53.744207244293278 ], [ 23.335002050679119, 53.744207280873951 ], [ 23.335229405150411, 53.744202801133447 ], [ 23.33634422883738, 53.744158204037511 ], [ 23.336852543219333, 53.744167105782502 ], [ 23.337949428785553, 53.744189404912966 ], [ 23.338863533586789, 53.744198340500802 ], [ 23.338952748319063, 53.744198371984851 ], [ 23.339470010934843, 53.74418055230079 ], [ 23.341128867922784, 53.744131490174375 ], [ 23.343073014370177, 53.744069048715474 ], [ 23.346720460673524, 53.743962026528827 ], [ 23.349810700662431, 53.743837192654361 ], [ 23.352856282802691, 53.743752466039652 ], [ 23.354153736346468, 53.744037796279649 ], [ 23.357377726302506, 53.745090139137623 ], [ 23.35841221178465, 53.745148130735622 ], [ 23.360900537355402, 53.745286391999414 ], [ 23.361497935584673, 53.745326493490396 ], [ 23.361587168326423, 53.745326503917546 ], [ 23.362960607190907, 53.745362190389208 ], [ 23.36709861213275, 53.745513764466281 ], [ 23.368088548134246, 53.74554056519716 ], [ 23.368128592440566, 53.745540546564904 ], [ 23.369604625622127, 53.745602921851827 ], [ 23.369992502656117, 53.745571775701862 ], [ 23.370737252590871, 53.745451321174876 ], [ 23.371927854865099, 53.745050064709694 ], [ 23.374946598306295, 53.744077912861094 ], [ 23.377211913354024, 53.743315457689931 ], [ 23.380261874880841, 53.742173885092683 ], [ 23.382531577659094, 53.741340068292558 ], [ 23.385055407250363, 53.740359025279467 ], [ 23.386018576466931, 53.740011235790682 ], [ 23.38704421846332, 53.739569801450877 ], [ 23.387030751778099, 53.739471685540231 ], [ 23.386508981780484, 53.73880281109453 ], [ 23.386303945339208, 53.738789485797874 ], [ 23.386286156168616, 53.738691386934207 ], [ 23.386143349739392, 53.738588769801275 ], [ 23.386040842183245, 53.738499648695104 ], [ 23.385866965256486, 53.738303424352821 ], [ 23.385987344878941, 53.738258804053515 ], [ 23.385766063058156, 53.737880626394748 ], [ 23.385768812939371, 53.737879817673246 ], [ 23.385661804744686, 53.737661309173646 ], [ 23.385504350371409, 53.737418688862427 ], [ 23.385956101922037, 53.73730906462005 ], [ 23.386272800081162, 53.737233237281941 ], [ 23.38590257683466, 53.736693660920039 ], [ 23.386317278468677, 53.736577740143034 ], [ 23.386205814385441, 53.73643949992293 ], [ 23.386195446308044, 53.736419701074652 ], [ 23.386205880461258, 53.736417241708345 ], [ 23.386041469544644, 53.73612566752724 ], [ 23.385911607945356, 53.735877684222054 ], [ 23.386044746507032, 53.734956568460532 ], [ 23.386243291794894, 53.734756480563306 ], [ 23.386442163362059, 53.73471384387085 ], [ 23.386500185307035, 53.734700475287291 ], [ 23.386498922372102, 53.734691854983609 ], [ 23.386500184861767, 53.734691542707374 ], [ 23.386479272830588, 53.734518666058996 ], [ 23.386933279169678, 53.734061132290798 ], [ 23.387503427271508, 53.733960212609489 ], [ 23.387140877298265, 53.733851921216271 ], [ 23.389104307141981, 53.731873236388239 ], [ 23.389278161889642, 53.731793164188197 ], [ 23.390415248996963, 53.731275901343686 ], [ 23.390106639173879, 53.730863116678329 ], [ 23.390304701821474, 53.73066351517128 ], [ 23.390553475525682, 53.73055792599736 ], [ 23.390718437871122, 53.730495519779218 ], [ 23.390905701103716, 53.730401890454054 ], [ 23.391133185958864, 53.730303815731219 ], [ 23.391547862166107, 53.730103104762065 ], [ 23.391779671930749, 53.73002287658845 ], [ 23.392149805285097, 53.729862353496891 ], [ 23.392377219498623, 53.729768668925054 ], [ 23.393277986892599, 53.729385250668628 ], [ 23.393563282998983, 53.729255888102166 ], [ 23.394209930079146, 53.728970520326513 ], [ 23.394718249687156, 53.728752048690545 ], [ 23.395141862159285, 53.728569181500006 ], [ 23.395819630064977, 53.728270462465481 ], [ 23.396038196107586, 53.728181222069502 ], [ 23.396354803662376, 53.728034092640691 ], [ 23.396818501635877, 53.727842332446066 ], [ 23.396863104944899, 53.727815613131554 ], [ 23.396894362892052, 53.727797777963254 ], [ 23.396943331224609, 53.727699662598567 ], [ 23.397032499571395, 53.727507956338989 ], [ 23.397144073786198, 53.727258207803466 ], [ 23.397193104313537, 53.727151235267335 ], [ 23.397259903592829, 53.726977281902286 ], [ 23.39730003879988, 53.726892549410429 ], [ 23.397344696025876, 53.726834643636906 ], [ 23.397366928359641, 53.726816744536684 ], [ 23.397411535099774, 53.726803422687404 ], [ 23.397473993622146, 53.726798939140572 ], [ 23.397634563090211, 53.726785591248053 ], [ 23.39781737162647, 53.726772206961115 ], [ 23.398124972277913, 53.726740948066372 ], [ 23.398263236079273, 53.726727561587644 ], [ 23.398397054513691, 53.726714216701161 ], [ 23.39848614100389, 53.726705287596872 ], [ 23.398557557467459, 53.726700793539301 ], [ 23.398628857572124, 53.726709721841402 ], [ 23.398740390234714, 53.726745462375014 ], [ 23.398807300042321, 53.726754333446685 ], [ 23.398847401670753, 53.726758842037661 ], [ 23.398936610278131, 53.726749887368243 ], [ 23.399012415690102, 53.726740984302658 ], [ 23.399114968898203, 53.726723145176635 ], [ 23.39923080348715, 53.726705279378052 ], [ 23.399324522580081, 53.726691890541986 ], [ 23.399404836535048, 53.726674087604465 ], [ 23.399502879227626, 53.726660681914197 ], [ 23.399636704015869, 53.726660732583575 ], [ 23.399801722091283, 53.726651805037683 ], [ 23.399930967862396, 53.726651749629909 ], [ 23.40002908157506, 53.72664734867039 ], [ 23.400127126421772, 53.726638408103895 ], [ 23.400216400185943, 53.726625060288413 ], [ 23.400305481172783, 53.72660273228729 ], [ 23.400350020634864, 53.726589335387011 ], [ 23.400399198329872, 53.726584876694105 ], [ 23.40048828739285, 53.726580411513496 ], [ 23.400595350881236, 53.726558137010748 ], [ 23.400702416391805, 53.726540328139194 ], [ 23.400755911529934, 53.72652245530287 ], [ 23.400840544742721, 53.726495703008382 ], [ 23.400961076168954, 53.726468984222045 ], [ 23.401054608605829, 53.726460010893824 ], [ 23.401117132598053, 53.726451133050922 ], [ 23.401201774127912, 53.726442243404918 ], [ 23.401313289240186, 53.726433323445868 ], [ 23.401464833363111, 53.726415439888477 ], [ 23.401616444430534, 53.726397629858127 ], [ 23.401732469852877, 53.726384275520239 ], [ 23.401884014041173, 53.726366391324085 ], [ 23.402080290553933, 53.726344089324613 ], [ 23.402294237009638, 53.72631735116498 ], [ 23.402472602382502, 53.72630400017524 ], [ 23.402588561012397, 53.726290571079048 ], [ 23.402686670757536, 53.726277236023115 ], [ 23.402793733760763, 53.726254959219375 ], [ 23.402949785818695, 53.726228173740232 ], [ 23.403061298946227, 53.726214786092513 ], [ 23.40319499197663, 53.726192528433394 ], [ 23.403359997068531, 53.726156800651097 ], [ 23.403578455959625, 53.726130091494753 ], [ 23.403716718641618, 53.726112231684887 ], [ 23.403779175704273, 53.726103278427331 ], [ 23.403837065442524, 53.726094392314614 ], [ 23.403962051433027, 53.726085490772455 ], [ 23.404037859565044, 53.726081049591023 ], [ 23.40407345024401, 53.726085524250905 ], [ 23.404100202304146, 53.726085518386128 ], [ 23.404122439431962, 53.726081015104569 ], [ 23.40414925093474, 53.726067685877489 ], [ 23.404171483053521, 53.726054251185218 ], [ 23.404247286195002, 53.726040878443939 ], [ 23.404439117455198, 53.726018613859871 ], [ 23.404630884384868, 53.726000740845627 ], [ 23.404809245314464, 53.725978454249258 ], [ 23.404929599902662, 53.725974010645487 ], [ 23.405058904734599, 53.725956159389135 ], [ 23.405290775403788, 53.725942791024018 ], [ 23.405544950329766, 53.725924992266435 ], [ 23.405651951264009, 53.725911570074054 ], [ 23.405821481692534, 53.725898198355047 ], [ 23.405941828649116, 53.72588035644457 ], [ 23.406075640643763, 53.725853604121262 ], [ 23.406151441000414, 53.725835764261568 ], [ 23.406200491785867, 53.725822396479913 ], [ 23.406240581760898, 53.725804573535036 ], [ 23.406329785611991, 53.725786680868438 ], [ 23.406517041504838, 53.725751082554893 ], [ 23.406664256766842, 53.725724276761028 ], [ 23.406806904603531, 53.725697538079856 ], [ 23.406922802895831, 53.725675271520707 ], [ 23.407038764596006, 53.725666302928637 ], [ 23.407145776891394, 53.725670741821403 ], [ 23.407230546527494, 53.72567075322452 ], [ 23.407435686274301, 53.725688646198442 ], [ 23.407515888348424, 53.725706414716157 ], [ 23.407618467328582, 53.725728757962273 ], [ 23.407787961226106, 53.725759965793742 ], [ 23.407966300865887, 53.725804584808976 ], [ 23.408059849682033, 53.725817933197625 ], [ 23.408189179429321, 53.725835803209861 ], [ 23.408318570328134, 53.725862505495307 ], [ 23.408483434973792, 53.725898171451078 ], [ 23.408666411457794, 53.72594279556688 ], [ 23.408759970565928, 53.725969540329245 ], [ 23.408893753688048, 53.725996298513635 ], [ 23.409045331873994, 53.726023060074986 ], [ 23.409130112868713, 53.726036466836959 ], [ 23.409214830158181, 53.726054265458707 ], [ 23.409335146575888, 53.726085468078736 ], [ 23.409455652062455, 53.726116719153502 ], [ 23.409571453302483, 53.726143424348315 ], [ 23.409696401923707, 53.726170167145327 ], [ 23.409790023646931, 53.726188053325636 ], [ 23.409865783648875, 53.72620586226504 ], [ 23.409932767731089, 53.72621479923923 ], [ 23.409990665251001, 53.726214840824952 ], [ 23.410035278082717, 53.726228134857173 ], [ 23.41011555432512, 53.726250440729181 ], [ 23.410164628322317, 53.726268330734875 ], [ 23.410218141644528, 53.726277246994613 ], [ 23.410325171683603, 53.726299545123695 ], [ 23.410387525033389, 53.726312941224954 ], [ 23.410449936597605, 53.726330704078372 ], [ 23.410521248557203, 53.726344089163945 ], [ 23.410811135140015, 53.726402100927984 ], [ 23.410971687073694, 53.726442245677497 ], [ 23.411185683507565, 53.726486766450307 ], [ 23.411297228267003, 53.726509094908813 ], [ 23.411417546434031, 53.726535829334914 ], [ 23.411676181403696, 53.726607212258848 ], [ 23.411957174085533, 53.726669598543289 ], [ 23.412140038100549, 53.726709775779291 ], [ 23.412278160785796, 53.726745443585742 ], [ 23.412371841914911, 53.726763228422037 ], [ 23.412434257693956, 53.726767765554897 ], [ 23.412474416494046, 53.726767703793179 ], [ 23.412514520437288, 53.72676774092421 ], [ 23.412572478354264, 53.726772147745798 ], [ 23.412675074343177, 53.726803417230279 ], [ 23.412768759637412, 53.726825667409365 ], [ 23.412804354445271, 53.72683013884172 ], [ 23.412853417286374, 53.726830164675107 ], [ 23.412893643231914, 53.726830176486608 ], [ 23.412955992483937, 53.726834639530885 ], [ 23.413013968627695, 53.726861374707227 ], [ 23.413214586567683, 53.72692827338264 ], [ 23.413268117237962, 53.726955050904166 ], [ 23.413348388126398, 53.726963957027579 ], [ 23.413406350439388, 53.726972829079379 ], [ 23.413433101402891, 53.726968354872177 ], [ 23.413468752672124, 53.726959502621959 ], [ 23.413513413968264, 53.726946074500326 ], [ 23.413633819985488, 53.72691043355146 ], [ 23.413749712995504, 53.726874761221815 ], [ 23.414159923757634, 53.727195784579088 ], [ 23.414418614669653, 53.727409818152651 ], [ 23.414717381560493, 53.727664005957294 ], [ 23.41494918729261, 53.727860210232251 ], [ 23.415100848711059, 53.72797610570418 ], [ 23.415274710576981, 53.728105457212109 ], [ 23.415439721011776, 53.728216931644013 ], [ 23.415635969717606, 53.728368546531286 ], [ 23.415863269034105, 53.728560253328084 ], [ 23.416113054296698, 53.728734178654179 ], [ 23.416389536341807, 53.72898833207708 ], [ 23.416536601093018, 53.729135481920743 ], [ 23.416786367605027, 53.729353991655174 ], [ 23.417004881464361, 53.729514497072429 ], [ 23.417303580274282, 53.729710725805049 ], [ 23.417923455804825, 53.730152142012493 ], [ 23.418449562122913, 53.730540148521854 ], [ 23.418770671938404, 53.730763104693608 ], [ 23.419292398449244, 53.731142121358637 ], [ 23.419479701564782, 53.731271415723036 ], [ 23.420438286791729, 53.731962554205523 ], [ 23.421285586602707, 53.732560110021652 ], [ 23.421352564529261, 53.732609160260743 ], [ 23.422079339090487, 53.733166543139227 ], [ 23.422315724762683, 53.733344909408721 ], [ 23.423225256175115, 53.73399145430453 ], [ 23.42367565683978, 53.734321455060261 ], [ 23.424032391565238, 53.734557730156133 ], [ 23.424210830381682, 53.734678174298196 ], [ 23.424353502766909, 53.734758446556306 ], [ 23.424612077353935, 53.734910070010173 ], [ 23.424870748803905, 53.735097323731452 ], [ 23.425200626549554, 53.735342566110404 ], [ 23.425807167300942, 53.735761711076059 ], [ 23.42649375096661, 53.73627897833979 ], [ 23.426912954982079, 53.736564365600188 ], [ 23.427300892638723, 53.736854200245496 ], [ 23.427746856903131, 53.737179696502047 ], [ 23.427938577714617, 53.737326831185698 ], [ 23.428625266644236, 53.737362563879081 ], [ 23.429378901513079, 53.737398209463819 ], [ 23.429735533299571, 53.737411574054576 ], [ 23.430145903060623, 53.737438358270275 ], [ 23.430943996814996, 53.737474002936175 ], [ 23.431456843176445, 53.737482930522681 ], [ 23.432607286175276, 53.737549801719993 ], [ 23.433409920357764, 53.737589922536245 ], [ 23.434083170087732, 53.73762559897667 ], [ 23.434600442784205, 53.737647964211845 ], [ 23.435028558367083, 53.737665719809947 ], [ 23.435808826030808, 53.737696957971288 ], [ 23.436531184817028, 53.737737097308901 ], [ 23.436963775170245, 53.737759439694081 ], [ 23.437498915397914, 53.737777222273607 ], [ 23.438417446166575, 53.737817350251277 ], [ 23.439269106556967, 53.737866392301214 ], [ 23.440085165270208, 53.737915431446339 ], [ 23.440771878132416, 53.737946709752727 ], [ 23.441672641338755, 53.737991275332426 ], [ 23.442439555942478, 53.738026983602268 ], [ 23.443014749837996, 53.738058183943942 ], [ 23.443741685289826, 53.738102765147545 ], [ 23.444089411329596, 53.738120556784793 ], [ 23.444481839841686, 53.738134007852523 ], [ 23.444954539538259, 53.7381651966082 ], [ 23.445520777480588, 53.738191929799008 ], [ 23.446136116637678, 53.738223134470459 ], [ 23.446840677435844, 53.738254365859298 ], [ 23.447362350583997, 53.738281109719722 ], [ 23.447919842772613, 53.738316824385187 ], [ 23.448508427169969, 53.738348032104938 ], [ 23.449016751752648, 53.73837472671201 ], [ 23.449484888361429, 53.738397029838218 ], [ 23.449966514785583, 53.738423811854027 ], [ 23.450564067775531, 53.738450525931455 ], [ 23.45102325568018, 53.738477302625668 ], [ 23.451545010361269, 53.738499631125343 ], [ 23.451964171390809, 53.738512958540674 ], [ 23.452267408106106, 53.73852635184241 ], [ 23.452838220395147, 53.738562003907191 ], [ 23.453239533466625, 53.738579895723653 ], [ 23.453480322204442, 53.738593240738226 ], [ 23.454135736345364, 53.738633371681956 ], [ 23.454684287341621, 53.738660129419735 ], [ 23.455223885521558, 53.738691365535679 ], [ 23.455544939483492, 53.738704743331382 ], [ 23.455781154781416, 53.738713685917318 ], [ 23.456280611284615, 53.738735964635325 ], [ 23.456780087864292, 53.738767173427647 ], [ 23.45720813966312, 53.738793886825945 ], [ 23.457591663102139, 53.738811765930684 ], [ 23.45917904245945, 53.738874169273004 ], [ 23.459370807733716, 53.738883105075182 ], [ 23.459723032463838, 53.738892035367108 ], [ 23.460061899330046, 53.738900925724835 ], [ 23.460414238856146, 53.738905361918498 ], [ 23.460855686272964, 53.738909839667997 ], [ 23.461390691430047, 53.738914313005267 ], [ 23.461604765961422, 53.738914334372382 ], [ 23.461979312170008, 53.73891881270076 ], [ 23.462666054063899, 53.73891876881266 ], [ 23.463067376758481, 53.738923220502507 ], [ 23.463343844008904, 53.738923202284873 ], [ 23.46369161230075, 53.738923230186238 ], [ 23.463963631831099, 53.73892325503283 ], [ 23.464213346791755, 53.738932189717701 ], [ 23.464538924456139, 53.738936633599117 ], [ 23.465435140460098, 53.738914322791906 ], [ 23.466866507660445, 53.738865230801764 ], [ 23.467606763553608, 53.738834013006979 ], [ 23.468525326630029, 53.738784970676747 ], [ 23.470549756278306, 53.738677953388404 ], [ 23.471847280288028, 53.738597720337609 ], [ 23.47279268144591, 53.738539753890151 ], [ 23.47344377852512, 53.73850409244595 ], [ 23.473992158888059, 53.738468409810984 ], [ 23.474545078810092, 53.738441684989937 ], [ 23.475098043904786, 53.73841039179856 ], [ 23.476029921029181, 53.738352481547871 ], [ 23.476961867709235, 53.738298929671529 ], [ 23.477835961833833, 53.738254374831762 ], [ 23.47862074194078, 53.738205271079103 ], [ 23.47932077018681, 53.738165220124692 ], [ 23.480355307345359, 53.738102739672705 ], [ 23.481710954400416, 53.738018055059591 ], [ 23.482602707659375, 53.737955607717232 ], [ 23.48327603773264, 53.737919923486281 ], [ 23.484582487022543, 53.737839700831273 ], [ 23.485037346757338, 53.737812913289524 ], [ 23.485951463720962, 53.737759384917325 ], [ 23.487057302195307, 53.737679171587722 ], [ 23.487387301258597, 53.737652401705837 ], [ 23.487837716510871, 53.737625647025403 ], [ 23.487935792117206, 53.737621180459357 ], [ 23.488029367555189, 53.737598895070064 ], [ 23.488065102561993, 53.737572124077055 ], [ 23.488096362590809, 53.737536466715355 ], [ 23.488091773753268, 53.737487384851427 ], [ 23.488047260753721, 53.737447278470199 ], [ 23.48794923949831, 53.737380408699416 ], [ 23.487802038308264, 53.73728675474073 ], [ 23.487681656928277, 53.737184212745646 ], [ 23.48765039250361, 53.737103945852674 ], [ 23.487659299835954, 53.737059339952495 ], [ 23.487842198845605, 53.73688544349325 ], [ 23.488198809009155, 53.736617888513436 ], [ 23.488778605225232, 53.736100615681316 ], [ 23.490142979358804, 53.735021512781366 ], [ 23.490695918073484, 53.734580070531507 ], [ 23.491204359339157, 53.734241165912174 ], [ 23.49231465664144, 53.733625821491685 ], [ 23.492992394175413, 53.733242348546042 ], [ 23.494615500321611, 53.732354974127858 ], [ 23.495516276245493, 53.731851113855164 ], [ 23.495926454664133, 53.73159695966504 ], [ 23.496122696247884, 53.7314185312745 ], [ 23.496247578533968, 53.731240178868134 ], [ 23.496876328779429, 53.730379586581755 ], [ 23.497585295651064, 53.729452068210044 ], [ 23.497768018759515, 53.729224659556088 ], [ 23.498749093692023, 53.727935979970646 ], [ 23.499560614887795, 53.726888100039588 ], [ 23.500300842767164, 53.72579560378847 ], [ 23.500818152829225, 53.725086660713679 ], [ 23.501223855605609, 53.724542626535097 ], [ 23.501585130093055, 53.724168053119612 ], [ 23.501754552397092, 53.724052131864696 ], [ 23.501910587053899, 53.723927247021358 ], [ 23.501981989820155, 53.723766735301176 ], [ 23.502120161736809, 53.723525963395744 ], [ 23.502271811138911, 53.723285199776797 ], [ 23.502619655666191, 53.722816949373566 ], [ 23.503310706895128, 53.72192512956785 ], [ 23.503712091142663, 53.721367711343994 ], [ 23.504501262188189, 53.720377826136612 ], [ 23.505036407261706, 53.719650993128965 ], [ 23.505593796504876, 53.719040096195158 ], [ 23.505781013172125, 53.718875096681998 ], [ 23.506721983904448, 53.718130469774458 ], [ 23.507078664546004, 53.71784059582744 ], [ 23.507283777226217, 53.717631055314129 ], [ 23.50791705121858, 53.717122676297024 ], [ 23.50853243085464, 53.716627731572942 ], [ 23.509330545280992, 53.716043613482739 ], [ 23.509798783768861, 53.715646741270426 ], [ 23.510356096378814, 53.715196339404656 ], [ 23.513209916269741, 53.712922184452481 ], [ 23.513758431181213, 53.712485244363712 ], [ 23.514467446077163, 53.711954626406779 ], [ 23.51497578263719, 53.711526546267983 ], [ 23.515484075991768, 53.711089537408562 ], [ 23.516317959738338, 53.71048752023087 ], [ 23.517695830016546, 53.709404012021551 ], [ 23.518181853818152, 53.708993779042927 ], [ 23.51864118929684, 53.708641471894197 ], [ 23.519082661858953, 53.708307063397541 ], [ 23.519546358245901, 53.707968126381878 ], [ 23.519965569708177, 53.707651564550822 ], [ 23.52054515124804, 53.707245811088583 ], [ 23.520888496013029, 53.706960417099395 ], [ 23.521147194340099, 53.706750854435803 ], [ 23.521214001897039, 53.706732952013418 ], [ 23.521285338582192, 53.706750814262698 ], [ 23.521383556522295, 53.706799887335279 ], [ 23.521477105947714, 53.706857814037278 ], [ 23.521900827141231, 53.707120935956233 ], [ 23.522351109678041, 53.707361722749489 ], [ 23.522502682672954, 53.707446408513142 ], [ 23.525517123401798, 53.709154263618672 ], [ 23.525766737900472, 53.709265720002335 ], [ 23.526605026643661, 53.709689355909696 ], [ 23.526935131704832, 53.709814231100133 ], [ 23.527465710571661, 53.710126387341582 ], [ 23.528081061034179, 53.710456330168796 ], [ 23.528393228201214, 53.710701538975421 ], [ 23.528714222246844, 53.710955778665443 ], [ 23.529053214426305, 53.711196555785698 ], [ 23.52923595865451, 53.711415032771612 ], [ 23.529374170256329, 53.711548841704058 ], [ 23.529565899267546, 53.711771761557479 ], [ 23.529820111978207, 53.711941226052232 ], [ 23.530230364877095, 53.712155287874729 ], [ 23.530404288245094, 53.712329165654708 ], [ 23.530413174368118, 53.712449539322378 ], [ 23.530341849176331, 53.712578865567629 ], [ 23.530252682822404, 53.712699281758297 ], [ 23.530283789656853, 53.712841937297661 ], [ 23.530448843867052, 53.713038161163603 ], [ 23.532147746516614, 53.711941221655259 ], [ 23.532254787487496, 53.711731667851858 ], [ 23.534234594397667, 53.711272329652019 ], [ 23.535193269298677, 53.711049396697071 ], [ 23.534765206215315, 53.710661462778766 ], [ 23.538096176911861, 53.709885545196393 ], [ 23.538426228792492, 53.709818707957695 ], [ 23.537859786547429, 53.709774075289097 ], [ 23.537418445276042, 53.709586831143639 ], [ 23.536941359383281, 53.709381694533796 ], [ 23.536263481900914, 53.709087389913307 ], [ 23.535648189695877, 53.70882432318902 ], [ 23.535264669443023, 53.708650381930589 ], [ 23.534105293481826, 53.707870014190355 ], [ 23.533677233487317, 53.707606942979623 ], [ 23.53324021887807, 53.707343892949424 ], [ 23.532856706507921, 53.70714769799909 ], [ 23.532508957496912, 53.707004959686266 ], [ 23.532174578464957, 53.70684893049377 ], [ 23.53195599871982, 53.706666127077192 ], [ 23.531692903192702, 53.706389635280175 ], [ 23.531474443364075, 53.706113157529757 ], [ 23.531367418932163, 53.7058768684428 ], [ 23.53129612526239, 53.705595924878153 ], [ 23.531255972720452, 53.70512769697708 ], [ 23.531336207924628, 53.703856892489974 ], [ 23.531345132080151, 53.703526878277351 ], [ 23.531353991384865, 53.703027456434846 ], [ 23.531429821763535, 53.70282677407576 ], [ 23.531545789971172, 53.702661816493297 ], [ 23.531724096239685, 53.702429944691296 ], [ 23.531982800815953, 53.702149043742168 ], [ 23.532085278306557, 53.701997401349772 ], [ 23.532174440477203, 53.701747696867862 ], [ 23.532228010719553, 53.701408852153058 ], [ 23.532210200797966, 53.701194778009516 ], [ 23.532183482277169, 53.701038707117618 ], [ 23.532094236584367, 53.700887130916726 ], [ 23.532063101412053, 53.700708764532848 ], [ 23.532098788677143, 53.700548225644908 ], [ 23.532281599853238, 53.699651947097337 ], [ 23.53298164197485, 53.696789143610367 ], [ 23.533686064756147, 53.695808161881303 ], [ 23.535331557422587, 53.693984384423366 ], [ 23.53539842535875, 53.693881843557222 ], [ 23.535474327703003, 53.693797133590934 ], [ 23.535643736952675, 53.693583061464793 ], [ 23.535817629224901, 53.693346772620806 ], [ 23.536036131782016, 53.693052423501044 ], [ 23.536245682227637, 53.692744781576586 ], [ 23.536339309212945, 53.692628883841813 ], [ 23.536432964086291, 53.692535228659239 ], [ 23.536678220572583, 53.692227523579234 ], [ 23.536829878449964, 53.692026863624065 ], [ 23.537115179848964, 53.691647857320625 ], [ 23.537315848312488, 53.691349069391741 ], [ 23.537712747651408, 53.690827394051098 ], [ 23.538065056018016, 53.690372534120975 ], [ 23.538180979405208, 53.690185258297909 ], [ 23.538247740679203, 53.690104988211694 ], [ 23.538412784790111, 53.690047032874389 ], [ 23.538586703760149, 53.689998006053948 ], [ 23.538898895616487, 53.689917696678471 ], [ 23.539086104435029, 53.689855308038076 ], [ 23.539349255151066, 53.689779497884565 ], [ 23.539523105556579, 53.689730395992477 ], [ 23.539808440598478, 53.689654615310744 ], [ 23.540044868142644, 53.689601088008651 ], [ 23.540232173092658, 53.689561012573328 ], [ 23.540615586490695, 53.689476227614513 ], [ 23.54090103785451, 53.689427222087211 ], [ 23.541137334525267, 53.689387033031672 ], [ 23.541529768895053, 53.689329098734788 ], [ 23.541783825133148, 53.689293449539377 ], [ 23.542069208748238, 53.689244367119194 ], [ 23.542408149963951, 53.689204294988365 ], [ 23.542720323845899, 53.689190896188762 ], [ 23.543001172873304, 53.68916412604694 ], [ 23.543206363809617, 53.689159654595365 ], [ 23.543571928436808, 53.68915967832352 ], [ 23.543728059911203, 53.689155245469642 ], [ 23.543991068226685, 53.689132882787234 ], [ 23.544169426966459, 53.689110601537067 ], [ 23.544379099286591, 53.689057108411269 ], [ 23.544526233331059, 53.689016968399685 ], [ 23.544726886346183, 53.688950108919684 ], [ 23.544807077517184, 53.68890549340054 ], [ 23.544994461515778, 53.688856458050068 ], [ 23.545364520534527, 53.688825234210945 ], [ 23.545627656691845, 53.688789526677837 ], [ 23.545868363929173, 53.688780642978166 ], [ 23.546069064367302, 53.688780603300813 ], [ 23.546336633334953, 53.688780673206217 ], [ 23.546537334475261, 53.688780632550348 ], [ 23.546934110070939, 53.688794037965472 ], [ 23.547215105256555, 53.688798496418563 ], [ 23.547451399225864, 53.688825213643838 ], [ 23.547687781741921, 53.688856466850915 ], [ 23.547995407245331, 53.688901021385327 ], [ 23.548236196032189, 53.688923298778839 ], [ 23.548445744990314, 53.688936743657955 ], [ 23.548632978837858, 53.688936697151505 ], [ 23.548882712308469, 53.688941171137166 ], [ 23.549110158890635, 53.688950104387018 ], [ 23.549333134608315, 53.688967938020092 ], [ 23.549520473752327, 53.688990204537106 ], [ 23.549841461351765, 53.689021464525602 ], [ 23.550073338481905, 53.689052686914728 ], [ 23.550398836773208, 53.68909728524433 ], [ 23.55058166577868, 53.689119524772565 ], [ 23.550760070475203, 53.689146275611158 ], [ 23.550942845954335, 53.689168613382257 ], [ 23.551170251696636, 53.689181931086019 ], [ 23.551295186838267, 53.689190896089094 ], [ 23.551509184582482, 53.689177482480311 ], [ 23.55195508576783, 53.689159630891339 ], [ 23.552320778783585, 53.689141817795814 ], [ 23.552503573336256, 53.689141812489765 ], [ 23.552641729266966, 53.689137339463258 ], [ 23.552788996047848, 53.689150767677546 ], [ 23.552878085019959, 53.68915965397543 ], [ 23.553034185709311, 53.689186398398164 ], [ 23.553159080619562, 53.689186435059163 ], [ 23.553288378965057, 53.689177496837068 ], [ 23.553439943857175, 53.689159634574004 ], [ 23.553649580804525, 53.689123998593246 ], [ 23.553997310647816, 53.689070498386364 ], [ 23.554385267158146, 53.689016950555768 ], [ 23.554853504133813, 53.688950117049707 ], [ 23.555134492408815, 53.688909971264152 ], [ 23.555388622709007, 53.688887675451554 ], [ 23.555656079267461, 53.688874256988662 ], [ 23.55626254476827, 53.688856446116866 ], [ 23.556668393264367, 53.688847520600902 ], [ 23.557065283792344, 53.688838617749681 ], [ 23.557515631546568, 53.688829716363394 ], [ 23.558023882929177, 53.688820766657493 ], [ 23.558478746624921, 53.688811885338446 ], [ 23.558786424899306, 53.688807434810947 ], [ 23.559009410660622, 53.68879844305583 ], [ 23.559174372157269, 53.688789523054645 ], [ 23.559379463359654, 53.688771727372128 ], [ 23.559548927957962, 53.688736028479056 ], [ 23.559968159878746, 53.688655804435562 ], [ 23.560253465273572, 53.688575502453361 ], [ 23.560431889235424, 53.688526462404596 ], [ 23.560632556283338, 53.688464033784527 ], [ 23.560877798115417, 53.688392679692029 ], [ 23.561172050441716, 53.688321375323746 ], [ 23.561439645486825, 53.688258945969245 ], [ 23.561644679570673, 53.688205417413506 ], [ 23.561840898596284, 53.688143035837768 ], [ 23.562046031430956, 53.688085018354506 ], [ 23.562268960692528, 53.68801366116287 ], [ 23.562545490598094, 53.687933426453036 ], [ 23.562719321199921, 53.68789330939601 ], [ 23.562928888935922, 53.687857580575113 ], [ 23.563290134153696, 53.687799658463483 ], [ 23.563771797401571, 53.687723857082247 ], [ 23.563976819657405, 53.687692663559659 ], [ 23.564186432140772, 53.687665857798493 ], [ 23.564431583522477, 53.687639100986146 ], [ 23.564560974373546, 53.68763468439348 ], [ 23.564699158193296, 53.68763465710488 ], [ 23.564810676896865, 53.687652530837234 ], [ 23.564904354465209, 53.687674818530148 ], [ 23.565051437000843, 53.68772383376028 ], [ 23.565194173088802, 53.687768409990127 ], [ 23.565385846251665, 53.687835300036625 ], [ 23.565501835240148, 53.687857586455486 ], [ 23.565604351838161, 53.687879873686342 ], [ 23.565796131454043, 53.687893305493752 ], [ 23.56597902937899, 53.687911126018918 ], [ 23.566152922693192, 53.687920045743788 ], [ 23.566366923774332, 53.687928939069678 ], [ 23.566522997805691, 53.687933420423342 ], [ 23.566629990864865, 53.687924465565594 ], [ 23.566817317897396, 53.687888802939497 ], [ 23.566960000984217, 53.687848679341961 ], [ 23.567151703380741, 53.687786263331304 ], [ 23.56755300106159, 53.687643602028722 ], [ 23.567816084191453, 53.68754547755298 ], [ 23.568159454895198, 53.687425033173795 ], [ 23.568672303241826, 53.687246707199229 ], [ 23.568904062931537, 53.687175335757694 ], [ 23.569238562727119, 53.687072764860154 ], [ 23.569448147818218, 53.687014855832132 ], [ 23.56972452651301, 53.686943479387622 ], [ 23.569862762256811, 53.686916716422139 ], [ 23.569992108499832, 53.686903367114375 ], [ 23.570340022136868, 53.686885512497113 ], [ 23.570652054781704, 53.68687214831543 ], [ 23.570857217337622, 53.686867717242237 ], [ 23.570995456150914, 53.686854267363813 ], [ 23.571084624825986, 53.686827556346607 ], [ 23.571169354869166, 53.6867918704651 ], [ 23.571236240725586, 53.686747285066673 ], [ 23.571396789956371, 53.686613556948103 ], [ 23.571619690395032, 53.686408417771517 ], [ 23.57178917286376, 53.68627020127002 ], [ 23.571954191430816, 53.686154200777537 ], [ 23.572186038378049, 53.685993713616988 ], [ 23.57232420047491, 53.685917906236995 ], [ 23.572498192097182, 53.685851019881149 ], [ 23.572698837948913, 53.685810907963663 ], [ 23.572881714215349, 53.685788599106367 ], [ 23.57310459959055, 53.685770749092775 ], [ 23.573349914034203, 53.685775209411624 ], [ 23.573760164180374, 53.685975891262508 ], [ 23.573925127582768, 53.686060592014975 ], [ 23.574205966794544, 53.686167593290214 ], [ 23.574433444879535, 53.686234458689427 ], [ 23.57460726934033, 53.686252313785367 ], [ 23.574745525571032, 53.686252345753225 ], [ 23.574946179060891, 53.686225543432641 ], [ 23.575129102469088, 53.686198841039719 ], [ 23.575356386542897, 53.686158695957381 ], [ 23.57547240315067, 53.686114125865188 ], [ 23.575561621050515, 53.686051658883059 ], [ 23.57560172612602, 53.686015975741185 ], [ 23.575619613339139, 53.685962493193479 ], [ 23.575592831067976, 53.68590009147659 ], [ 23.575539297197842, 53.685770726573317 ], [ 23.575508138470511, 53.685605779361794 ], [ 23.575494682329015, 53.685480946681849 ], [ 23.575516945038849, 53.685391688197768 ], [ 23.57558384276637, 53.685280257688412 ], [ 23.575673005511149, 53.685195551798152 ], [ 23.575847015810407, 53.68513312290527 ], [ 23.575985198243487, 53.685097426816348 ], [ 23.576141292971613, 53.685070702476764 ], [ 23.576288414252492, 53.685066169985916 ], [ 23.576493525255078, 53.685075140454039 ], [ 23.576640621781571, 53.685088483265794 ], [ 23.576868024175063, 53.685128639764443 ], [ 23.577033034995694, 53.685128615287006 ], [ 23.577162427553329, 53.685124182114926 ], [ 23.577349652282305, 53.685106303172553 ], [ 23.577554808840272, 53.685088543871473 ], [ 23.577710861190276, 53.685066206045278 ], [ 23.577849092056862, 53.685039432590877 ], [ 23.578005138577321, 53.685026118476706 ], [ 23.578156799207168, 53.685026069392329 ], [ 23.578326202822772, 53.685026091685984 ], [ 23.578638381269016, 53.685017139607695 ], [ 23.578834585124628, 53.685012718235313 ], [ 23.579021859676576, 53.685003761315926 ], [ 23.579119983219915, 53.684999355776469 ], [ 23.579244796363849, 53.684994822649728 ], [ 23.579378588170922, 53.685003749695674 ], [ 23.579472229967685, 53.68503943548761 ], [ 23.579579247804769, 53.685079606283814 ], [ 23.57972198350085, 53.685142034915735 ], [ 23.579824446856389, 53.68520890941619 ], [ 23.579918097278341, 53.685280247620192 ], [ 23.580011724639725, 53.685369461670106 ], [ 23.580118733820537, 53.685454136546745 ], [ 23.580243682355089, 53.685552245224571 ], [ 23.58035064482884, 53.685650333328496 ], [ 23.580582555793665, 53.68557452166057 ], [ 23.580948154728343, 53.685454131011149 ], [ 23.581144427809186, 53.685405101407234 ], [ 23.581269187725372, 53.685378326036393 ], [ 23.581523319860406, 53.685342648824324 ], [ 23.581652617928498, 53.685320359088124 ], [ 23.581777517119363, 53.685284706092261 ], [ 23.581831015992563, 53.685235629846012 ], [ 23.581884555015243, 53.685159826156578 ], [ 23.581906919770134, 53.685079565760098 ], [ 23.581947075011833, 53.684985963240713 ], [ 23.581996050308014, 53.684901211119815 ], [ 23.582036124820476, 53.684861063449127 ], [ 23.582098674566261, 53.684816496861529 ], [ 23.582192209042642, 53.684776338702498 ], [ 23.582397356353969, 53.684700578518417 ], [ 23.582660481323732, 53.684615806580304 ], [ 23.582945887171455, 53.684535590800259 ], [ 23.58310637873765, 53.684499880217523 ], [ 23.583356146091869, 53.684424108760375 ], [ 23.583494340202304, 53.684357212772824 ], [ 23.583623620963653, 53.684276930472492 ], [ 23.583752954768936, 53.684227911289028 ], [ 23.583806462338433, 53.68430366682157 ], [ 23.583900109834296, 53.684339347886194 ], [ 23.584127481465892, 53.684392899721011 ], [ 23.584310399760447, 53.684433022809124 ], [ 23.584497546611864, 53.684477608593156 ], [ 23.584809816119776, 53.68459354272639 ], [ 23.58501491827418, 53.684687212697519 ], [ 23.585545465606984, 53.684985968570125 ], [ 23.585821922135782, 53.685128636505993 ], [ 23.586214314924757, 53.685356043401278 ], [ 23.586553312766018, 53.685561197388452 ], [ 23.587030365105239, 53.685882226070412 ], [ 23.587449612630135, 53.68619882950091 ], [ 23.587868670218768, 53.686502069661898 ], [ 23.588087178274936, 53.686667062966492 ], [ 23.589719236586561, 53.686970214988207 ], [ 23.590236484454223, 53.687099589756251 ], [ 23.590909832736443, 53.687211064627029 ], [ 23.591627705751513, 53.687335861174112 ], [ 23.591993372407046, 53.687384940567405 ], [ 23.593179471991927, 53.684544517764841 ], [ 23.595328770743176, 53.679559192511825 ], [ 23.597246250349322, 53.675184849236381 ], [ 23.595841635391199, 53.674172642465521 ], [ 23.595194969562932, 53.674413440255549 ], [ 23.594958682091175, 53.674457966058931 ], [ 23.594615254608073, 53.67447139112118 ], [ 23.594575112667687, 53.674475816992334 ], [ 23.594521715611293, 53.674484757840169 ], [ 23.59429420994336, 53.674529378594016 ], [ 23.594075783722761, 53.674573945747383 ], [ 23.593785891843105, 53.67465425701544 ], [ 23.593585259268369, 53.674698793099878 ], [ 23.593371302215221, 53.674756792875769 ], [ 23.593099166975744, 53.67481027540807 ], [ 23.592911897386809, 53.674845980589545 ], [ 23.592782618295864, 53.674877131491201 ], [ 23.592604280192962, 53.674908346562553 ], [ 23.592501661119591, 53.674921764404097 ], [ 23.592408121651566, 53.674935129193287 ], [ 23.59234122751047, 53.674939611567815 ], [ 23.592251933120401, 53.674939565175656 ], [ 23.592171800670176, 53.674930689023356 ], [ 23.592024559155679, 53.674921784813471 ], [ 23.591650016500726, 53.674877127079959 ], [ 23.591114928465782, 53.674819152987283 ], [ 23.590544126712366, 53.674738925175383 ], [ 23.59029435815572, 53.674716611597781 ], [ 23.590013585272033, 53.674685429978297 ], [ 23.589746024711054, 53.674663144334886 ], [ 23.589393726612673, 53.674895022941229 ], [ 23.589179700085598, 53.675006460739588 ], [ 23.588894306942052, 53.675171487443137 ], [ 23.588822968187621, 53.675274036519426 ], [ 23.588782831828286, 53.675354316146112 ], [ 23.588778296793187, 53.675577227256881 ], [ 23.588764959876411, 53.675773417138636 ], [ 23.58876050229615, 53.675911695898201 ], [ 23.58875161279683, 53.675956295081527 ], [ 23.588644641937545, 53.676063291934774 ], [ 23.588568848384369, 53.676143557065302 ], [ 23.588568783791427, 53.67627286207675 ], [ 23.588586662154544, 53.67630855461708 ], [ 23.588626768375597, 53.676384376734383 ], [ 23.588649031828421, 53.676442280928349 ], [ 23.588666863844178, 53.676544906800132 ], [ 23.588666794532482, 53.676598355031388 ], [ 23.588675740762405, 53.676638537016835 ], [ 23.588649005824525, 53.676718740507887 ], [ 23.588600005063814, 53.676794561548746 ], [ 23.588555414002261, 53.676852557524199 ], [ 23.588488534357523, 53.67689268580817 ], [ 23.588394860209998, 53.676937258895379 ], [ 23.588247683397825, 53.676972921392775 ], [ 23.588154043972565, 53.676990770020581 ], [ 23.58805151677717, 53.676999696231412 ], [ 23.587913256251902, 53.676995220520801 ], [ 23.587775037604334, 53.676986356097544 ], [ 23.587654668073917, 53.676977363597246 ], [ 23.587556525969461, 53.676964002071941 ], [ 23.587436147366738, 53.676941696622428 ], [ 23.58736920027091, 53.676937251595703 ], [ 23.587248847583449, 53.676919407995435 ], [ 23.58712848583561, 53.676888251578234 ], [ 23.587048184067367, 53.676861449094652 ], [ 23.586963411590983, 53.676830234805131 ], [ 23.586816346874169, 53.676776699278527 ], [ 23.58670040620262, 53.676741029973158 ], [ 23.586588882275972, 53.676709871224148 ], [ 23.586504161736933, 53.676687580714386 ], [ 23.586437337369091, 53.676683109684767 ], [ 23.586357118789444, 53.676692028577712 ], [ 23.586312488654034, 53.676700890012363 ], [ 23.586183205414002, 53.676763391916595 ], [ 23.586040480223499, 53.676821336426777 ], [ 23.58594233426998, 53.676861495348234 ], [ 23.585871027880465, 53.676883798476474 ], [ 23.585750603813221, 53.676919401559843 ], [ 23.585643616133932, 53.676937226074735 ], [ 23.585545506680806, 53.676950660358344 ], [ 23.585469682494814, 53.676950604120456 ], [ 23.58534482464896, 53.676955070593209 ], [ 23.58523340356788, 53.676941758515483 ], [ 23.585175415776305, 53.676937285024053 ], [ 23.585055015577701, 53.676910514474386 ], [ 23.584965783885462, 53.676888199202956 ], [ 23.584898901118898, 53.676861490241301 ], [ 23.584756215660697, 53.676816850750292 ], [ 23.58463137125408, 53.676790129925614 ], [ 23.58446633404165, 53.676758906659515 ], [ 23.584301393810573, 53.676723195686414 ], [ 23.584167617834957, 53.676700963194456 ], [ 23.584060602035983, 53.676691988078346 ], [ 23.583953557135256, 53.676687573844184 ], [ 23.583868801745393, 53.676692005213241 ], [ 23.583708316145042, 53.676700914517987 ], [ 23.583565666721512, 53.676705406862297 ], [ 23.583476466254041, 53.676709888060365 ], [ 23.583333774783156, 53.676718768569124 ], [ 23.58323566316864, 53.676709864702325 ], [ 23.583084124514041, 53.676683097812884 ], [ 23.582901322275731, 53.676656362038329 ], [ 23.582713983061449, 53.676625140401931 ], [ 23.582553463071189, 53.676593937305341 ], [ 23.582312651829557, 53.676558263241731 ], [ 23.582161043684469, 53.676540444416837 ], [ 23.582000557530158, 53.676527015126702 ], [ 23.581795405320896, 53.676513693254307 ], [ 23.581541201238238, 53.676491406599069 ], [ 23.58136284831896, 53.67646461784053 ], [ 23.581117593777613, 53.67640665517574 ], [ 23.580965961178805, 53.676362036727561 ], [ 23.580689542441828, 53.676299616312846 ], [ 23.580537886550918, 53.676250535173054 ], [ 23.580323941790894, 53.676188151538732 ], [ 23.580127766532289, 53.676121277866592 ], [ 23.579931452615352, 53.676063279710512 ], [ 23.579708560191666, 53.676014233812531 ], [ 23.579525792945354, 53.675991953772453 ], [ 23.579347324911748, 53.675965186712205 ], [ 23.579195773147532, 53.675956287352278 ], [ 23.57914230255464, 53.675951833833331 ], [ 23.579017288842088, 53.675960705769981 ], [ 23.578892513220243, 53.675978549871942 ], [ 23.578691846570617, 53.6760052816281 ], [ 23.578428825750784, 53.676040971513189 ], [ 23.578183548879547, 53.67606770941115 ], [ 23.577973925022302, 53.676094465989074 ], [ 23.57777332571326, 53.67612126947639 ], [ 23.577559189624203, 53.676148001508423 ], [ 23.57736749887653, 53.676165853844566 ], [ 23.577211509731928, 53.676170313835968 ], [ 23.577006276834485, 53.676174781737679 ], [ 23.576868080745523, 53.676179214202655 ], [ 23.57676548858565, 53.676197077750871 ], [ 23.576654042120847, 53.676223792539467 ], [ 23.576511308712725, 53.676268410107085 ], [ 23.576413234031318, 53.676299609692371 ], [ 23.576301738233497, 53.67633973570068 ], [ 23.576230383728717, 53.676353107460294 ], [ 23.576141260685624, 53.67637096806434 ], [ 23.575980710537468, 53.676388813930821 ], [ 23.575802300454196, 53.676406612708888 ], [ 23.575543767657631, 53.676437856704545 ], [ 23.575129080393925, 53.676500306343065 ], [ 23.574723302104175, 53.676553804138941 ], [ 23.574513702284012, 53.676585015568563 ], [ 23.574268449972823, 53.676616205923601 ], [ 23.574058826177982, 53.676642954300469 ], [ 23.573760055091661, 53.676683098647239 ], [ 23.573483564874984, 53.676718777545609 ], [ 23.57331422732668, 53.676745543823969 ], [ 23.573073345942802, 53.676785631118605 ], [ 23.572917379682345, 53.67681688229343 ], [ 23.572796927014057, 53.676834694484555 ], [ 23.572658753120923, 53.676865919072107 ], [ 23.572400004673323, 53.676914980541994 ], [ 23.57210572225247, 53.676986330586807 ], [ 23.571775810737243, 53.677062120410881 ], [ 23.571566280910016, 53.677106712178258 ], [ 23.57144143013733, 53.677133496683524 ], [ 23.571356582016207, 53.677142404576166 ], [ 23.571196129936791, 53.677155755287195 ], [ 23.571080141881108, 53.677164665142968 ], [ 23.570995506331837, 53.6771780831181 ], [ 23.570924174580316, 53.677195913323963 ], [ 23.57086163109896, 53.677204818930242 ], [ 23.570643219252997, 53.677204835802648 ], [ 23.570433575837793, 53.677204778381203 ], [ 23.570264140651361, 53.677200378086987 ], [ 23.570076846135162, 53.677195929608388 ], [ 23.569853974945133, 53.677182508860469 ], [ 23.569675493039856, 53.677173597284508 ], [ 23.569555135957295, 53.677173605203294 ], [ 23.569416867888524, 53.677186976755159 ], [ 23.569287580151911, 53.67720478482488 ], [ 23.569100302929524, 53.67726278171552 ], [ 23.568904166800461, 53.677316316213592 ], [ 23.568699052695031, 53.677378726502567 ], [ 23.568565293578583, 53.677427770094127 ], [ 23.568373549379046, 53.677494666048091 ], [ 23.568253090680052, 53.677534809033226 ], [ 23.568061421082724, 53.6775927547924 ], [ 23.567909746996872, 53.677641848316512 ], [ 23.56760211225917, 53.677713161477122 ], [ 23.567379110968179, 53.677757745860191 ], [ 23.567124969895353, 53.677802330670531 ], [ 23.566964413339452, 53.677842498404779 ], [ 23.566728064156379, 53.677887057112805 ], [ 23.56648280384319, 53.677940564883976 ], [ 23.566300064108262, 53.67798070712243 ], [ 23.565978980883617, 53.678056478738718 ], [ 23.565640059121609, 53.678123349834081 ], [ 23.565327974886404, 53.678181392640575 ], [ 23.564962289348621, 53.678234825806044 ], [ 23.564489654096565, 53.678310694010243 ], [ 23.563950016111562, 53.678382024976287 ], [ 23.563455107503589, 53.678440014265981 ], [ 23.563093888624387, 53.678484540468411 ], [ 23.562442942252396, 53.678560374026709 ], [ 23.562072856534709, 53.678609457187761 ], [ 23.561863231288285, 53.678636180163934 ], [ 23.561635836529948, 53.678667389121401 ], [ 23.561265706174375, 53.678707544749209 ], [ 23.561002638168453, 53.67873426455251 ], [ 23.560726146490676, 53.678756595153594 ], [ 23.560364906794238, 53.678783335906509 ], [ 23.5600036897265, 53.678814537606527 ], [ 23.559745112325057, 53.678836816261345 ], [ 23.559450852083483, 53.678863629348122 ], [ 23.559152034924992, 53.678894805708275 ], [ 23.558933642693422, 53.67892159526324 ], [ 23.558732976081778, 53.678934973837428 ], [ 23.558527797669939, 53.678948327426184 ], [ 23.558322619421915, 53.67896168058256 ], [ 23.558059632392645, 53.67896612928525 ], [ 23.557845599210353, 53.678961704910868 ], [ 23.557297114858127, 53.678952773825223 ], [ 23.557083061240046, 53.678943885447055 ], [ 23.556851193009891, 53.678943870866902 ], [ 23.556543558758747, 53.678939388035516 ], [ 23.556347319690751, 53.678934937103264 ], [ 23.555883564617204, 53.678930441523441 ], [ 23.555624885883866, 53.67891708435539 ], [ 23.555500047803683, 53.678908199072154 ], [ 23.5552682418367, 53.678881455122777 ], [ 23.555134437564181, 53.678859107688929 ], [ 23.554853453059803, 53.678805634227963 ], [ 23.554483394536671, 53.678729790148751 ], [ 23.553743144986701, 53.678560347607245 ], [ 23.553502449861917, 53.678506898013993 ], [ 23.553257097972267, 53.6784622993017 ], [ 23.552945044047359, 53.678395404673928 ], [ 23.552606135504671, 53.678319557289633 ], [ 23.552454571717025, 53.678288377732201 ], [ 23.552383156975569, 53.678275032380554 ], [ 23.552338552658544, 53.678275027508811 ], [ 23.552285135198954, 53.678279483441074 ], [ 23.552236082975281, 53.678292840478768 ], [ 23.552146797336558, 53.678341892653847 ], [ 23.551959539504232, 53.678471231398078 ], [ 23.551781151969251, 53.678582697043467 ], [ 23.551634105083114, 53.678671878134658 ], [ 23.551562666895165, 53.678707495544302 ], [ 23.551451160639655, 53.678734281542766 ], [ 23.551295192552196, 53.678765499078288 ], [ 23.551125756557742, 53.678796715219519 ], [ 23.550938387141731, 53.678823516254042 ], [ 23.550675394156624, 53.678863594951764 ], [ 23.550514792388515, 53.678894811674901 ], [ 23.550198221951078, 53.678957244028389 ], [ 23.549993036476373, 53.678992916398499 ], [ 23.549886074670656, 53.67901516446814 ], [ 23.54975224449619, 53.679037483328365 ], [ 23.549627416700595, 53.679055389662643 ], [ 23.549056727091045, 53.679059795420869 ], [ 23.548748929785049, 53.679068725233741 ], [ 23.548320889703593, 53.679073147871847 ], [ 23.54811138426717, 53.679068726834039 ], [ 23.547799198914731, 53.679077603241247 ], [ 23.547397853375919, 53.679082075634916 ], [ 23.546969757367599, 53.679099904590515 ], [ 23.546706735799916, 53.679104421177165 ], [ 23.546318772843584, 53.679104354903416 ], [ 23.545970990338482, 53.679108805673813 ], [ 23.545819437512208, 53.679104414618187 ], [ 23.545694523586683, 53.679117779956805 ], [ 23.545516132372047, 53.67914900975881 ], [ 23.545355652786053, 53.679180192806122 ], [ 23.545114862227443, 53.679224748386495 ], [ 23.544486091773365, 53.679371965339435 ], [ 23.544147239795095, 53.679438836622033 ], [ 23.543852862100834, 53.679519054428766 ], [ 23.543723516472468, 53.679577041176515 ], [ 23.543460550339042, 53.679635049302107 ], [ 23.543219656248734, 53.679684088231397 ], [ 23.543001273543172, 53.679710842233817 ], [ 23.542666830651942, 53.679755422063899 ], [ 23.542194106080501, 53.679835671399388 ], [ 23.541890818509128, 53.679884718199155 ], [ 23.541342382523951, 53.679956095392285 ], [ 23.540878660206285, 53.680031926942071 ], [ 23.54056202664821, 53.680080941871275 ], [ 23.540401552479928, 53.680098803576087 ], [ 23.540027001910307, 53.680112127361447 ], [ 23.539630155475411, 53.680138930525928 ], [ 23.539362600574407, 53.68015225305507 ], [ 23.53898795830127, 53.680156746862039 ], [ 23.538898864564594, 53.680138923345837 ], [ 23.538653618107602, 53.680067559884861 ], [ 23.538635711233358, 53.68004080523032 ], [ 23.538617971456382, 53.679938260732285 ], [ 23.538595644410659, 53.679889216836116 ], [ 23.538484164218747, 53.679866851343903 ], [ 23.53821209353206, 53.679804479544593 ], [ 23.538212131037266, 53.679742028810239 ], [ 23.538270055549695, 53.679465590625782 ], [ 23.538288004349841, 53.67927383088206 ], [ 23.538305694508185, 53.679050860386155 ], [ 23.538310300033469, 53.678801184857143 ], [ 23.53830586529887, 53.678618371183283 ], [ 23.538292331932357, 53.678489031854689 ], [ 23.538136388510328, 53.678524690483421 ], [ 23.537931279411623, 53.678560410694324 ], [ 23.537815327049085, 53.678573743179243 ], [ 23.537538748663266, 53.678596032571079 ], [ 23.537347028208373, 53.67861390529449 ], [ 23.537249034104608, 53.678622803434905 ], [ 23.537231094431867, 53.678386487300543 ], [ 23.537244536138342, 53.678337453146973 ], [ 23.537262358385089, 53.678159035135501 ], [ 23.537244457359119, 53.677931645132816 ], [ 23.536883279719856, 53.678087731888375 ], [ 23.536499839026551, 53.678252736223705 ], [ 23.536499815824584, 53.678493485677677 ], [ 23.536508679640175, 53.678703050708279 ], [ 23.536281295703429, 53.678903748992404 ], [ 23.536143063825605, 53.679037485977517 ], [ 23.535835466861318, 53.679318437035214 ], [ 23.535474236188993, 53.679626124102597 ], [ 23.535295903180984, 53.679786674139201 ], [ 23.534925737290894, 53.68011662226256 ], [ 23.534635939372819, 53.680375217340973 ], [ 23.534430825981193, 53.68054466035435 ], [ 23.534283657312184, 53.680714145391349 ], [ 23.534190031903012, 53.680807782394254 ], [ 23.534337155915019, 53.680950431968725 ], [ 23.534524459301856, 53.681142181825514 ], [ 23.534832184215212, 53.681440971102028 ], [ 23.534925829840535, 53.681556903366022 ], [ 23.53477420621315, 53.681579221815277 ], [ 23.533900162937019, 53.681699577797843 ], [ 23.533409683019098, 53.681775417231549 ], [ 23.532370707717671, 53.681926972262978 ], [ 23.531831162161563, 53.681998375213631 ], [ 23.531229251111121, 53.682092018518738 ], [ 23.530564777965516, 53.682190076074605 ], [ 23.53023483932353, 53.68223464092425 ], [ 23.530092164594805, 53.68211873530327 ], [ 23.529619482945531, 53.681726351953913 ], [ 23.52935185171491, 53.681445408832722 ], [ 23.529334110821598, 53.681427551580207 ], [ 23.528830251459993, 53.681735248087335 ], [ 23.528326269427868, 53.682060745475653 ], [ 23.527982957591128, 53.682279293251987 ], [ 23.527322947111148, 53.68270288651361 ], [ 23.527042127821552, 53.682872365689349 ], [ 23.52678799723726, 53.683028417300264 ], [ 23.526569434302832, 53.683135392320885 ], [ 23.526234980228921, 53.683287024427017 ], [ 23.525945193775993, 53.683425259445677 ], [ 23.525601802666092, 53.683599151340808 ], [ 23.525499224999969, 53.683652689858015 ], [ 23.525312012583218, 53.683737385167632 ], [ 23.525022149523355, 53.683857767611066 ], [ 23.524776915806431, 53.683938050879917 ], [ 23.524540515400645, 53.684018337608151 ], [ 23.524264127654323, 53.684094144287073 ], [ 23.524009922326105, 53.684187761790184 ], [ 23.523653182705718, 53.684299262369855 ], [ 23.523314300294974, 53.684397331214868 ], [ 23.523051202197419, 53.684459776973185 ], [ 23.522837079798474, 53.684504342097597 ], [ 23.522556242996941, 53.684548927352161 ], [ 23.522306523548256, 53.684589062570929 ], [ 23.5220300937129, 53.684638160672975 ], [ 23.52178924542152, 53.684705001804581 ], [ 23.521722351448609, 53.684562310017888 ], [ 23.521539566411342, 53.684192260077651 ], [ 23.521396933998702, 53.683951452953785 ], [ 23.521240854215385, 53.683715103785801 ], [ 23.520897428283089, 53.683237955514507 ], [ 23.520603107180118, 53.682885737766831 ], [ 23.520371338762516, 53.682609241429041 ], [ 23.520157188945298, 53.682399670631312 ], [ 23.519920898829369, 53.682198989964796 ], [ 23.519671231815956, 53.682020616712386 ], [ 23.519153996806672, 53.681663911018141 ], [ 23.518601026799388, 53.68131165072441 ], [ 23.516737044864414, 53.680147807505563 ], [ 23.516028176295112, 53.679710847139695 ], [ 23.515800722083448, 53.679581544085252 ], [ 23.514899905450299, 53.680129995584664 ], [ 23.514115092066103, 53.680620463078604 ], [ 23.513071734958501, 53.681267061147253 ], [ 23.512527661367088, 53.681592553935374 ], [ 23.51201945011886, 53.681895798976406 ], [ 23.511586868893872, 53.682141043950693 ], [ 23.511479839798902, 53.682212390594508 ], [ 23.511248002028996, 53.682323834792165 ], [ 23.51097146465823, 53.682421965589782 ], [ 23.510695096331222, 53.682533458498419 ], [ 23.510503320142494, 53.682586932403723 ], [ 23.510293634914849, 53.682640445931135 ], [ 23.510097504153016, 53.682685015317496 ], [ 23.509874510095596, 53.682729644155771 ], [ 23.509482234986233, 53.682796541207281 ], [ 23.509187852448186, 53.682845567370244 ], [ 23.509036284525351, 53.682881234166331 ], [ 23.508795467323715, 53.682934726897585 ], [ 23.508661769044505, 53.682974915085403 ], [ 23.508456604421095, 53.683050691806642 ], [ 23.508126600389254, 53.683193363900287 ], [ 23.507756435165863, 53.683349450158893 ], [ 23.507355199903916, 53.683523368001502 ], [ 23.507141155224236, 53.683621476064005 ], [ 23.506998443703981, 53.683683848585773 ], [ 23.506650602435858, 53.683795365552982 ], [ 23.506409857650244, 53.683871167026957 ], [ 23.506102114853089, 53.683987144188542 ], [ 23.505700820888698, 53.684111941156978 ], [ 23.505330676872592, 53.684223441013209 ], [ 23.505054323693798, 53.684290341654822 ], [ 23.504612819047772, 53.684415160423228 ], [ 23.504251625979045, 53.684526637287519 ], [ 23.50397077548099, 53.684633698701916 ], [ 23.5037834315, 53.68472284257993 ], [ 23.503448939447498, 53.684914592052877 ], [ 23.503074480277331, 53.685142043381205 ], [ 23.502499179535778, 53.685507671893617 ], [ 23.501750049150452, 53.685962522470319 ], [ 23.501107935610733, 53.686359345763215 ], [ 23.500363250454953, 53.68682307130355 ], [ 23.499783621495688, 53.687179862189666 ], [ 23.499230760057515, 53.68750981662734 ], [ 23.498807076916673, 53.687772860040766 ], [ 23.497937472886793, 53.688281224704461 ], [ 23.497629833287579, 53.68846405586627 ], [ 23.497424659421487, 53.688548742273369 ], [ 23.497188462567063, 53.688646869729965 ], [ 23.496867335281255, 53.68874501405984 ], [ 23.496555202310322, 53.688838576757689 ], [ 23.496269831852164, 53.688896550159356 ], [ 23.495997805384622, 53.688954556834474 ], [ 23.495721360900909, 53.689003583827478 ], [ 23.495534070730795, 53.689039282667615 ], [ 23.495293269434342, 53.689088358102289 ], [ 23.494860777229995, 53.689190856703377 ], [ 23.494544192842881, 53.689262217740989 ], [ 23.494303404504226, 53.68931575405378 ], [ 23.494053635775586, 53.689382624104965 ], [ 23.493768320710689, 53.68948068541885 ], [ 23.493576563131068, 53.689569936323799 ], [ 23.493259969770698, 53.689721508580746 ], [ 23.493126166326995, 53.689797336921913 ], [ 23.492885386428224, 53.689997984776063 ], [ 23.492586649439556, 53.690234296723233 ], [ 23.492292355101632, 53.690510756838727 ], [ 23.492060412655377, 53.690693632463599 ], [ 23.491846418109809, 53.690849666731076 ], [ 23.491516413006686, 53.691063737846775 ], [ 23.491155245029592, 53.691291101267048 ], [ 23.490838631955643, 53.691482864591094 ], [ 23.490638027397111, 53.691594348328884 ], [ 23.490499770334466, 53.691652269122265 ], [ 23.490227833261052, 53.691745968821365 ], [ 23.49005827970311, 53.691790500690104 ], [ 23.489732745769086, 53.691870793988812 ], [ 23.489362733140325, 53.691928784400872 ], [ 23.489050557884923, 53.691973378727504 ], [ 23.488457517820585, 53.692040221676272 ], [ 23.488060572220416, 53.69209818762549 ], [ 23.487672757372049, 53.692151719171441 ], [ 23.487405142302361, 53.6921829528671 ], [ 23.487133164080561, 53.69222305939784 ], [ 23.487017177920457, 53.692249823487877 ], [ 23.486968132600747, 53.692272077491054 ], [ 23.486901270074419, 53.692303367544135 ], [ 23.486660481575104, 53.692450496114702 ], [ 23.486268106723699, 53.692682383983879 ], [ 23.485969299568627, 53.692847319960705 ], [ 23.485683902122396, 53.693012364567565 ], [ 23.485376295790626, 53.693190682322239 ], [ 23.485117548509752, 53.693324454309561 ], [ 23.484760947734948, 53.693498391232495 ], [ 23.48414999788243, 53.693792661781551 ], [ 23.48398502219478, 53.693863993363017 ], [ 23.483842299379869, 53.693895245402814 ], [ 23.483668417276316, 53.693917544498227 ], [ 23.483467711121641, 53.693935333561946 ], [ 23.483177913301574, 53.693944269553107 ], [ 23.482825655247769, 53.693971056805374 ], [ 23.482549173616444, 53.693993343492892 ], [ 23.482294979807246, 53.694011184412865 ], [ 23.482076498120023, 53.694033443727093 ], [ 23.481835686696758, 53.69406470982063 ], [ 23.481581513056458, 53.694113719567369 ], [ 23.481042026268394, 53.694229663361504 ], [ 23.480769965945758, 53.69428763274523 ], [ 23.480408803400124, 53.694381233792889 ], [ 23.480159091019377, 53.694457074544751 ], [ 23.479846910034247, 53.694573009039601 ], [ 23.479133544025075, 53.694853971423179 ], [ 23.478593922836847, 53.695063540651972 ], [ 23.478125703998622, 53.695250777536458 ], [ 23.477233888472192, 53.695611968460703 ], [ 23.476854955514419, 53.695763619068231 ], [ 23.4762350895986, 53.696026671077519 ], [ 23.475610892241033, 53.696263032173384 ], [ 23.47498205883058, 53.696526095172118 ], [ 23.474763609029068, 53.696610855464066 ], [ 23.474357838851649, 53.696757986504764 ], [ 23.474157164905904, 53.69683827388841 ], [ 23.473965411553511, 53.696905153260893 ], [ 23.473711233517989, 53.696958608526394 ], [ 23.473465944627737, 53.697007681762813 ], [ 23.472872841608666, 53.697087925775733 ], [ 23.472266471952942, 53.697172666371344 ], [ 23.471820636107925, 53.697230623311263 ], [ 23.471352400551819, 53.697297509926507 ], [ 23.471075865958859, 53.697351036589268 ], [ 23.470540840561405, 53.69743578484799 ], [ 23.470135071701339, 53.697484820525432 ], [ 23.469524190248929, 53.697569515911638 ], [ 23.469100521808961, 53.697623043642849 ], [ 23.46874833018256, 53.697681027908502 ], [ 23.468306880902919, 53.697765731987147 ], [ 23.467999131963833, 53.697837099812467 ], [ 23.467535320189068, 53.697975295525865 ], [ 23.467053784643841, 53.698113569893927 ], [ 23.466616765624451, 53.698274057881306 ], [ 23.466206629159402, 53.698385542095544 ], [ 23.466090657074449, 53.698425675429768 ], [ 23.466023739508756, 53.698470272038421 ], [ 23.46589885929453, 53.698559449278228 ], [ 23.465840964883288, 53.698661985739747 ], [ 23.465805207016725, 53.698746714516545 ], [ 23.465702753969708, 53.698728879434903 ], [ 23.465622422847247, 53.698715481877493 ], [ 23.465497610435811, 53.698724432389518 ], [ 23.46534598678176, 53.698733331497081 ], [ 23.465243453936733, 53.698733376397584 ], [ 23.465065014101935, 53.698711050755769 ], [ 23.464882231758065, 53.698679816705287 ], [ 23.464708340278406, 53.698644201575171 ], [ 23.464570143076006, 53.698635257302747 ], [ 23.464226693711481, 53.698626352085981 ], [ 23.463963649671236, 53.69863967338329 ], [ 23.463593559432443, 53.698675426102376 ], [ 23.463210067984157, 53.698715529040058 ], [ 23.462888964810599, 53.698755670249064 ], [ 23.462545703749658, 53.698804689875651 ], [ 23.462295943693483, 53.6988448534984 ], [ 23.462006048179347, 53.698893853314573 ], [ 23.461631479589482, 53.698974134369344 ], [ 23.461270406120821, 53.69906781922446 ], [ 23.460784245710816, 53.699161397519816 ], [ 23.46000847146269, 53.699286308136131 ], [ 23.459357391610311, 53.699348703798726 ], [ 23.458813430025277, 53.699415623957684 ], [ 23.45820257133942, 53.699451295694018 ], [ 23.457596027125678, 53.699482480484356 ], [ 23.456829082490781, 53.699482509662431 ], [ 23.456079872508845, 53.69948691807523 ], [ 23.455130217491181, 53.699478001571137 ], [ 23.454617430770238, 53.699469095558236 ], [ 23.453805833751812, 53.699460222036869 ], [ 23.453105713381341, 53.699446831131254 ], [ 23.452490369630699, 53.699451263639432 ], [ 23.452575152408777, 53.699344225204882 ], [ 23.452615226308158, 53.699304144985803 ], [ 23.452642069392446, 53.699259535700264 ], [ 23.452659739473741, 53.69916586363847 ], [ 23.452650883597986, 53.698956320651703 ], [ 23.452646433012344, 53.698693241543211 ], [ 23.452655366612031, 53.698648662042586 ], [ 23.452673205213326, 53.698612921867188 ], [ 23.452726695950748, 53.698514900583511 ], [ 23.452749024113992, 53.698434625292521 ], [ 23.452726653015738, 53.698233923627136 ], [ 23.452686609545768, 53.69809125626292 ], [ 23.452646439829383, 53.697850459224341 ], [ 23.452579557454602, 53.697364418544204 ], [ 23.452561706710554, 53.697168213067528 ], [ 23.452521550379995, 53.696967519031588 ], [ 23.452481435021507, 53.696753508031165 ], [ 23.452472600255103, 53.696588535556494 ], [ 23.452419077070324, 53.696436929035805 ], [ 23.452325442312826, 53.696236274506418 ], [ 23.452155905590484, 53.696066829757754 ], [ 23.451950813057998, 53.695808168146549 ], [ 23.451759039652949, 53.695536156140093 ], [ 23.451500485136958, 53.695117037508453 ], [ 23.451433547626966, 53.694987736535694 ], [ 23.45138898673239, 53.694871753345566 ], [ 23.451241756690262, 53.694439227727777 ], [ 23.451210606097781, 53.694260843912446 ], [ 23.451170521960226, 53.693926446251432 ], [ 23.451143810359515, 53.693676750236321 ], [ 23.451099204041604, 53.693204078829297 ], [ 23.451054570159354, 53.692882973218758 ], [ 23.450644390738084, 53.69306584873528 ], [ 23.450020076034601, 53.693364576217448 ], [ 23.449293210617764, 53.693743624063721 ], [ 23.448597636128319, 53.694086946986459 ], [ 23.448116063398395, 53.694345613006526 ], [ 23.447482814581878, 53.693765898760461 ], [ 23.447291032555871, 53.693565252782371 ], [ 23.44705031143744, 53.693346718204374 ], [ 23.446934291602556, 53.693244213765844 ], [ 23.446706940379865, 53.693039110587002 ], [ 23.446608761026802, 53.692936504235327 ], [ 23.446448305543264, 53.69281167716219 ], [ 23.446305640512303, 53.692726944826667 ], [ 23.446131762820663, 53.692660053504007 ], [ 23.445855323819419, 53.692521843612056 ], [ 23.445280004067879, 53.692263200379756 ], [ 23.445074890111748, 53.692160660317121 ], [ 23.444941078611187, 53.692084864744793 ], [ 23.444744876106249, 53.691995626920715 ], [ 23.444633488247909, 53.691924296553246 ], [ 23.44454424796637, 53.691839628234789 ], [ 23.444432825601933, 53.691786077850779 ], [ 23.444245512011491, 53.691728094682404 ], [ 23.443969042697194, 53.691670174160798 ], [ 23.443701483322016, 53.691625555660913 ], [ 23.443295719381187, 53.691567597143006 ], [ 23.443130673817354, 53.691531882935784 ], [ 23.442872075746788, 53.69145161465952 ], [ 23.442774044174907, 53.691424884518597 ], [ 23.442644647291701, 53.691398165476421 ], [ 23.442470787194644, 53.691331268467536 ], [ 23.442256732381356, 53.691264370763456 ], [ 23.442100701780252, 53.691224251472939 ], [ 23.441913383960991, 53.691197434260459 ], [ 23.441743923272238, 53.691175151698104 ], [ 23.441641413968281, 53.6911261470771 ], [ 23.441485340266183, 53.691059246388399 ], [ 23.44121328358414, 53.690974494185433 ], [ 23.441079510497396, 53.69091208439977 ], [ 23.4409947405391, 53.690876393755637 ], [ 23.440910144572097, 53.690831824775287 ], [ 23.440820865762479, 53.690756007114345 ], [ 23.440758516880475, 53.690684685893487 ], [ 23.440664873448835, 53.690622203118728 ], [ 23.440566703371658, 53.690582105984156 ], [ 23.44044189201411, 53.690564242152263 ], [ 23.440303694282058, 53.690550898637298 ], [ 23.440129752359184, 53.690541973374522 ], [ 23.439911259433575, 53.690510747880339 ], [ 23.439804246508711, 53.690461711538426 ], [ 23.439719517356114, 53.690408240146176 ], [ 23.439572396634812, 53.690336860054913 ], [ 23.439447567211872, 53.69026550827494 ], [ 23.439291389190487, 53.690203093185161 ], [ 23.439108608110161, 53.69014513105116 ], [ 23.438925806219075, 53.690073778542732 ], [ 23.438760822356155, 53.690024740959991 ], [ 23.438658248304566, 53.689971196734156 ], [ 23.438609242306782, 53.689940013182891 ], [ 23.438537831669503, 53.689913289448711 ], [ 23.438408544911113, 53.689913246260495 ], [ 23.43825692486087, 53.689962296130155 ], [ 23.438091872481866, 53.690029182302922 ], [ 23.437993855682269, 53.690047007477467 ], [ 23.437891253699192, 53.690051511153108 ], [ 23.437802045327661, 53.690055957976313 ], [ 23.437655009455696, 53.690033672059357 ], [ 23.437329466619484, 53.689962255182813 ], [ 23.4371243088314, 53.689922138960647 ], [ 23.436758676117723, 53.689828548253033 ], [ 23.436504436597588, 53.689748245886264 ], [ 23.436201216645781, 53.689650148208358 ], [ 23.436036221098899, 53.689587716113103 ], [ 23.435733052556547, 53.689520860405246 ], [ 23.435349604176498, 53.689440581920806 ], [ 23.434863580660483, 53.689378192283066 ], [ 23.434506902720436, 53.689320213314758 ], [ 23.43399842086442, 53.68926666780326 ], [ 23.433637325452139, 53.689222118885723 ], [ 23.433285026755538, 53.689199823822854 ], [ 23.433111121674361, 53.689204275779254 ], [ 23.432990678337802, 53.689208700905134 ], [ 23.432865916979345, 53.689168584502937 ], [ 23.432696433317936, 53.689066020371357 ], [ 23.432406631989437, 53.688829714092442 ], [ 23.432330748188519, 53.688820808705991 ], [ 23.432134538403268, 53.688811838798422 ], [ 23.431942856914446, 53.688816288866086 ], [ 23.431782293009753, 53.68882078130266 ], [ 23.43157718781697, 53.688802970057594 ], [ 23.431282831134958, 53.68875389266011 ], [ 23.431122346013623, 53.68872711576973 ], [ 23.431033161461876, 53.688695923539242 ], [ 23.430894927764982, 53.688642397000315 ], [ 23.430667498506306, 53.68854875120384 ], [ 23.430507045206483, 53.688495267350227 ], [ 23.430270650478434, 53.688437265839056 ], [ 23.430141388536708, 53.688397115627794 ], [ 23.429998685729501, 53.688321314734075 ], [ 23.429878289306806, 53.688209912006926 ], [ 23.429695466227372, 53.688044888540176 ], [ 23.429432366621469, 53.687763931314812 ], [ 23.429258431510839, 53.687590067885615 ], [ 23.428999847573213, 53.687309141731845 ], [ 23.428660889343981, 53.686974718866388 ], [ 23.428482563616239, 53.68679187360658 ], [ 23.42831758832077, 53.686617998248614 ], [ 23.428125796280337, 53.686426208533987 ], [ 23.428005499110363, 53.686288002077283 ], [ 23.427849425309034, 53.686073946474075 ], [ 23.42771118990353, 53.685904523018799 ], [ 23.427595209991299, 53.685761836025371 ], [ 23.427488221661012, 53.685650378643018 ], [ 23.427403493758785, 53.685570120671485 ], [ 23.427291960744544, 53.685480874427306 ], [ 23.427135976504434, 53.685329303154134 ], [ 23.426783587586971, 53.684985937473769 ], [ 23.426435841429555, 53.684647040650212 ], [ 23.426257469920344, 53.684504389218489 ], [ 23.426159400912653, 53.684415161463207 ], [ 23.426021222042781, 53.684330463040354 ], [ 23.425927529177656, 53.684232365128658 ], [ 23.42584725986908, 53.684107507807461 ], [ 23.425749196496326, 53.683915778243808 ], [ 23.425708956233937, 53.683817658315292 ], [ 23.425704579042058, 53.683719563802342 ], [ 23.425700057488992, 53.683603642628157 ], [ 23.425717897502128, 53.683505506467569 ], [ 23.425740245308447, 53.683407401238661 ], [ 23.425780396205102, 53.683278130012482 ], [ 23.425807114156733, 53.683220174002265 ], [ 23.425807160501932, 53.683108648547062 ], [ 23.425722411762269, 53.682899113640467 ], [ 23.425593130717058, 53.68271629326042 ], [ 23.425463801056093, 53.682546788212619 ], [ 23.425316609207677, 53.682404084956652 ], [ 23.425156139056899, 53.68219900453785 ], [ 23.425017821737114, 53.682092017725836 ], [ 23.424924242538381, 53.682033988874529 ], [ 23.424781485967269, 53.681980525744805 ], [ 23.424625472642592, 53.681891290180673 ], [ 23.424415919919941, 53.681717453879116 ], [ 23.424353402722865, 53.6816193041766 ], [ 23.424322310999361, 53.681525686116714 ], [ 23.424335562372786, 53.681458787286417 ], [ 23.424393605621809, 53.681378513843889 ], [ 23.424567501819919, 53.681093189535162 ], [ 23.424834967720692, 53.680616000187662 ], [ 23.424928723479319, 53.680464447228999 ], [ 23.424950926955713, 53.680402000123891 ], [ 23.424937546474638, 53.680205814743751 ], [ 23.424919734717161, 53.679920392343739 ], [ 23.424879643352007, 53.679733144619107 ], [ 23.424866218710349, 53.67955473830348 ], [ 23.424875148660025, 53.679434379898005 ], [ 23.424924182461574, 53.679256014339053 ], [ 23.425026728365903, 53.678930480541148 ], [ 23.425298790968512, 53.678341891360574 ], [ 23.425552916780493, 53.67778003261909 ], [ 23.425726843739614, 53.677445607407982 ], [ 23.425847238297024, 53.677240498425313 ], [ 23.425936432820269, 53.677057683091469 ], [ 23.426034596927305, 53.676892706340141 ], [ 23.42609244917637, 53.676767836812559 ], [ 23.426168334670319, 53.676656305775957 ], [ 23.426252999413265, 53.676602826171312 ], [ 23.426391269471107, 53.676531522490457 ], [ 23.426721205227576, 53.676406668646145 ], [ 23.427216218066953, 53.676237174352089 ], [ 23.42770222607497, 53.676067789104877 ], [ 23.428420129495809, 53.675849219376907 ], [ 23.428812560357514, 53.675760097589446 ], [ 23.429218371652645, 53.675666456461414 ], [ 23.429526024665396, 53.675595039855175 ], [ 23.429842594802071, 53.675541558656136 ], [ 23.43025276694182, 53.675479132920117 ], [ 23.430444654320979, 53.675452399735946 ], [ 23.43064519152778, 53.675434555232449 ], [ 23.430926225437592, 53.675434546206155 ], [ 23.431131295902055, 53.675434581116299 ], [ 23.431336434343422, 53.67544344166388 ], [ 23.431528185632835, 53.67545235750643 ], [ 23.431773404260543, 53.675479097448466 ], [ 23.432107853457389, 53.675497008257736 ], [ 23.432384242352022, 53.675483602215813 ], [ 23.432598338097332, 53.675452358940014 ], [ 23.432803358098944, 53.675416690629632 ], [ 23.433178039956925, 53.675345401966325 ], [ 23.43353025241046, 53.675274033372297 ], [ 23.434038671128462, 53.675167024631108 ], [ 23.434569302304489, 53.675059969569148 ], [ 23.435242575904244, 53.674926203612515 ], [ 23.435639468305595, 53.674854862051319 ], [ 23.436299320230074, 53.674743383880916 ], [ 23.436887963373668, 53.674636393069441 ], [ 23.437409678234591, 53.674551648513152 ], [ 23.437909171686261, 53.674462483529766 ], [ 23.438457606646747, 53.674377719223216 ], [ 23.438827660985503, 53.674310867387689 ], [ 23.439184404132423, 53.674257359252096 ], [ 23.439559027368361, 53.674194898471669 ], [ 23.439750792841526, 53.674168172670306 ], [ 23.439996000573075, 53.674141416612571 ], [ 23.440375031877323, 53.674092395183393 ], [ 23.440780776818254, 53.674038894805442 ], [ 23.441240085977235, 53.673985337032519 ], [ 23.441980308467731, 53.673887211556185 ], [ 23.442836466816342, 53.673771302149746 ], [ 23.443603477940602, 53.673673222600364 ], [ 23.444325821454854, 53.673584031803237 ], [ 23.444856391559725, 53.673517109417553 ], [ 23.445632196663173, 53.673401176458938 ], [ 23.446176272402212, 53.673325412169461 ], [ 23.446845156120236, 53.673227311915184 ], [ 23.447906501213698, 53.673066786197317 ], [ 23.448343450153516, 53.67299988104272 ], [ 23.448878501777767, 53.672919580369658 ], [ 23.449154972857539, 53.672875038763216 ], [ 23.449306543295908, 53.67283937218216 ], [ 23.449502714021847, 53.672794734835428 ], [ 23.449667695792687, 53.672736772004527 ], [ 23.4498326772338, 53.672678808949655 ], [ 23.450015542002777, 53.672580730690363 ], [ 23.450497190064887, 53.672237332042307 ], [ 23.451143654527613, 53.671786983281713 ], [ 23.451647632859572, 53.671443682869821 ], [ 23.452155936631055, 53.671140448293563 ], [ 23.452526028656553, 53.670917470831924 ], [ 23.453128111915085, 53.670574156870536 ], [ 23.453609560569515, 53.670306585510431 ], [ 23.453908374226508, 53.670150529539661 ], [ 23.454577305650933, 53.669793802016542 ], [ 23.455085619046002, 53.669512870157519 ], [ 23.455634073073607, 53.669218546316742 ], [ 23.456035370096082, 53.669000034494871 ], [ 23.456472330858539, 53.668750327341456 ], [ 23.457003003057256, 53.66842930589609 ], [ 23.457221473275506, 53.668286640476069 ], [ 23.45743108717566, 53.668130578876102 ], [ 23.457970564743494, 53.667751535580706 ], [ 23.458434372635946, 53.667399278360129 ], [ 23.458871415959628, 53.667060352840849 ], [ 23.459125558997052, 53.666841848145602 ], [ 23.459268157002342, 53.666721458377992 ], [ 23.459366373846294, 53.666596606901471 ], [ 23.459397507145532, 53.666525300442167 ], [ 23.459401965565437, 53.666449453603526 ], [ 23.459379653070762, 53.666404884933876 ], [ 23.459268170432964, 53.666306751429779 ], [ 23.458987238606358, 53.665985687273924 ], [ 23.458817780950032, 53.665758295205613 ], [ 23.458697384941562, 53.665588837129775 ], [ 23.458639470481153, 53.665432783185231 ], [ 23.458594821362222, 53.665276695318539 ], [ 23.458554719035661, 53.665223208581885 ], [ 23.458358550984862, 53.665196445388816 ], [ 23.457457847991115, 53.665076048592674 ], [ 23.456860325952182, 53.665013638164901 ], [ 23.45634303824739, 53.664955701429882 ], [ 23.455348698805704, 53.664839716437079 ], [ 23.454916099178131, 53.664790667731609 ], [ 23.454002054905772, 53.664670297602285 ], [ 23.453123601206478, 53.664567757913545 ], [ 23.452561749349144, 53.664491902696753 ], [ 23.451906245774971, 53.66438931310261 ], [ 23.450595222546823, 53.664193142917995 ], [ 23.450064681440264, 53.664117358842283 ], [ 23.449270913396944, 53.664005837692407 ], [ 23.448762546177576, 53.663934559925082 ], [ 23.448249748624917, 53.663872074238292 ], [ 23.447710202233594, 53.663818624958303 ], [ 23.447036901086037, 53.663773958777512 ], [ 23.446483894229893, 53.663711563361431 ], [ 23.445663536326322, 53.66360902616055 ], [ 23.445329104928501, 53.663564393054877 ], [ 23.444040372584666, 53.66337264847553 ], [ 23.442992492097481, 53.663225559183765 ], [ 23.442114066225543, 53.663091786579265 ], [ 23.441730504040141, 53.663024845051027 ], [ 23.441431845388202, 53.662958008861416 ], [ 23.440785220876187, 53.662784043297542 ], [ 23.440236797995638, 53.662627996460159 ], [ 23.439603540680441, 53.662427369407858 ], [ 23.439122007834911, 53.662271304376276 ], [ 23.438506619483633, 53.662048336347894 ], [ 23.438279257125352, 53.661959127948059 ], [ 23.438042822739089, 53.661865495786856 ], [ 23.43750779066696, 53.661611370822364 ], [ 23.436722963797063, 53.661232335445611 ], [ 23.436348457219808, 53.661049482370785 ], [ 23.436058621561628, 53.660884463886887 ], [ 23.435599339003097, 53.660643718093368 ], [ 23.434810110416851, 53.660255791549957 ], [ 23.434154520353822, 53.659912409731433 ], [ 23.433726513488466, 53.659734061967974 ], [ 23.433293999970431, 53.65955122068172 ], [ 23.432544863156672, 53.65928372094902 ], [ 23.43204100734329, 53.659109774511492 ], [ 23.431438978363737, 53.658904682856679 ], [ 23.430787933891015, 53.658712879649997 ], [ 23.430248374056628, 53.658570204366704 ], [ 23.429231695319377, 53.658329423595731 ], [ 23.428643074548699, 53.658200129484655 ], [ 23.428295240653096, 53.658146596357525 ], [ 23.427465898047274, 53.658021762023729 ], [ 23.426872858892818, 53.65794150173587 ], [ 23.426484911086995, 53.657910261279063 ], [ 23.425758098504446, 53.657874639001584 ], [ 23.425089147477745, 53.657843408775193 ], [ 23.424607665329393, 53.657830018756812 ], [ 23.42416622851627, 53.657825583095274 ], [ 23.423390315936199, 53.657825563153992 ], [ 23.422761611368617, 53.65785678522974 ], [ 23.421878645785672, 53.657914767230153 ], [ 23.421437210639244, 53.65795932070683 ], [ 23.420830776889787, 53.658044026542349 ], [ 23.419934448830404, 53.658168892582921 ], [ 23.419029346438744, 53.658333889644382 ], [ 23.418636931093445, 53.658418608397128 ], [ 23.418177546119903, 53.658512270995757 ], [ 23.417825281504346, 53.658596998074913 ], [ 23.417209991751957, 53.658761999689879 ], [ 23.416759523018818, 53.658895724510373 ], [ 23.416273612582348, 53.65904736118523 ], [ 23.415823173311352, 53.659212312745183 ], [ 23.415582412201484, 53.659292619132152 ], [ 23.415337150569847, 53.659377355188838 ], [ 23.414583577587198, 53.659676098622981 ], [ 23.414017252842463, 53.659916882537679 ], [ 23.413566831204228, 53.660113056892726 ], [ 23.413129915052849, 53.660371712421806 ], [ 23.412880219093207, 53.66053672078958 ], [ 23.412501135740278, 53.660786395422207 ], [ 23.412273820441282, 53.660946951695195 ], [ 23.411992798576744, 53.661125344794847 ], [ 23.410672929816499, 53.662003707945715 ], [ 23.409674064944799, 53.66266819350637 ], [ 23.40912116223641, 53.66302491332452 ], [ 23.408389907763688, 53.663506422595503 ], [ 23.407765555237869, 53.663934512446964 ], [ 23.407123467466118, 53.664331437369135 ], [ 23.406120199360466, 53.665035911958014 ], [ 23.405348813309754, 53.665548704428431 ], [ 23.404769033315485, 53.665936679519056 ], [ 23.404283067409452, 53.666244368778656 ], [ 23.403716765687015, 53.666623340867169 ], [ 23.403114696263618, 53.667024661588947 ], [ 23.402753640841073, 53.667269964054171 ], [ 23.402173927923553, 53.667644522836191 ], [ 23.401647724292975, 53.667987812316902 ], [ 23.401183993582897, 53.668308919857978 ], [ 23.400831669140587, 53.668549699690729 ], [ 23.40032784225636, 53.668901923790834 ], [ 23.399997827202771, 53.669111579272439 ], [ 23.399712452777091, 53.669307726145739 ], [ 23.399431515751225, 53.669486154942142 ], [ 23.39905253794576, 53.669762535123688 ], [ 23.398459492632071, 53.670123725766743 ], [ 23.398236431051139, 53.670230783078658 ], [ 23.397853026359215, 53.670431418886722 ], [ 23.397188679671352, 53.670712383687501 ], [ 23.396903184191022, 53.670823842858233 ], [ 23.396145214113226, 53.67117164890842 ], [ 23.395239937560692, 53.671550653144102 ], [ 23.394825225602766, 53.67172011397011 ], [ 23.394107398243186, 53.671938595400562 ], [ 23.393322570690763, 53.672148153293215 ], [ 23.392939100698644, 53.672241851497766 ], [ 23.39247975435007, 53.672348850713021 ], [ 23.391819880763631, 53.672500484338869 ], [ 23.391226798412308, 53.672625286665983 ], [ 23.390772007973482, 53.672696685410905 ], [ 23.390410724340562, 53.672750179107268 ], [ 23.389273772280085, 53.672941914588549 ], [ 23.388680617742999, 53.673022176814108 ], [ 23.387989448062886, 53.673111378936738 ], [ 23.387218084390799, 53.673209428278646 ], [ 23.386428779581642, 53.673312049705871 ], [ 23.385871408776875, 53.673432423953308 ], [ 23.385117826394868, 53.673615252699463 ], [ 23.384493596245267, 53.67381145694106 ], [ 23.38403868219271, 53.673980853312649 ], [ 23.383588339370764, 53.674163742108341 ], [ 23.382406668228267, 53.674783502209685 ], [ 23.381813639451298, 53.675207146153923 ], [ 23.380324227578434, 53.675933957504178 ], [ 23.378830454567783, 53.676687546320821 ], [ 23.378081297570169, 53.677079938534952 ], [ 23.375459398851522, 53.678466709782874 ], [ 23.374973298306237, 53.678818991478991 ], [ 23.3747236271888, 53.678934981383975 ], [ 23.37345283024133, 53.679269373825605 ], [ 23.372123959769439, 53.679666216238807 ], [ 23.369564492599199, 53.680504507613534 ], [ 23.367415267390669, 53.681160050514286 ], [ 23.365551273530301, 53.681748600881114 ], [ 23.362915907096706, 53.682551256220933 ], [ 23.361453334863281, 53.682992747004597 ], [ 23.358617446665424, 53.683889028634631 ], [ 23.354796004105218, 53.685110812488418 ], [ 23.352651101432727, 53.685779651734684 ], [ 23.349873028088652, 53.686671457043438 ], [ 23.347558777987015, 53.687380490812174 ], [ 23.346930096544501, 53.68751427123717 ], [ 23.346180974924835, 53.687607927264978 ], [ 23.345257984137135, 53.687728286899898 ], [ 23.344343800721866, 53.687808585971091 ], [ 23.343255785059426, 53.687826411254392 ], [ 23.342248056851577, 53.687768454670227 ], [ 23.341365129597438, 53.687656966139706 ], [ 23.340647175827673, 53.687532064780243 ], [ 23.3394388840182, 53.687211061522696 ], [ 23.33865397550699, 53.686979189191035 ], [ 23.337918220132767, 53.686716107155426 ], [ 23.332897232109126, 53.685026088191037 ], [ 23.331497101598131, 53.684526670017732 ], [ 23.330953146766262, 53.684370553208154 ], [ 23.328995642389405, 53.683813216874555 ], [ 23.327332350948883, 53.683576856576593 ], [ 23.326208663885872, 53.683425239202549 ], [ 23.325397113906636, 53.683313758359219 ], [ 23.32253431687684, 53.683193356473929 ], [ 23.320010485272707, 53.683394041576975 ], [ 23.319578007812542, 53.683465423197418 ], [ 23.318489952149065, 53.68384444151863 ], [ 23.316202414226257, 53.684334906011927 ], [ 23.315961689647242, 53.684388441202927 ], [ 23.315007337925827, 53.684611403915206 ], [ 23.313696426226652, 53.684829910125842 ], [ 23.312617345562295, 53.685035019703996 ], [ 23.311533757273075, 53.685240081894406 ], [ 23.30909458359827, 53.685797514401166 ], [ 23.307043479528659, 53.686221128609979 ], [ 23.30581720825834, 53.686265708716704 ], [ 23.305045663736703, 53.686225550167215 ], [ 23.304274313682413, 53.686185434192367 ], [ 23.301924312878707, 53.685801954524102 ], [ 23.296783027054566, 53.684861113802668 ], [ 23.29494587249831, 53.684589085214121 ], [ 23.293902386265856, 53.684433019169504 ], [ 23.291088780540875, 53.684424092275862 ], [ 23.289862579075194, 53.684571273349633 ], [ 23.287757883236353, 53.684709500615938 ], [ 23.282429221759049, 53.685177704491302 ], [ 23.280676724582069, 53.685257989384723 ], [ 23.279218643402412, 53.685199951701641 ], [ 23.27759102391477, 53.685173202416948 ], [ 23.275651355862657, 53.685043945812993 ], [ 23.274072790032626, 53.685146501954428 ], [ 23.272235624121059, 53.685431823857222 ], [ 23.270692762006576, 53.68590004773251 ], [ 23.268967170371425, 53.686600095544428 ], [ 23.268258166310698, 53.686854305340425 ], [ 23.267054203766218, 53.687665861568327 ], [ 23.266407636966328, 53.688321319644722 ], [ 23.266256025675972, 53.688383740004234 ], [ 23.265903740085029, 53.688602265924956 ], [ 23.26470871668889, 53.689632296291173 ], [ 23.26432076285845, 53.690216496397213 ], [ 23.263625096053463, 53.690871957510687 ], [ 23.263638529567626, 53.691175172451068 ], [ 23.263522626499132, 53.691456112149439 ], [ 23.263402232575974, 53.691732550508846 ], [ 23.263197074815469, 53.691705796346071 ], [ 23.261685472410409, 53.691237559857015 ], [ 23.255621088958637, 53.689364786591419 ], [ 23.24993127307593, 53.687763936069913 ], [ 23.249699400427666, 53.68767477248705 ], [ 23.249463027039106, 53.687585569376637 ], [ 23.249191077820669, 53.687349293080949 ], [ 23.249351611985581, 53.68705496595598 ], [ 23.253855268608088, 53.681748630174248 ], [ 23.253266658732041, 53.681458819924707 ], [ 23.251621240892437, 53.68073199497843 ], [ 23.248598000734692, 53.679715287536709 ], [ 23.247242427325432, 53.679278294708134 ], [ 23.242448932039469, 53.677837981155996 ], [ 23.241316225107735, 53.677490201884638 ], [ 23.239630689069298, 53.676990759246856 ], [ 23.239144731156163, 53.676923856818718 ], [ 23.23740118624325, 53.676736645316687 ], [ 23.236759128806938, 53.676634041329294 ], [ 23.235363408177648, 53.676210443704434 ], [ 23.233486022746437, 53.675626263899105 ], [ 23.232629965625364, 53.67540782460199 ], [ 23.229437297662482, 53.67461853562434 ], [ 23.227863137331486, 53.674288532875345 ], [ 23.226347085355652, 53.673967510284143 ], [ 23.225285838641973, 53.673717791055509 ], [ 23.224010460543084, 53.673517163471026 ], [ 23.221825567515175, 53.673285239748346 ], [ 23.220612710626828, 53.673213940765272 ], [ 23.219234809735024, 53.673316484358935 ], [ 23.217754338631298, 53.673463614967368 ], [ 23.216608440994502, 53.673401208940042 ], [ 23.213076834986932, 53.673213914210599 ], [ 23.209433749496114, 53.672897297530291 ], [ 23.207979978929043, 53.67278582407917 ], [ 23.207333476331531, 53.672647627342968 ], [ 23.205714829225336, 53.671193923491742 ], [ 23.204707020092396, 53.67023970702386 ], [ 23.203806305828085, 53.669437030478413 ], [ 23.202366088647594, 53.668157297165621 ], [ 23.200412963872463, 53.666413797486427 ], [ 23.198776397821749, 53.664960123325514 ], [ 23.197840005011173, 53.664184206961316 ], [ 23.196702898781417, 53.663194294835016 ], [ 23.194451126711897, 53.662757355035701 ], [ 23.192720962147732, 53.662494284158278 ], [ 23.191927252769656, 53.66266813671816 ], [ 23.189724512995117, 53.663243381709492 ], [ 23.187472557698275, 53.663863162846454 ], [ 23.184774805194536, 53.664612305934 ], [ 23.182558751161196, 53.665205402113536 ], [ 23.180396022675865, 53.665767182816474 ], [ 23.178175350035108, 53.666226518499222 ], [ 23.176244632934043, 53.667194156401756 ], [ 23.174510052074012, 53.668402513415678 ], [ 23.173600407678471, 53.668951004360459 ], [ 23.172449882778896, 53.669887393204171 ], [ 23.171415453818113, 53.670841661117535 ], [ 23.170644013807365, 53.671421331500071 ], [ 23.170260506872921, 53.671630953961319 ], [ 23.16916351006174, 53.671635372501626 ], [ 23.168557156161146, 53.671581873457804 ], [ 23.165716735190461, 53.670930885345349 ], [ 23.163393402916803, 53.670360079053701 ], [ 23.161177259517181, 53.669900817868793 ], [ 23.159416007660983, 53.669477220163259 ], [ 23.158595520733702, 53.669209656125894 ], [ 23.155643540104204, 53.667956653929032 ], [ 23.153529898819386, 53.667318980757798 ], [ 23.15246866775092, 53.666855220465948 ], [ 23.14973978773665, 53.665994645218987 ], [ 23.148687299603914, 53.665655717782478 ], [ 23.145913868238551, 53.66484421162027 ], [ 23.143626331750305, 53.664661381319014 ], [ 23.143086732211284, 53.664616792678508 ], [ 23.140915199509216, 53.664175355183339 ], [ 23.138721247230855, 53.663787396039623 ], [ 23.136968866588383, 53.663604524165848 ], [ 23.134685871484749, 53.663421748035731 ], [ 23.132300118538868, 53.663073938235534 ], [ 23.131105117924502, 53.662828712690654 ], [ 23.128563415879508, 53.662315862369724 ], [ 23.127341608793348, 53.662034919186709 ], [ 23.125651699641793, 53.661647026862127 ], [ 23.126677302728641, 53.660229032096211 ], [ 23.127948134361528, 53.658436453540986 ], [ 23.127881243040203, 53.657945950961356 ], [ 23.127912396296207, 53.657486662641546 ], [ 23.125838922463259, 53.655769943739671 ], [ 23.124255938712903, 53.654525788649948 ], [ 23.12008227593083, 53.651243938547928 ], [ 23.119738926032298, 53.650833695764881 ], [ 23.119440127645589, 53.650360998692236 ], [ 23.11918149007624, 53.648474787401824 ], [ 23.119533677608725, 53.639266756757586 ], [ 23.119698743666927, 53.636234554088993 ], [ 23.12004664689595, 53.628805757247754 ], [ 23.123109983545245, 53.624426928121487 ], [ 23.125116550037074, 53.621256483348105 ], [ 23.125419778982042, 53.620556366758152 ], [ 23.125406318916724, 53.620221941623633 ], [ 23.125009535186141, 53.619642321819271 ], [ 23.121027575118504, 53.61455448111915 ], [ 23.119600679624348, 53.612766319976515 ], [ 23.117955262433963, 53.610563585155155 ], [ 23.116586288364775, 53.60788365204877 ], [ 23.113915324635229, 53.602662034935776 ], [ 23.110267726238039, 53.595928825541073 ], [ 23.110040301434399, 53.594791691298212 ], [ 23.109973457754602, 53.594261063326698 ], [ 23.104141016832028, 53.592089507213792 ], [ 23.101724178697303, 53.591202138393001 ], [ 23.091793748151069, 53.587523383557553 ], [ 23.091133759754271, 53.587336115188855 ], [ 23.077644924047679, 53.585320593302313 ], [ 23.055492128121191, 53.581989645102873 ], [ 23.051871416749471, 53.581454545174978 ], [ 23.044710070841905, 53.580379919666633 ], [ 23.044090245765567, 53.580161353923316 ], [ 23.043755775637251, 53.579889421140336 ], [ 23.043738000741811, 53.579389984850316 ], [ 23.043800442196822, 53.578582858992974 ], [ 23.043635328475634, 53.577887243165186 ], [ 23.04332770657626, 53.577115819438191 ], [ 23.042890727578882, 53.576674375318539 ], [ 23.036420587746278, 53.574672269347893 ], [ 23.025861448619285, 53.571412656890359 ], [ 23.000787923750387, 53.5639124065262 ], [ 22.983058507513988, 53.558405405285484 ], [ 22.974657510227889, 53.555868207304641 ], [ 22.950141437633452, 53.548376966108641 ], [ 22.924862773457932, 53.540622564042771 ], [ 22.924314324047053, 53.540453073097986 ], [ 22.916109622947392, 53.537938160023224 ], [ 22.901715550403907, 53.533661903456419 ], [ 22.890683747322473, 53.530241780732034 ], [ 22.87731095531851, 53.526268718043127 ], [ 22.866145324683792, 53.522763813550718 ], [ 22.857396594033744, 53.520155242751372 ], [ 22.854440219165177, 53.519303566276783 ], [ 22.842280269600103, 53.513676157915747 ], [ 22.83496282332062, 53.510095536058863 ], [ 22.830913985545344, 53.508236107609491 ], [ 22.827239731552975, 53.506599641854187 ], [ 22.824359176516225, 53.505846015332672 ], [ 22.818798584720117, 53.504807064275916 ], [ 22.813238046731918, 53.503790360461345 ], [ 22.80530534750341, 53.502269838710298 ], [ 22.796025938628905, 53.500517384740547 ], [ 22.790465426708714, 53.499460588998275 ], [ 22.784905027422841, 53.498421586474592 ], [ 22.782305333736144, 53.49794452635377 ], [ 22.774929997223236, 53.496481881417637 ], [ 22.769209012624838, 53.495389433988606 ], [ 22.767563572848374, 53.495099601999101 ], [ 22.764598259959538, 53.494470829092833 ], [ 22.763795551569949, 53.494105229795615 ], [ 22.763184726097229, 53.494653686255219 ], [ 22.761253985439637, 53.496334767645642 ], [ 22.751702467448524, 53.492682764143858 ], [ 22.751278923242314, 53.492508825961565 ], [ 22.751122774894498, 53.492433021955868 ], [ 22.750685772834871, 53.492250208789535 ], [ 22.749624561893096, 53.491853378102448 ], [ 22.749249967556167, 53.491715130922252 ], [ 22.748888869554303, 53.491576874515538 ], [ 22.748719323780541, 53.491514458829869 ], [ 22.748500826880957, 53.491759707534833 ], [ 22.748425113554298, 53.491741910294017 ], [ 22.747809678723584, 53.491683883825857 ], [ 22.747537750307771, 53.491683935044811 ], [ 22.746989217396756, 53.491612577799991 ], [ 22.746708251137711, 53.491715113679213 ], [ 22.746440743025822, 53.491666070599827 ], [ 22.746079542427335, 53.491630416250658 ], [ 22.745941420582323, 53.491576924394849 ], [ 22.745651561454814, 53.491509998631031 ], [ 22.745169855106603, 53.491492149002219 ], [ 22.74489785595873, 53.491376220803666 ], [ 22.744790875309263, 53.49132275007009 ], [ 22.744724043462405, 53.491215723276838 ], [ 22.74465716608859, 53.491104268189488 ], [ 22.74449208985973, 53.491081934764921 ], [ 22.744367295961599, 53.491304904282146 ], [ 22.744300409269311, 53.491456488158086 ], [ 22.743207891972162, 53.491420813557838 ], [ 22.743141061794159, 53.49175075917762 ], [ 22.742539022587636, 53.491737441648382 ], [ 22.742356229247076, 53.491661663431394 ], [ 22.742182259918728, 53.491652681407089 ], [ 22.741776498591502, 53.491679458095035 ], [ 22.740951587295029, 53.491777542705144 ], [ 22.740679607214862, 53.491099775065265 ], [ 22.739332999285317, 53.491407433458562 ], [ 22.738659648294661, 53.491536728255703 ], [ 22.737593876901879, 53.491724039703072 ], [ 22.736898278761601, 53.491880142238408 ], [ 22.736753305765092, 53.491945336715673 ], [ 22.735930715090586, 53.491251363325112 ], [ 22.730347798968577, 53.489570276327719 ], [ 22.723538889237965, 53.489891383876184 ], [ 22.717831104489193, 53.490689521197496 ], [ 22.715037251520865, 53.49064003269676 ], [ 22.714692065426242, 53.49051119666413 ], [ 22.713604008939093, 53.490118793786962 ], [ 22.712948469226571, 53.489895845034845 ], [ 22.712217154077464, 53.489605936948529 ], [ 22.711513302980432, 53.489346433903727 ], [ 22.710018804489895, 53.488290543720211 ], [ 22.708848182149744, 53.488369368152149 ], [ 22.708141540457284, 53.488121139077926 ], [ 22.707865078176152, 53.488031882453399 ], [ 22.707557337995752, 53.487907041313825 ], [ 22.707200713004013, 53.487768842466963 ], [ 22.706790425256663, 53.487621721471967 ], [ 22.706393552049008, 53.48749235854585 ], [ 22.705840607871458, 53.487282789287939 ], [ 22.705626586989869, 53.487224792170728 ], [ 22.705390267305631, 53.487189176790459 ], [ 22.704935447794046, 53.487131168397781 ], [ 22.704502956053446, 53.48709104745582 ], [ 22.70427994088098, 53.487055377809369 ], [ 22.703976704974512, 53.486983999609841 ], [ 22.703981255403647, 53.486917150876188 ], [ 22.704110504829192, 53.486872587449604 ], [ 22.704284473366204, 53.486814552737798 ], [ 22.704413827397158, 53.486729865690947 ], [ 22.704574263713436, 53.486564844096158 ], [ 22.704792844767297, 53.486373138956438 ], [ 22.705305651747789, 53.485918309374327 ], [ 22.706059182439954, 53.485267253143725 ], [ 22.706866313992336, 53.484544922737577 ], [ 22.707218436634324, 53.484263945548761 ], [ 22.707481669984048, 53.483978574321107 ], [ 22.707909680188504, 53.483184840976961 ], [ 22.70803905265138, 53.482984192966214 ], [ 22.70813706692962, 53.482828182003644 ], [ 22.708814834741297, 53.481793620426451 ], [ 22.708966445967473, 53.481552858418482 ], [ 22.709135874834271, 53.481356633427268 ], [ 22.709220676412439, 53.48126746295577 ], [ 22.709332171849269, 53.481200524085089 ], [ 22.709443628483946, 53.481160471302978 ], [ 22.710054447654517, 53.481040041686924 ], [ 22.710143699360213, 53.48098207725436 ], [ 22.710201640643721, 53.480910721047394 ], [ 22.710108101525339, 53.480772522165978 ], [ 22.709073524530783, 53.479220692413399 ], [ 22.708569612780718, 53.478458249908527 ], [ 22.708364445178617, 53.478163912497301 ], [ 22.708012248764295, 53.47779384337948 ], [ 22.707370152986105, 53.477405862408496 ], [ 22.706473889495495, 53.476768236162144 ], [ 22.704881999212812, 53.475760482108619 ], [ 22.703981221996155, 53.475220920551372 ], [ 22.700770721261698, 53.473281233590896 ], [ 22.698612508892499, 53.471952386730507 ], [ 22.698228942138869, 53.471729425824492 ], [ 22.69721229357323, 53.471172093849283 ], [ 22.696779775476077, 53.470904484177893 ], [ 22.6961376686384, 53.470275796087584 ], [ 22.695736318471162, 53.469843240758607 ], [ 22.695473196654493, 53.469392864738097 ], [ 22.695027416463407, 53.468322709475558 ], [ 22.694532396706911, 53.467319382627501 ], [ 22.693957167261182, 53.466579173547217 ], [ 22.693248215113922, 53.465673973337239 ], [ 22.690697518953669, 53.46244113979315 ], [ 22.69055938502899, 53.462405463696314 ], [ 22.690376503173049, 53.46240995400872 ], [ 22.688971924624585, 53.462539212203204 ], [ 22.688414459940351, 53.462574872048151 ], [ 22.688258495617259, 53.462369807168642 ], [ 22.688173632148199, 53.462285041927359 ], [ 22.688075606640233, 53.462253863897452 ], [ 22.687629668847453, 53.462302868374081 ], [ 22.68742008828395, 53.462320779673611 ], [ 22.687277346927957, 53.462320716133597 ], [ 22.687161415792382, 53.462298422186059 ], [ 22.68702328969178, 53.462262740983022 ], [ 22.686720008107667, 53.462155741286409 ], [ 22.686519385591343, 53.462066559448949 ], [ 22.686291954977204, 53.461892655053717 ], [ 22.684334386107892, 53.461192570157934 ], [ 22.683567490983837, 53.460800201512484 ], [ 22.681328931759147, 53.459961857889262 ], [ 22.681012421258401, 53.459761245775184 ], [ 22.680272208278151, 53.460117897741611 ], [ 22.680116080232533, 53.460104591293323 ], [ 22.68003138234473, 53.460082309283599 ], [ 22.679875406682157, 53.459970808004314 ], [ 22.679429387158173, 53.45956949756701 ], [ 22.677855409301369, 53.45836552553687 ], [ 22.675077376926172, 53.456238502670374 ], [ 22.673186637248637, 53.454749167934374 ], [ 22.673075227815875, 53.453995595635142 ], [ 22.6729993604343, 53.452889703081098 ], [ 22.672812123615518, 53.45230109561551 ], [ 22.672638238038449, 53.451913166485937 ], [ 22.67239744273871, 53.451373609824977 ], [ 22.672116510598862, 53.450905453781388 ], [ 22.671630470948237, 53.450107261372708 ], [ 22.671318276600626, 53.449567732256043 ], [ 22.670667300305322, 53.448372646809673 ], [ 22.670185736584159, 53.446963614447213 ], [ 22.670025184346457, 53.446575662251838 ], [ 22.669927087312171, 53.446374990855844 ], [ 22.669793262354318, 53.446067324436783 ], [ 22.669704045357449, 53.445969192387416 ], [ 22.668901502043699, 53.445331580586206 ], [ 22.668286127979606, 53.444863367497803 ], [ 22.66785802754363, 53.444515503908036 ], [ 22.667657383450528, 53.444305949663075 ], [ 22.667429903512613, 53.444065163385396 ], [ 22.667322962582872, 53.443846709680784 ], [ 22.667269487987976, 53.443645997283987 ], [ 22.667104416724722, 53.443110940431815 ], [ 22.666671895051163, 53.442058602330412 ], [ 22.666578265483285, 53.440872421690564 ], [ 22.665298517075076, 53.43962391370988 ], [ 22.665334236802956, 53.439414346070706 ], [ 22.664081245866495, 53.43849575244932 ], [ 22.664299660126201, 53.438192584413891 ], [ 22.664767922211027, 53.437764488983575 ], [ 22.665169186124174, 53.43728285453539 ], [ 22.664290734444013, 53.435989790913929 ], [ 22.665316317288191, 53.435726641045989 ], [ 22.664825886782012, 53.434790204218324 ], [ 22.6657666674156, 53.434754579706123 ], [ 22.666350846739864, 53.434767955693651 ], [ 22.666952905885893, 53.434763502169837 ], [ 22.666346452315238, 53.434170445473924 ], [ 22.665543752421755, 53.432297578289145 ], [ 22.665374337168824, 53.431936430847621 ], [ 22.665682026103806, 53.43094207754099 ], [ 22.665423412941166, 53.428681272693368 ], [ 22.665592824805842, 53.427793933512852 ], [ 22.665699839136916, 53.426518626137053 ], [ 22.665704359291148, 53.424516479481511 ], [ 22.665646340140412, 53.423874329589957 ], [ 22.66563296210041, 53.423183204429534 ], [ 22.665570554233192, 53.423205495591766 ], [ 22.665539308509537, 53.423218865413318 ], [ 22.664781268585749, 53.421225649473719 ], [ 22.663497052120778, 53.421346023712665 ], [ 22.663394414446092, 53.421158767237884 ], [ 22.663323148371735, 53.420895639999927 ], [ 22.663291961848927, 53.420788648320212 ], [ 22.663189309102943, 53.420592446462216 ], [ 22.663064510093111, 53.420271372632662 ], [ 22.662979764258608, 53.419990522721662 ], [ 22.6627256954052, 53.419294881619692 ], [ 22.662569547888769, 53.418755289419842 ], [ 22.662391179502738, 53.418059741417139 ], [ 22.662328789205421, 53.4164811686626 ], [ 22.662417981797674, 53.416227008440799 ], [ 22.662105793961803, 53.415629475125954 ], [ 22.661552867786966, 53.415000724233494 ], [ 22.662203882507118, 53.414755512008043 ], [ 22.662342154633109, 53.414862556265 ], [ 22.662814752627604, 53.41468418451533 ], [ 22.662703321199555, 53.414505830338172 ], [ 22.663702239238102, 53.414153550226501 ], [ 22.664683195775122, 53.413823529867322 ], [ 22.664009769856012, 53.413168057477513 ], [ 22.661619724519795, 53.413391010932983 ], [ 22.661066771361689, 53.412570537111215 ], [ 22.660558489373535, 53.41210683759553 ], [ 22.660348882144227, 53.412169224440724 ], [ 22.660032366656807, 53.41182585707076 ], [ 22.659613251175649, 53.411322017092452 ], [ 22.65943931165501, 53.411326449693881 ], [ 22.657874069209605, 53.409618611855436 ], [ 22.659483804254268, 53.409230694321657 ], [ 22.659305462092842, 53.40886946636293 ], [ 22.659925317151771, 53.408708948552807 ], [ 22.659724670986993, 53.40847259343122 ], [ 22.657767032385827, 53.408922989436995 ], [ 22.65768687700599, 53.408695572282753 ], [ 22.657717981342941, 53.408374513678751 ], [ 22.65756643557248, 53.408276387126065 ], [ 22.657120515501287, 53.407803733213498 ], [ 22.656897534250621, 53.407478276989742 ], [ 22.656933195269275, 53.407384623926326 ], [ 22.656901988367903, 53.407286520943096 ], [ 22.6568172959607, 53.407125954745517 ], [ 22.657080441669262, 53.407050185025632 ], [ 22.657009074157592, 53.406831704588249 ], [ 22.656906405606033, 53.406568569895555 ], [ 22.656746023526978, 53.406546315916295 ], [ 22.656563177935471, 53.406559650821933 ], [ 22.656384800353134, 53.406332232288264 ], [ 22.655635671485296, 53.405583100053974 ], [ 22.654868690940294, 53.405748139616414 ], [ 22.654663580064142, 53.405315571854835 ], [ 22.654645793785836, 53.405025757473602 ], [ 22.655287745147422, 53.404838438345543 ], [ 22.655006870408481, 53.404463927177261 ], [ 22.654913248355335, 53.404490622828725 ], [ 22.6545298212158, 53.403977887807045 ], [ 22.654092795915645, 53.404071534309978 ], [ 22.653776197516322, 53.403630063499989 ], [ 22.654074964043367, 53.403545360918372 ], [ 22.653579980732331, 53.402791705205694 ], [ 22.654757238678716, 53.402488503078345 ], [ 22.654779533421433, 53.402390404221435 ], [ 22.654801773325925, 53.402220997098048 ], [ 22.654819618501307, 53.402100593535096 ], [ 22.654913319795376, 53.401998045611364 ], [ 22.654980157491, 53.401935611936494 ], [ 22.654748320246529, 53.401708206393351 ], [ 22.654431733526305, 53.401418335534771 ], [ 22.654369259117065, 53.401284531454884 ], [ 22.654333595365404, 53.401132949483546 ], [ 22.654266740617341, 53.400999152439546 ], [ 22.653892155784604, 53.400548788688546 ], [ 22.653651368703333, 53.400138585723099 ], [ 22.652576752969711, 53.400401642798023 ], [ 22.65204157352964, 53.400504206309485 ], [ 22.651172158548722, 53.400718265795625 ], [ 22.650690574807598, 53.400120755631612 ], [ 22.651060682897121, 53.400013732778014 ], [ 22.653414938888154, 53.399429567773261 ], [ 22.652826425526555, 53.398747287579276 ], [ 22.652665820238333, 53.398426270537975 ], [ 22.652340420402314, 53.398016046144058 ], [ 22.652291334817413, 53.397931345032944 ], [ 22.651827600765241, 53.397191060704031 ], [ 22.651564474738677, 53.396861172262852 ], [ 22.651140876290896, 53.396281478941255 ], [ 22.651149778614858, 53.396196749176845 ], [ 22.651265744164981, 53.396196689054314 ], [ 22.6511364352953, 53.39593362308355 ], [ 22.650949134976205, 53.395625944334022 ], [ 22.650489836850117, 53.39570622520484 ], [ 22.650173229342816, 53.395322751770379 ], [ 22.64952668957693, 53.394444255799954 ], [ 22.650110791529617, 53.394288236689327 ], [ 22.649714033525584, 53.393739772954234 ], [ 22.647680597039095, 53.394212457479831 ], [ 22.647270316632738, 53.393788812048562 ], [ 22.645843430654175, 53.393766490429343 ], [ 22.645798895773783, 53.393699646925469 ], [ 22.645214725882155, 53.393432064559228 ], [ 22.646012911336278, 53.393226975043646 ], [ 22.645660651861565, 53.392575915972088 ], [ 22.646516770266956, 53.392125528924161 ], [ 22.646347331986142, 53.391675163235178 ], [ 22.64606648890166, 53.391207011471955 ], [ 22.646102123028427, 53.391198070830825 ], [ 22.645781037679573, 53.390578240167137 ], [ 22.645660607527891, 53.390609500512575 ], [ 22.645241463485931, 53.389789007262358 ], [ 22.645152360910629, 53.389797943363142 ], [ 22.64465282662621, 53.38906664234932 ], [ 22.643524708497733, 53.389311904854928 ], [ 22.643408779180962, 53.389164745238674 ], [ 22.644046485407721, 53.389022024060566 ], [ 22.643997469838041, 53.388223864258968 ], [ 22.643908189127451, 53.388210515542788 ], [ 22.643671878003126, 53.387818086022307 ], [ 22.643386504752375, 53.387813587179394 ], [ 22.643020868832661, 53.387849259063422 ], [ 22.642998520938132, 53.3876307863937 ], [ 22.644822264554573, 53.387439056046411 ], [ 22.644684071379906, 53.386886084631747 ], [ 22.644220320732465, 53.386912870893262 ], [ 22.644077627914772, 53.386698806707756 ], [ 22.643176897450992, 53.386707772524218 ], [ 22.642967348402241, 53.385882819225593 ], [ 22.642864779656023, 53.385887322549664 ], [ 22.642838099232453, 53.385637588950971 ], [ 22.642534792676699, 53.38566880461763 ], [ 22.642409939065136, 53.385254134073321 ], [ 22.642240501347448, 53.385040031954823 ], [ 22.642236025603541, 53.384901803137829 ], [ 22.642561551330548, 53.384888469119254 ], [ 22.642276132874606, 53.384161624425033 ], [ 22.641923907685641, 53.383564062068906 ], [ 22.64221824079959, 53.382721286332142 ], [ 22.642873619649908, 53.382819405659731 ], [ 22.643689771567502, 53.382935347600906 ], [ 22.644202472592102, 53.383024526456104 ], [ 22.644697533964049, 53.383002247960697 ], [ 22.644701922085368, 53.382797120027703 ], [ 22.645656222994266, 53.382899699299905 ], [ 22.645977286616805, 53.383024541245057 ], [ 22.646097633482967, 53.38311817536281 ], [ 22.646284890304653, 53.383176126719249 ], [ 22.647337228051565, 53.383639921558263 ], [ 22.647292695195727, 53.382783772640799 ], [ 22.646913685408393, 53.382105949214996 ], [ 22.648661586219518, 53.380576540796667 ], [ 22.648902486045277, 53.38042490329012 ], [ 22.649985904972461, 53.380464993177711 ], [ 22.648224632028654, 53.379559833427443 ], [ 22.648403061010601, 53.379029208149696 ], [ 22.649049591902745, 53.379002434352309 ], [ 22.649156573270126, 53.37835139659979 ], [ 22.649054020432416, 53.378181969318689 ], [ 22.649201203772794, 53.377459602780199 ], [ 22.647533477075246, 53.377432823891922 ], [ 22.647515640669095, 53.376746128159127 ], [ 22.647176772938458, 53.376741660108109 ], [ 22.647078667511739, 53.376148636632351 ], [ 22.64701169045874, 53.37553324917198 ], [ 22.647288261241268, 53.375506482750559 ], [ 22.647288228116874, 53.374810865958217 ], [ 22.647359522727207, 53.374414038107567 ], [ 22.647533413013036, 53.373932461022292 ], [ 22.648086408036999, 53.373936868119308 ], [ 22.648719608467889, 53.373919084066429 ], [ 22.64882660826461, 53.373294744033679 ], [ 22.648884566870947, 53.372630365100015 ], [ 22.648955965666353, 53.372371758147032 ], [ 22.64920564674717, 53.372215681123983 ], [ 22.649361612517772, 53.372144318278956 ], [ 22.649406324423648, 53.372081897535637 ], [ 22.649410690206555, 53.371979346542034 ], [ 22.649415176352907, 53.371876771640387 ], [ 22.649312666067097, 53.37184107284822 ], [ 22.649107509993907, 53.371680614415354 ], [ 22.649098574671832, 53.371586973300722 ], [ 22.648880136198105, 53.370779858983099 ], [ 22.648666059294392, 53.36980335062875 ], [ 22.648523360779841, 53.368920435013045 ], [ 22.648197891934377, 53.367390906526026 ], [ 22.648010566682036, 53.366418828464063 ], [ 22.647916914309558, 53.366320761629247 ], [ 22.646583704992182, 53.366351994527832 ], [ 22.645732000811602, 53.366343024553316 ], [ 22.645834577996059, 53.365660775580068 ], [ 22.64438975017001, 53.365634061243398 ], [ 22.644536871645222, 53.364889358086216 ], [ 22.647025083223806, 53.364911650965659 ], [ 22.647056325043337, 53.364171426269444 ], [ 22.646191313275736, 53.364171465460224 ], [ 22.646333944026157, 53.363185960274059 ], [ 22.645607122606862, 53.363163687609244 ], [ 22.645281565018198, 53.363150327075303 ], [ 22.644911492497915, 53.363083435863864 ], [ 22.644951614677726, 53.362624141298504 ], [ 22.645718593212326, 53.362601843361531 ], [ 22.645807854358484, 53.361928538597247 ], [ 22.644652856742074, 53.361857150028037 ], [ 22.644612681913348, 53.361192783984592 ], [ 22.644706387724952, 53.360818207518967 ], [ 22.644929393301314, 53.360497151342976 ], [ 22.645232535330816, 53.359699014127003 ], [ 22.645504512296682, 53.35902118160822 ], [ 22.645798836479521, 53.35816057483752 ], [ 22.645852327397016, 53.35761659966181 ], [ 22.645803265213477, 53.357607650152133 ], [ 22.645838930451568, 53.356800556075306 ], [ 22.645361850237229, 53.356764871612931 ], [ 22.645361906134006, 53.356604347341836 ], [ 22.64604410490389, 53.355944412626442 ], [ 22.646512272182004, 53.355997932725614 ], [ 22.646846746609029, 53.355387066429088 ], [ 22.647069637984686, 53.354820720166934 ], [ 22.647158840384563, 53.354414947558872 ], [ 22.64705638763585, 53.353888785097553 ], [ 22.646757638174421, 53.353469644391744 ], [ 22.64697156111308, 53.353117346600783 ], [ 22.647261509381256, 53.352203237943314 ], [ 22.646918057852744, 53.352154153507492 ], [ 22.646788835173052, 53.352020423790108 ], [ 22.646632704338298, 53.351895542949379 ], [ 22.646579191488108, 53.351833144798846 ], [ 22.646757511524381, 53.351092918319686 ], [ 22.64690465991842, 53.350736176904647 ], [ 22.646989488766071, 53.350397270573204 ], [ 22.647381820166515, 53.349032800065302 ], [ 22.648230259921547, 53.34606347321207 ], [ 22.648260295456442, 53.345964966175814 ], [ 22.648496548515215, 53.345180138153005 ], [ 22.648701812022029, 53.344489001263703 ], [ 22.648755304771896, 53.344306191641834 ], [ 22.648777602079477, 53.344234814890413 ], [ 22.6488533909403, 53.343980629405095 ], [ 22.648996060361977, 53.343503551509009 ], [ 22.649000502743021, 53.34349016500714 ], [ 22.649076372437243, 53.343231538654273 ], [ 22.649263525157622, 53.3426072219658 ], [ 22.649357223362248, 53.342295127530527 ], [ 22.649392928381538, 53.342179150549256 ], [ 22.649830586884786, 53.34066906138532 ], [ 22.650164307233222, 53.33958399430005 ], [ 22.651399498943977, 53.339503756461411 ], [ 22.652059497641559, 53.339463575428255 ], [ 22.651965755408458, 53.339936242142052 ], [ 22.653874298744412, 53.33990061405374 ], [ 22.654240002513209, 53.338005455989205 ], [ 22.654235440346863, 53.337871666538078 ], [ 22.654119519739954, 53.337372266787348 ], [ 22.653950095773908, 53.336944233474014 ], [ 22.653762841505774, 53.336351134178692 ], [ 22.653695941861244, 53.336012227804396 ], [ 22.653691404573639, 53.335053507865169 ], [ 22.653655839321186, 53.333675659756096 ], [ 22.653687001191638, 53.332547544886239 ], [ 22.652933413183835, 53.332181910811734 ], [ 22.651247903597081, 53.331294498144061 ], [ 22.65067270145963, 53.330879841351049 ], [ 22.651560062734102, 53.330946670120845 ], [ 22.652063943067301, 53.329724892627198 ], [ 22.652460823241597, 53.329568838755996 ], [ 22.652808592943806, 53.329443949280225 ], [ 22.653967922325691, 53.329484152174302 ], [ 22.653736120114097, 53.328311391895724 ], [ 22.653450714641249, 53.327160910828695 ], [ 22.654039313506527, 53.327098512550478 ], [ 22.653892088545192, 53.326817538646289 ], [ 22.655421615596477, 53.326683813434563 ], [ 22.655145199587047, 53.325734010679547 ], [ 22.654659094388304, 53.324253597014859 ], [ 22.655287798315282, 53.323129884963379 ], [ 22.655363620496875, 53.32300946628056 ], [ 22.655907681106811, 53.322964892764595 ], [ 22.655733735846187, 53.322184600897479 ], [ 22.65764230317663, 53.322024053414097 ], [ 22.65759760558074, 53.32165838662894 ], [ 22.656063698022571, 53.321796604272024 ], [ 22.656010215319277, 53.321618219004975 ], [ 22.657410377855978, 53.321511259046368 ], [ 22.657352311821665, 53.321261508108535 ], [ 22.659782570141584, 53.321051951477514 ], [ 22.659559671705939, 53.320307322090201 ], [ 22.653722741179184, 53.320650622822612 ], [ 22.65349970228969, 53.319665161677456 ], [ 22.653200958268727, 53.319223709910645 ], [ 22.654569885524612, 53.319196947084031 ], [ 22.654516437181627, 53.318715389635429 ], [ 22.654257823612518, 53.318719810238811 ], [ 22.654222038307378, 53.318265007212958 ], [ 22.654485140007704, 53.318260556427695 ], [ 22.654520844057455, 53.317350940032846 ], [ 22.651800795366952, 53.317382082365882 ], [ 22.651778572617118, 53.314742358955087 ], [ 22.651863268344648, 53.314666513018146 ], [ 22.651930125003727, 53.314465823957036 ], [ 22.654436101273493, 53.314367777504458 ], [ 22.654445025457008, 53.313681079721043 ], [ 22.653985838039638, 53.312633184780175 ], [ 22.654048192825183, 53.312544018828653 ], [ 22.65463686930385, 53.311790429683562 ], [ 22.655207542743842, 53.311001138620455 ], [ 22.655742713711302, 53.310318896074065 ], [ 22.652161958153211, 53.308985602805478 ], [ 22.654186429791142, 53.307264436089575 ], [ 22.652902206304162, 53.306742698189865 ], [ 22.65313412624732, 53.306555433841012 ], [ 22.651528764508441, 53.305922232974368 ], [ 22.652407234870427, 53.305190928471866 ], [ 22.652108509494294, 53.305066052148987 ], [ 22.652429531182495, 53.30483868056659 ], [ 22.650998204979736, 53.304303604309965 ], [ 22.651649202265986, 53.303603486080384 ], [ 22.651484273647281, 53.303536614890902 ], [ 22.651916786849007, 53.303081791304436 ], [ 22.654244373836146, 53.303955775968866 ], [ 22.654467319287857, 53.303723894368204 ], [ 22.656192968477335, 53.301980353552153 ], [ 22.658195179635896, 53.300125353287477 ], [ 22.658708002195961, 53.299657214954372 ], [ 22.658516210458998, 53.29953231905111 ], [ 22.658814960634178, 53.298939319684344 ], [ 22.659666634765998, 53.299144396583834 ], [ 22.659804836752773, 53.299139911922843 ], [ 22.660081390788893, 53.299086410147872 ], [ 22.660308850308208, 53.299032926376753 ], [ 22.660727948574362, 53.299032884072631 ], [ 22.660718985636397, 53.299068595828267 ], [ 22.661664336250542, 53.299206861010298 ], [ 22.661651039246799, 53.29927371563317 ], [ 22.662297519006557, 53.299371834372934 ], [ 22.662319834997781, 53.299282615327606 ], [ 22.662547223612513, 53.298622677236068 ], [ 22.663135908235027, 53.298591471359835 ], [ 22.663465884580642, 53.298600400943094 ], [ 22.664602926866323, 53.298680680619718 ], [ 22.665236084152042, 53.29866728393462 ], [ 22.666069937770715, 53.298613723071469 ], [ 22.666448972410258, 53.298457717546263 ], [ 22.666658566778604, 53.298408661634554 ], [ 22.667590491468456, 53.297646145968187 ], [ 22.669021787727253, 53.298328355926685 ], [ 22.670060825346567, 53.297365234164509 ], [ 22.670199089039887, 53.297472197630171 ], [ 22.670332892310093, 53.297601568195986 ], [ 22.670444355203589, 53.297717453002683 ], [ 22.6705112298974, 53.297565873578201 ], [ 22.670653956330597, 53.297262653476864 ], [ 22.670948211849307, 53.296611598859045 ], [ 22.671278108158319, 53.296696338188305 ], [ 22.671385159566235, 53.296584863833928 ], [ 22.671144381233944, 53.29643769773002 ], [ 22.671474386701192, 53.296076520335369 ], [ 22.671964844748167, 53.29563065475454 ], [ 22.672366268909201, 53.29529621222369 ], [ 22.672508929081918, 53.295073250777925 ], [ 22.673253522285481, 53.294056539760355 ], [ 22.675358239782287, 53.294422164011216 ], [ 22.675492079501492, 53.294185869251862 ], [ 22.67567481725133, 53.293980730290919 ], [ 22.67574617245333, 53.293998627974041 ], [ 22.675879896146551, 53.293744399684854 ], [ 22.675799643366883, 53.293722124488866 ], [ 22.67583086401855, 53.293570483316984 ], [ 22.675607871099494, 53.293521441121321 ], [ 22.675964688933423, 53.293017562649069 ], [ 22.676120691138557, 53.292848139315936 ], [ 22.6762679461937, 53.292665286450642 ], [ 22.676789657716213, 53.292750024834397 ], [ 22.676896595790506, 53.292558327414518 ], [ 22.6772087702223, 53.292072233916919 ], [ 22.677355987929708, 53.292014303322084 ], [ 22.678225426068899, 53.292228318844415 ], [ 22.678631209081409, 53.291670906809777 ], [ 22.678840839725762, 53.291354374420457 ], [ 22.679063784905178, 53.290970896870448 ], [ 22.67921094905266, 53.290582904079969 ], [ 22.679389291026773, 53.290079022466465 ], [ 22.679505274233343, 53.2894057267062 ], [ 22.678394940171355, 53.289320998221669 ], [ 22.678452829903478, 53.288892947398686 ], [ 22.677248893218128, 53.288794860115061 ], [ 22.677458498624389, 53.287497204054283 ], [ 22.674983663764799, 53.287327782659801 ], [ 22.675001550568211, 53.287171711663149 ], [ 22.67475630674539, 53.287171718725062 ], [ 22.674568914566827, 53.28683278585266 ], [ 22.674332615034437, 53.286583100022142 ], [ 22.673833261122976, 53.286529547628298 ], [ 22.673454252985312, 53.285811682856135 ], [ 22.673133191517021, 53.285352411910914 ], [ 22.672370697369676, 53.285223081001561 ], [ 22.672428563773639, 53.284371367055748 ], [ 22.672727462474537, 53.284389242829114 ], [ 22.672861184777496, 53.283858622885298 ], [ 22.673605876266592, 53.283916567772579 ], [ 22.673694990718371, 53.283573206816513 ], [ 22.672945914480024, 53.283506340784868 ], [ 22.673079639543865, 53.283158475285859 ], [ 22.670795107618439, 53.282991127189696 ], [ 22.673208997740566, 53.281089480502409 ], [ 22.674104953275272, 53.279420584980933 ], [ 22.674894540496489, 53.279475303738529 ], [ 22.675536594996085, 53.279515433247177 ], [ 22.675764019854416, 53.278534413602848 ], [ 22.675986971251046, 53.278543368072462 ], [ 22.677208795472989, 53.278645878556127 ], [ 22.677391561171682, 53.277789760082847 ], [ 22.677944542610227, 53.277713969875734 ], [ 22.67851086065513, 53.277580171664269 ], [ 22.679144087062127, 53.277446412996838 ], [ 22.679848583246798, 53.277268020129398 ], [ 22.680312332765396, 53.277116419474368 ], [ 22.680570929103197, 53.277085179596121 ], [ 22.681177300539034, 53.277067368314022 ], [ 22.681596520307895, 53.277022773440038 ], [ 22.681841786251979, 53.27704953497588 ], [ 22.68239479128183, 53.277259148659112 ], [ 22.682693455658868, 53.27745084451827 ], [ 22.682943158799723, 53.277553386873095 ], [ 22.683090324279028, 53.277584619663394 ], [ 22.683246372032894, 53.277593517447627 ], [ 22.683460478830956, 53.277571269759555 ], [ 22.684031192108883, 53.277477584196383 ], [ 22.684775882780269, 53.277339414399009 ], [ 22.684668872236092, 53.276701773428798 ], [ 22.686590747262976, 53.276737387698226 ], [ 22.686349971224992, 53.27587233799278 ], [ 22.687041128559049, 53.276050691498263 ], [ 22.686795898285371, 53.275363994153764 ], [ 22.68677353055325, 53.274663961496515 ], [ 22.687758983061258, 53.274748646003218 ], [ 22.688927276158143, 53.274851239266447 ], [ 22.689065476210235, 53.274347305255326 ], [ 22.689881478973113, 53.274427589921068 ], [ 22.689975099900852, 53.274048547667718 ], [ 22.689872653208152, 53.274030742141804 ], [ 22.689948445876091, 53.27340644509848 ], [ 22.690354237025115, 53.272710818162601 ], [ 22.690715458924295, 53.272171304637389 ], [ 22.691027540334716, 53.271515797246906 ], [ 22.691486774471535, 53.271547002953177 ], [ 22.691553674142241, 53.271087724803031 ], [ 22.691384222382929, 53.271065398779982 ], [ 22.691589428845148, 53.270717602789368 ], [ 22.690599410387783, 53.270606136431191 ], [ 22.690710880717344, 53.2698570271384 ], [ 22.690938430342175, 53.269879330629166 ], [ 22.690924887750999, 53.26952256467554 ], [ 22.690773381300737, 53.269210448290849 ], [ 22.691638439131875, 53.269036557062549 ], [ 22.691330772711826, 53.268519240994429 ], [ 22.690603890795657, 53.268612970248469 ], [ 22.690233793024362, 53.268042172431244 ], [ 22.6918525333285, 53.267649758678836 ], [ 22.691972841920812, 53.267623044057999 ], [ 22.693141116113768, 53.269000847941442 ], [ 22.694737492442453, 53.270998583520665 ], [ 22.694741941995531, 53.271176874653591 ], [ 22.694773156038529, 53.271386488108163 ], [ 22.69478207318129, 53.271774465540396 ], [ 22.694849013525044, 53.272657324041859 ], [ 22.694893614347677, 53.273192452008232 ], [ 22.69496043638863, 53.274075352340354 ], [ 22.694996044301995, 53.274663900468177 ], [ 22.695045114574736, 53.275439790794678 ], [ 22.695089837616756, 53.275974915807325 ], [ 22.695138780735487, 53.276853368724751 ], [ 22.695196829410765, 53.277544476152123 ], [ 22.695259249484319, 53.278605781297287 ], [ 22.695312722317613, 53.279221145724733 ], [ 22.695370730276888, 53.280126360262152 ], [ 22.69533947603793, 53.280162029686714 ], [ 22.695500010473214, 53.280246692785553 ], [ 22.695821081423698, 53.28038496528616 ], [ 22.696039609002106, 53.280474138104871 ], [ 22.696579129606597, 53.280759541844532 ], [ 22.697172171924723, 53.281062755484555 ], [ 22.698389497573238, 53.281785141723674 ], [ 22.700075066928417, 53.282788400845703 ], [ 22.701230001793967, 53.283501875129517 ], [ 22.702487403836464, 53.284291099232547 ], [ 22.703347980131145, 53.284835101636602 ], [ 22.704239904268988, 53.285343498886625 ], [ 22.704369210809663, 53.285437113850158 ], [ 22.705305642426854, 53.286110438228327 ], [ 22.707370113458197, 53.287510636192913 ], [ 22.70803008350758, 53.287947571384734 ], [ 22.70825310160372, 53.28810368531223 ], [ 22.708484948465905, 53.288268613103511 ], [ 22.70872125896863, 53.288518361004847 ], [ 22.708783690453927, 53.288580797878645 ], [ 22.709795855143319, 53.289633094882923 ], [ 22.710344305103046, 53.290194955945424 ], [ 22.712257340091931, 53.292201600751483 ], [ 22.713514810551931, 53.293494715305684 ], [ 22.713871500599797, 53.293900459571354 ], [ 22.714522515868957, 53.294515880455045 ], [ 22.715280570270554, 53.294181436477444 ], [ 22.71598065096704, 53.293882650527046 ], [ 22.71627050977456, 53.293748842694221 ], [ 22.716609427828647, 53.293592784555194 ], [ 22.717082115873545, 53.293405550218623 ], [ 22.717648380100631, 53.29318704560999 ], [ 22.718103196862266, 53.293044344911323 ], [ 22.718575804366257, 53.29287933124219 ], [ 22.719079708480528, 53.292763392265137 ], [ 22.71965496503573, 53.292660899110651 ], [ 22.72017661843698, 53.292536013631882 ], [ 22.720430842220576, 53.292437889137076 ], [ 22.720809908257742, 53.292268467304744 ], [ 22.720925801116007, 53.292183695520798 ], [ 22.721023931941922, 53.2921123790411 ], [ 22.721130922023089, 53.29183590658203 ], [ 22.721255815725808, 53.291519314105727 ], [ 22.721434156917176, 53.29106896517618 ], [ 22.721706122796611, 53.290484781233687 ], [ 22.721862284295401, 53.290101356728499 ], [ 22.722071785196672, 53.289637558740502 ], [ 22.722254653431342, 53.289022240358655 ], [ 22.722303703447771, 53.288603053008266 ], [ 22.722370552145868, 53.288304278229923 ], [ 22.722424024919288, 53.28820175345912 ], [ 22.722495399473708, 53.288059109615595 ], [ 22.722727315917865, 53.28772911852532 ], [ 22.722950268422164, 53.287390168346747 ], [ 22.723226720988883, 53.286895244631125 ], [ 22.723534385964211, 53.286306604192532 ], [ 22.723752914455662, 53.28583398037204 ], [ 22.723877788047592, 53.285677911714487 ], [ 22.723895499868082, 53.28566004166062 ], [ 22.724096167686579, 53.285530752144794 ], [ 22.724377093730862, 53.285330088402084 ], [ 22.724836417194375, 53.284995666858727 ], [ 22.725233258249091, 53.284754904059497 ], [ 22.725603389914465, 53.28449182494461 ], [ 22.726013614911661, 53.284148427248432 ], [ 22.726802913176225, 53.283461721620512 ], [ 22.727373683981018, 53.282908760166386 ], [ 22.727988955008161, 53.28234695034886 ], [ 22.72843050895797, 53.281941211699412 ], [ 22.728470673344386, 53.281901048579556 ], [ 22.729094930269046, 53.2813481015584 ], [ 22.729852853292822, 53.280621264884438 ], [ 22.730325531095026, 53.280273471227474 ], [ 22.730339053173488, 53.280255660874239 ], [ 22.730530783094661, 53.280023788237386 ], [ 22.730793773111049, 53.279649210587287 ], [ 22.731025613002064, 53.279301361865777 ], [ 22.731253101959869, 53.27890007906953 ], [ 22.731395729641896, 53.27861916031425 ], [ 22.731649974145601, 53.278262389980171 ], [ 22.731712303183155, 53.278168760154514 ], [ 22.731953224539566, 53.277754111825608 ], [ 22.73210917507911, 53.277433042454369 ], [ 22.732202829409704, 53.277169941280945 ], [ 22.732269788093792, 53.276973708627416 ], [ 22.732283167935954, 53.276728463031141 ], [ 22.732274263920971, 53.276300396303277 ], [ 22.73224295888653, 53.275992729698686 ], [ 22.732265274167069, 53.275225797551684 ], [ 22.732251953638659, 53.274931440474688 ], [ 22.732251925647876, 53.274378504977577 ], [ 22.732242929866509, 53.274173415003865 ], [ 22.73217163137015, 53.273843426829593 ], [ 22.732055690913054, 53.273459946245779 ], [ 22.731988801464997, 53.273138878843504 ], [ 22.731944255893911, 53.272978406192451 ], [ 22.731806079065283, 53.272724224870693 ], [ 22.731649875685815, 53.272238147790354 ], [ 22.731574107477982, 53.271997374587556 ], [ 22.73125747836232, 53.271279465113622 ], [ 22.731177275395513, 53.271065436081358 ], [ 22.731150483392199, 53.270891514907397 ], [ 22.731132654041129, 53.270677453481866 ], [ 22.731159446239612, 53.270454519229261 ], [ 22.73117284053998, 53.270249369386882 ], [ 22.731141598580962, 53.270084411004049 ], [ 22.73109254058625, 53.269816856849872 ], [ 22.731039064304198, 53.269428924593761 ], [ 22.730994418496554, 53.269214874593587 ], [ 22.730949800803572, 53.268920583197662 ], [ 22.730936445293729, 53.268737810772308 ], [ 22.730900848580067, 53.268590645262869 ], [ 22.730820616794496, 53.268389989281751 ], [ 22.730731397252153, 53.268238325925005 ], [ 22.730606501941732, 53.268042129241181 ], [ 22.730544087041913, 53.26794406792844 ], [ 22.730508456962859, 53.267810269066224 ], [ 22.730494989949172, 53.26760071948209 ], [ 22.730530646777272, 53.267466918680064 ], [ 22.730575263584726, 53.267364366800152 ], [ 22.730740313210323, 53.267212736844321 ], [ 22.73115504660457, 53.266909568582065 ], [ 22.731404706347785, 53.266717787467535 ], [ 22.731743546067325, 53.266410167972566 ], [ 22.731855074505454, 53.266236237211515 ], [ 22.73204681393316, 53.265750158451233 ], [ 22.732581818331731, 53.264684431003332 ], [ 22.732813697191602, 53.264367848125787 ], [ 22.73295204566157, 53.264140480350207 ], [ 22.733166049755415, 53.263618712414541 ], [ 22.733527240456297, 53.262726946702458 ], [ 22.733589576801958, 53.262566368969559 ], [ 22.733513847084645, 53.262017886673291 ], [ 22.733482601027138, 53.261826146841209 ], [ 22.733580712184086, 53.26130893319641 ], [ 22.733611978295887, 53.261152863850832 ], [ 22.733763563600675, 53.260912088533658 ], [ 22.734303117004021, 53.260430502828108 ], [ 22.734503742477422, 53.260247616055338 ], [ 22.734633052304574, 53.260131700574824 ], [ 22.734847183929507, 53.259957809446334 ], [ 22.734869449345947, 53.259832951840465 ], [ 22.734856018980796, 53.259694708777189 ], [ 22.734856007917262, 53.259650130416688 ], [ 22.734842611190526, 53.259498524167896 ], [ 22.734842650476754, 53.259284460936485 ], [ 22.734927395285901, 53.25903473653657 ], [ 22.735034377991735, 53.258744899150351 ], [ 22.735212796643598, 53.25856213715268 ], [ 22.735337588591413, 53.258428308902815 ], [ 22.735261838858317, 53.258249940715366 ], [ 22.735181517928378, 53.25820536308786 ], [ 22.735096846607561, 53.258080565938322 ], [ 22.734316541640904, 53.256983621008317 ], [ 22.734115873753346, 53.256747262315322 ], [ 22.733750163649994, 53.256368256637323 ], [ 22.733063494038003, 53.255525463950335 ], [ 22.732911865763374, 53.255405101214066 ], [ 22.732604181850316, 53.255164311513653 ], [ 22.732390141974889, 53.255021620771686 ], [ 22.732372269182971, 53.255012635236923 ], [ 22.73190858730063, 53.254803091441445 ], [ 22.73165443305443, 53.254696036305681 ], [ 22.731088067260799, 53.254183284778719 ], [ 22.730579740894918, 53.253724010041466 ], [ 22.730165018612475, 53.2533539097996 ], [ 22.729848453119224, 53.253068512735354 ], [ 22.72843939784266, 53.252359470559142 ], [ 22.727997948595775, 53.251953724295355 ], [ 22.727859720823052, 53.251824431425973 ], [ 22.727774988171394, 53.251668353170956 ], [ 22.728261038656459, 53.250736417499404 ], [ 22.728559820585474, 53.250103204375769 ], [ 22.728755982349639, 53.249661784286971 ], [ 22.728867504668834, 53.249447740944646 ], [ 22.728992374800896, 53.248948318148202 ], [ 22.72900572249231, 53.248497917214031 ], [ 22.72890307008711, 53.248283877536835 ], [ 22.7281184079669, 53.247967293883953 ], [ 22.726963477272697, 53.24748573029354 ], [ 22.726722630930965, 53.24739656539937 ], [ 22.726615633509862, 53.247387614665669 ], [ 22.726035946222719, 53.24737420783979 ], [ 22.724559960128978, 53.247369768938732 ], [ 22.72318659292073, 53.247360836161675 ], [ 22.721648194629864, 53.247334118374759 ], [ 22.721420691867984, 53.247316231454327 ], [ 22.721273652545143, 53.24727612076088 ], [ 22.721010554535418, 53.247195836102939 ], [ 22.720769690054716, 53.247102243115862 ], [ 22.721220069533508, 53.246705388866083 ], [ 22.722174288100113, 53.245907186513222 ], [ 22.723311374728379, 53.245760050840907 ], [ 22.72426566407929, 53.245635212170335 ], [ 22.724475269853087, 53.245608386593304 ], [ 22.72466701930394, 53.24559503112539 ], [ 22.724827569300061, 53.245617335234471 ], [ 22.72519759846951, 53.245684201387803 ], [ 22.725514180204847, 53.245742202024282 ], [ 22.725920046946175, 53.245809067248743 ], [ 22.726174156920976, 53.245853684134026 ], [ 22.726472988728549, 53.245907182793161 ], [ 22.726628984937637, 53.245933954543922 ], [ 22.726811863080034, 53.24595177264996 ], [ 22.72707489876192, 53.24596962221495 ], [ 22.727476213581596, 53.245996381757401 ], [ 22.7276991347616, 53.246005289980232 ], [ 22.728038048096582, 53.24601422957884 ], [ 22.728479487947961, 53.246000843587524 ], [ 22.728885252921266, 53.245996354819525 ], [ 22.729063694551645, 53.245996330349342 ], [ 22.729192966933233, 53.245996381934411 ], [ 22.729286645262217, 53.245996384750576 ], [ 22.729072610259234, 53.245073297635933 ], [ 22.729005695742096, 53.24449813288529 ], [ 22.728983422852313, 53.243677632571618 ], [ 22.728996812836026, 53.243610777186539 ], [ 22.729206320655592, 53.24266985872346 ], [ 22.728925498260516, 53.241791446609874 ], [ 22.729112728620002, 53.241118096443017 ], [ 22.729500640727412, 53.240507192252082 ], [ 22.729589820345762, 53.240386792200766 ], [ 22.729710188965559, 53.240279810298553 ], [ 22.730040268536676, 53.239949835457288 ], [ 22.73042362433663, 53.239597540223137 ], [ 22.730753688355012, 53.239294359610177 ], [ 22.730896373764104, 53.23915610182523 ], [ 22.731507231050347, 53.238509519301935 ], [ 22.732095875427245, 53.237889680887818 ], [ 22.732564054927558, 53.23736800052523 ], [ 22.733076833444738, 53.236922070359775 ], [ 22.733197184842044, 53.23678829777036 ], [ 22.73468216870279, 53.235526415703291 ], [ 22.73536888050111, 53.234665771660445 ], [ 22.735863730180295, 53.234264445344543 ], [ 22.736162562141928, 53.234112843516321 ], [ 22.736300780747719, 53.233559915203287 ], [ 22.736755633798087, 53.232645807931036 ], [ 22.73684479146258, 53.232306925823515 ], [ 22.736875951690241, 53.232199918279591 ], [ 22.736867125852413, 53.232110742865075 ], [ 22.736835819275932, 53.231807513517374 ], [ 22.736827038324854, 53.231593481678679 ], [ 22.736844847181466, 53.231361622729032 ], [ 22.736853658319578, 53.231218878783679 ], [ 22.736947352409299, 53.23096024130146 ], [ 22.736987493284989, 53.230822039876891 ], [ 22.737023149217102, 53.230657082946223 ], [ 22.737027645884194, 53.230572341639615 ], [ 22.737023236657784, 53.230407373176611 ], [ 22.737000876005155, 53.230220089576342 ], [ 22.736969703383295, 53.230121968930241 ], [ 22.7369205634274, 53.229983763108926 ], [ 22.736853681969716, 53.229863341115575 ], [ 22.736755647377169, 53.229716147642314 ], [ 22.736603993027106, 53.229457572616063 ], [ 22.736122428211694, 53.228601370447613 ], [ 22.73599754133928, 53.228538989098311 ], [ 22.735948471601279, 53.228476544855276 ], [ 22.736104556865943, 53.228467635224241 ], [ 22.73651032519701, 53.228414101577542 ], [ 22.736978625274109, 53.228262518312633 ], [ 22.737362083071208, 53.228106481599504 ], [ 22.738231553739858, 53.227758621972534 ], [ 22.738971723276666, 53.227473239256142 ], [ 22.739908258450189, 53.227076427611955 ], [ 22.739881463611255, 53.22702285979129 ], [ 22.73984138399107, 53.22700507973498 ], [ 22.739734270483382, 53.226987247656673 ], [ 22.739324099277457, 53.226951517132434 ], [ 22.739109956057323, 53.226933694464016 ], [ 22.738820197322081, 53.226906966754783 ], [ 22.738744396913887, 53.226898012499007 ], [ 22.738686377056922, 53.226880196450672 ], [ 22.738565981808993, 53.226840064549897 ], [ 22.738499123372275, 53.226817782699989 ], [ 22.738472292704486, 53.226782081462069 ], [ 22.738432250389344, 53.226719645848831 ], [ 22.738423361005829, 53.226683980225744 ], [ 22.738454573384562, 53.226657247602262 ], [ 22.738512498691502, 53.226608154367959 ], [ 22.738574851397281, 53.226559124978017 ], [ 22.738664060314875, 53.22647886328587 ], [ 22.738730957451128, 53.226403085573779 ], [ 22.738744348333007, 53.226376293335491 ], [ 22.738793432276161, 53.226380820125762 ], [ 22.738846950054761, 53.226296027505398 ], [ 22.738860241610933, 53.226233623865788 ], [ 22.738842390355138, 53.226166729053126 ], [ 22.738802378702708, 53.226090937053684 ], [ 22.738704195172453, 53.225983922564438 ], [ 22.738566031217129, 53.225867951180405 ], [ 22.738400985330081, 53.225743164679642 ], [ 22.738088929817728, 53.225555854284451 ], [ 22.737955175788603, 53.225475581664426 ], [ 22.737816906331449, 53.225381912199026 ], [ 22.737741000193211, 53.22528828049365 ], [ 22.737705395496764, 53.225221400224491 ], [ 22.737709809338952, 53.225145610830936 ], [ 22.737745565855896, 53.225092131264162 ], [ 22.737803539290816, 53.225074238795045 ], [ 22.737857022460727, 53.225060889762922 ], [ 22.737937291597323, 53.225047532561206 ], [ 22.737986299288867, 53.22502970794315 ], [ 22.738022033909804, 53.225011863285822 ], [ 22.738093349740733, 53.22496276743049 ], [ 22.738128995368964, 53.224931589983491 ], [ 22.738164720115751, 53.224891467309625 ], [ 22.738204846031355, 53.224833468430404 ], [ 22.738209268503379, 53.224779957411705 ], [ 22.738200408221637, 53.224704148504919 ], [ 22.738182551366389, 53.224641764463421 ], [ 22.738191497392872, 53.224597140693511 ], [ 22.738195848019171, 53.224548065579384 ], [ 22.738191472974506, 53.22449901025562 ], [ 22.738178101389753, 53.224463379714422 ], [ 22.738133476210287, 53.224418772456907 ], [ 22.738142405087824, 53.224356380464727 ], [ 22.73815579543356, 53.224329589105579 ], [ 22.738195872500469, 53.22426717911523 ], [ 22.738240453313715, 53.224169100690723 ], [ 22.738298393054681, 53.224057587829193 ], [ 22.738325206770934, 53.224017435752721 ], [ 22.738343021486045, 53.223963921243801 ], [ 22.738356391686782, 53.223892574669108 ], [ 22.738374223087394, 53.22366966241384 ], [ 22.738369876057661, 53.223580464133164 ], [ 22.738356410234829, 53.223477927714391 ], [ 22.738334203872689, 53.223299559974514 ], [ 22.738329706042023, 53.223223742812337 ], [ 22.738360915547091, 53.223031953124867 ], [ 22.738396564424612, 53.222889291844595 ], [ 22.738414389128632, 53.222777867110189 ], [ 22.738418808006763, 53.222697571050162 ], [ 22.738392148961609, 53.22258607101719 ], [ 22.73838317571202, 53.222505779293705 ], [ 22.738387730751917, 53.222421121701146 ], [ 22.738414451147282, 53.222340851810685 ], [ 22.738436696200559, 53.222256106682813 ], [ 22.738481270615495, 53.222131244650633 ], [ 22.738499073791555, 53.222055454514994 ], [ 22.738503566810763, 53.221997510082446 ], [ 22.73851242961921, 53.22193504652207 ], [ 22.738490217811691, 53.221868165601798 ], [ 22.738463451896976, 53.221805754271813 ], [ 22.738405458074251, 53.221725519660907 ], [ 22.738334159066959, 53.221631835119922 ], [ 22.738280579210201, 53.221582788361587 ], [ 22.738240503876728, 53.221538222682369 ], [ 22.738182590082069, 53.221449043438149 ], [ 22.738124594868882, 53.221342022930308 ], [ 22.738062153290805, 53.221190385047869 ], [ 22.738048770230186, 53.221105693344207 ], [ 22.738039826128585, 53.220985261175777 ], [ 22.738048761038055, 53.220918363065174 ], [ 22.738035431398089, 53.220891654915206 ], [ 22.738008645869439, 53.220864877084061 ], [ 22.737937282826483, 53.22082920062666 ], [ 22.737857003493168, 53.220798003420761 ], [ 22.737852463167656, 53.220686482484382 ], [ 22.737839169627566, 53.220615123291601 ], [ 22.737807949472401, 53.220485819193136 ], [ 22.737754412103435, 53.22033872204004 ], [ 22.73765636320249, 53.220097934069557 ], [ 22.737598338117525, 53.219977485573303 ], [ 22.737509192755962, 53.219848208271685 ], [ 22.737415542162644, 53.219727811771193 ], [ 22.737375477349801, 53.21967873769789 ], [ 22.737339774865806, 53.219629653815751 ], [ 22.737317407909178, 53.219580663853534 ], [ 22.737312962143683, 53.219536047358588 ], [ 22.737312983716166, 53.219500415240198 ], [ 22.737366475580981, 53.219397864892699 ], [ 22.737406607449, 53.219388932631148 ], [ 22.737437830565629, 53.219379970377886 ], [ 22.737464602629498, 53.219357686238602 ], [ 22.737464641080248, 53.219339821305475 ], [ 22.737442293380884, 53.21933538399756 ], [ 22.737415542780177, 53.219322036098866 ], [ 22.737477940484911, 53.219192730651947 ], [ 22.737544819814843, 53.219063391481122 ], [ 22.737642942563717, 53.218889458467409 ], [ 22.737674148071559, 53.218862729242801 ], [ 22.737732134925494, 53.21883599204287 ], [ 22.73779012904901, 53.218804745729479 ], [ 22.737883734022319, 53.218782465763439 ], [ 22.737999686462533, 53.218764622868861 ], [ 22.7381914601327, 53.218737869180657 ], [ 22.738280590182676, 53.218711113738443 ], [ 22.738329742650858, 53.218706696082322 ], [ 22.738369761139328, 53.21869327855147 ], [ 22.738387657372272, 53.218684393909342 ], [ 22.738400966111087, 53.218666549182146 ], [ 22.738409919954098, 53.218644205249745 ], [ 22.738401065475863, 53.218621973114743 ], [ 22.738378714912812, 53.218590751018368 ], [ 22.738392163965901, 53.218537250614268 ], [ 22.738409958687253, 53.218407894495762 ], [ 22.738423315291033, 53.218314277790803 ], [ 22.738454588465562, 53.218256328322617 ], [ 22.738485718193051, 53.218207249526444 ], [ 22.738579338686733, 53.218122552861594 ], [ 22.738664091355457, 53.218046746589138 ], [ 22.738713157563843, 53.217997703513284 ], [ 22.738735412145278, 53.217962024226821 ], [ 22.738753281275464, 53.217935201330079 ], [ 22.738815788153349, 53.21783716741848 ], [ 22.738842494001407, 53.217814809702929 ], [ 22.738976189051034, 53.217801460955407 ], [ 22.739096613613601, 53.217788092094658 ], [ 22.739279433230699, 53.217752386713649 ], [ 22.739422104538164, 53.217707847208459 ], [ 22.739511310601717, 53.217672146806635 ], [ 22.739529172006804, 53.217649832904378 ], [ 22.739533564311888, 53.217636467525239 ], [ 22.739520282765071, 53.217614172012603 ], [ 22.739493497989699, 53.217587395829156 ], [ 22.739462231292038, 53.217560653666936 ], [ 22.73941773991611, 53.217458120549146 ], [ 22.739359704394452, 53.217342186728068 ], [ 22.739337421252397, 53.217279745652228 ], [ 22.739306177663959, 53.217186079177388 ], [ 22.739257129888912, 53.217061231329815 ], [ 22.739230350517349, 53.216949764645335 ], [ 22.739239301001696, 53.216847239673648 ], [ 22.739248242916336, 53.216802620888728 ], [ 22.739288372773093, 53.216682213628609 ], [ 22.739332988044104, 53.216588556802968 ], [ 22.739404364968436, 53.216477125345634 ], [ 22.7394757112387, 53.216379049241297 ], [ 22.739560299998789, 53.216263055264164 ], [ 22.73978781070716, 53.215955370631391 ], [ 22.739854673229349, 53.21585732905897 ], [ 22.740015243693925, 53.215683414826344 ], [ 22.740197997546932, 53.215505041469235 ], [ 22.740389802777131, 53.215286535141566 ], [ 22.74051916101212, 53.215143858998488 ], [ 22.740563638288869, 53.215112641314008 ], [ 22.740594958779994, 53.21508588861434 ], [ 22.740617180028678, 53.215063565427116 ], [ 22.74063058752693, 53.21502793131873 ], [ 22.740621667754287, 53.215005626829345 ], [ 22.740581511995419, 53.214943226584509 ], [ 22.740541370254565, 53.21487180872063 ], [ 22.740510171165067, 53.214813849261716 ], [ 22.7404610961953, 53.214729144713438 ], [ 22.740434312428444, 53.214702369871716 ], [ 22.740117765318605, 53.214497288362828 ], [ 22.739921565527894, 53.214590901687551 ], [ 22.73972535367033, 53.214662240071689 ], [ 22.739444454542873, 53.214755887965069 ], [ 22.739212585303047, 53.214813849157721 ], [ 22.739052047523309, 53.214862933194091 ], [ 22.738909369680371, 53.214889704129739 ], [ 22.738766627354039, 53.21491640113792 ], [ 22.738601716735158, 53.214943219596627 ], [ 22.73842331122356, 53.21496104826447 ], [ 22.738244936405859, 53.214965521650576 ], [ 22.738017531358263, 53.214947604122116 ], [ 22.737758890331786, 53.214920881793113 ], [ 22.737526987797853, 53.214885231074675 ], [ 22.7372327220682, 53.214804991693207 ], [ 22.73702760504138, 53.214738039608882 ], [ 22.736911757049405, 53.214689031661301 ], [ 22.736657538687247, 53.214555236198102 ], [ 22.736479095516934, 53.214430395404293 ], [ 22.736189288433994, 53.214229728639417 ], [ 22.736024318803306, 53.2141227232771 ], [ 22.735730043649649, 53.21391758096027 ], [ 22.735542781397701, 53.213810548681167 ], [ 22.735284095217985, 53.21367678482131 ], [ 22.735096805364751, 53.213609889867499 ], [ 22.73478912350415, 53.213498453580108 ], [ 22.734396808241197, 53.21338694917366 ], [ 22.734057889906524, 53.213293317093893 ], [ 22.733701152478453, 53.213204131923419 ], [ 22.733375667218169, 53.213146196877297 ], [ 22.733027776755534, 53.213083748973389 ], [ 22.732675486690468, 53.213039172786608 ], [ 22.732354455588229, 53.212994555272168 ], [ 22.732171585353516, 53.212985622315799 ], [ 22.731944262797374, 53.212972272970269 ], [ 22.731654370526424, 53.212954420273121 ], [ 22.731462667361519, 53.212941020414092 ], [ 22.731159459467538, 53.212945517264821 ], [ 22.730967643477239, 53.212954414764816 ], [ 22.730807196201738, 53.212967756989663 ], [ 22.730575248214318, 53.212990090987127 ], [ 22.730334466258185, 53.213007958763555 ], [ 22.730169465621021, 53.213025768520247 ], [ 22.729986635255919, 53.213052534071821 ], [ 22.7297547739789, 53.213088196708313 ], [ 22.729527432697452, 53.213132744939031 ], [ 22.729255443727531, 53.213204117590365 ], [ 22.728876429986784, 53.213293350630366 ], [ 22.728555297274898, 53.213369133837134 ], [ 22.728207538671981, 53.213458325703677 ], [ 22.727935555932447, 53.213525186283356 ], [ 22.727667921365551, 53.213574271078109 ], [ 22.727440539754653, 53.21360989505699 ], [ 22.727266696490709, 53.213627742862322 ], [ 22.727092737085492, 53.213667888995289 ], [ 22.726869827798371, 53.213707987057255 ], [ 22.726744942879971, 53.213721372952797 ], [ 22.726575533883658, 53.213734775172476 ], [ 22.726397098490814, 53.213748170150446 ], [ 22.726218744999375, 53.213752620947972 ], [ 22.726031438354166, 53.213752629374568 ], [ 22.725763935177426, 53.213748118216898 ], [ 22.725514207724849, 53.213734748776552 ], [ 22.72522883475477, 53.213707997114689 ], [ 22.725045970503484, 53.2136767759132 ], [ 22.724823099891903, 53.213632181896948 ], [ 22.72467595592753, 53.213609906659975 ], [ 22.724439539758528, 53.213534143671957 ], [ 22.724225549462957, 53.213476151007761 ], [ 22.724096235892674, 53.213422645298031 ], [ 22.724038221929035, 53.213391394639665 ], [ 22.723989178804235, 53.213360248958182 ], [ 22.723953533777394, 53.21334686696509 ], [ 22.723810834120219, 53.213293362962865 ], [ 22.723685965572692, 53.213230903821817 ], [ 22.723552227233295, 53.213155058529239 ], [ 22.723480854200449, 53.213114963625557 ], [ 22.723271339828756, 53.213039170178362 ], [ 22.723208893134601, 53.213012363338876 ], [ 22.723155306278652, 53.212981176875047 ], [ 22.723061724892645, 53.212954382911008 ], [ 22.722910151128591, 53.212914274879864 ], [ 22.722513276902333, 53.212793859351585 ], [ 22.722236824603755, 53.212722581657147 ], [ 22.72208966086032, 53.212686874217802 ], [ 22.721884580444904, 53.212655691296362 ], [ 22.721750721608888, 53.212628925365365 ], [ 22.721603587468579, 53.212628919881432 ], [ 22.721353951243714, 53.212633378890736 ], [ 22.721046223649385, 53.212637803078621 ], [ 22.720854412733281, 53.212651189037764 ], [ 22.720573597310718, 53.212673521621703 ], [ 22.720225710949602, 53.212700222123686 ], [ 22.719975993495456, 53.212713621310265 ], [ 22.719552397244371, 53.212762716851323 ], [ 22.719289376345721, 53.212789446286727 ], [ 22.719115424285338, 53.212807303160666 ], [ 22.718914782804401, 53.212816218573849 ], [ 22.718651617175649, 53.212807267520851 ], [ 22.718486702423682, 53.212798347791932 ], [ 22.718361753354657, 53.212793883190294 ], [ 22.718236914677536, 53.212793903104796 ], [ 22.718138848958677, 53.212793920465643 ], [ 22.718071962721233, 53.212798337366586 ], [ 22.717951568827729, 53.212789404212309 ], [ 22.717791090061805, 53.212776039347389 ], [ 22.71761718719295, 53.212776030044949 ], [ 22.717519002097486, 53.21277607084518 ], [ 22.717443238796353, 53.212771609488222 ], [ 22.717166767053012, 53.212735946029106 ], [ 22.71699738412465, 53.212722547932387 ], [ 22.716934851789294, 53.212709189518321 ], [ 22.716765436073029, 53.212664596939931 ], [ 22.71658707957295, 53.212611052447272 ], [ 22.716395402059987, 53.212557582347486 ], [ 22.716283845078046, 53.212530839724828 ], [ 22.716092140184628, 53.212486214981347 ], [ 22.715855836057901, 53.212428270747559 ], [ 22.715699810375547, 53.212383675526112 ], [ 22.715561421931579, 53.212334585766783 ], [ 22.715334149317005, 53.212254374034316 ], [ 22.715137910583547, 53.212165158124385 ], [ 22.714857004967353, 53.212031406691004 ], [ 22.714509201360311, 53.211844092348159 ], [ 22.714210340218095, 53.211679105607061 ], [ 22.714090047474734, 53.211616675808848 ], [ 22.713813533156415, 53.211518615724813 ], [ 22.713595053176828, 53.211416011294709 ], [ 22.713421211057053, 53.211358091706188 ], [ 22.713082230825542, 53.211246571410292 ], [ 22.712792373755924, 53.211157428759506 ], [ 22.712542679661492, 53.211086049391191 ], [ 22.712310866449837, 53.211032573147662 ], [ 22.712105709799172, 53.210996885016094 ], [ 22.711641973458583, 53.210907719259183 ], [ 22.71137437437983, 53.210871998238197 ], [ 22.711026616406691, 53.210827407817945 ], [ 22.71045139213556, 53.210778383297232 ], [ 22.71003226222507, 53.21076501575574 ], [ 22.709853790209976, 53.21076054016217 ], [ 22.709448040570976, 53.210769443908028 ], [ 22.709234102842384, 53.210778412274678 ], [ 22.70899772575553, 53.21079621721173 ], [ 22.70879258757396, 53.21081849792639 ], [ 22.708511678284207, 53.210863092367106 ], [ 22.708279718570598, 53.210903234770534 ], [ 22.70805245683545, 53.210952313324441 ], [ 22.707847299928559, 53.211001374737101 ], [ 22.707468212217702, 53.211086036293061 ], [ 22.707343404480476, 53.211121744100858 ], [ 22.707089182997215, 53.211233255268183 ], [ 22.706955428232426, 53.211282284330061 ], [ 22.706772670367066, 53.211353627023279 ], [ 22.706473814754325, 53.211482933700786 ], [ 22.706273235217527, 53.211558718601403 ], [ 22.706117091854434, 53.211621165774837 ], [ 22.705898613320596, 53.211688062394373 ], [ 22.705684570089229, 53.211750515266708 ], [ 22.705497318374906, 53.211803951438881 ], [ 22.705176338333079, 53.211879802956155 ], [ 22.704935458555404, 53.211924413805043 ], [ 22.704774985156142, 53.211955575724616 ], [ 22.704583229323813, 53.211977848686708 ], [ 22.704409282751197, 53.212000187458273 ], [ 22.704239903379762, 53.212013549835071 ], [ 22.703990204783171, 53.212031415974039 ], [ 22.703767167238418, 53.212044798422134 ], [ 22.703526429237218, 53.212062598708421 ], [ 22.703343502677207, 53.212089337424125 ], [ 22.703098305920101, 53.212120597422214 ], [ 22.70275046922978, 53.212165171624001 ], [ 22.70250970906649, 53.212209752612559 ], [ 22.702282333317072, 53.212254334063445 ], [ 22.702139560295738, 53.212281073660748 ], [ 22.701831885992814, 53.212361350816686 ], [ 22.701586633324641, 53.212428236428408 ], [ 22.701399462763842, 53.212495167630195 ], [ 22.701140756762847, 53.212602189300057 ], [ 22.700975809870883, 53.212669080694702 ], [ 22.700677068376564, 53.212776073769092 ], [ 22.700623593877008, 53.212793908379751 ], [ 22.70061015736362, 53.212771558721442 ], [ 22.700565555511137, 53.212780506936447 ], [ 22.700556702896911, 53.212802821902912 ], [ 22.700547697913375, 53.212834006981652 ], [ 22.700503139702864, 53.212847366177449 ], [ 22.700400538720373, 53.212887535916721 ], [ 22.70024897468425, 53.212954427677388 ], [ 22.699999212460817, 53.21306589161447 ], [ 22.699887757616448, 53.213128375988951 ], [ 22.69954438312751, 53.213288864003253 ], [ 22.699343776644849, 53.213386911797478 ], [ 22.699156466961345, 53.2134761386978 ], [ 22.699013804172733, 53.213543062752557 ], [ 22.698897828098573, 53.213578721037671 ], [ 22.698741837094783, 53.213627779425103 ], [ 22.698616867607939, 53.213672347796766 ], [ 22.698523223836574, 53.213712451915171 ], [ 22.698322552889721, 53.213774892270024 ], [ 22.69807732205367, 53.213850690587194 ], [ 22.697916849666608, 53.213899779947582 ], [ 22.697787576389338, 53.213926491486333 ], [ 22.697653703065168, 53.213953258967898 ], [ 22.697484371050177, 53.213988958883292 ], [ 22.697305950106696, 53.214024575078177 ], [ 22.697127550097349, 53.214055853638492 ], [ 22.696922512921496, 53.214082595426405 ], [ 22.696739657424622, 53.214104887517784 ], [ 22.6965925648317, 53.214118272643312 ], [ 22.696423075592431, 53.214127137048251 ], [ 22.696240223033051, 53.214131661969219 ], [ 22.696124241720977, 53.214131613242522 ], [ 22.696035106417764, 53.214127132995657 ], [ 22.695789857716747, 53.214118260508144 ], [ 22.695571391130695, 53.214104882381157 ], [ 22.695415290725926, 53.214095980706034 ], [ 22.695228000423612, 53.214069242682513 ], [ 22.695071913214033, 53.214055831542971 ], [ 22.694920370634055, 53.214042461986089 ], [ 22.694799926828157, 53.214020168437322 ], [ 22.694429812498168, 53.213953228849775 ], [ 22.694126639647365, 53.213899727515106 ], [ 22.693796669719323, 53.213837300873266 ], [ 22.693364112420351, 53.213757057088173 ], [ 22.692976160636345, 53.21366786655117 ], [ 22.692744245946376, 53.213605444750023 ], [ 22.692396528225267, 53.213511823901463 ], [ 22.692146813079969, 53.213431566234604 ], [ 22.691986271355113, 53.21339590691337 ], [ 22.69174995439246, 53.213346845637766 ], [ 22.69160276309616, 53.213320034346992 ], [ 22.69135300340055, 53.213288833498233 ], [ 22.691107801721948, 53.213253165159394 ], [ 22.690965036191784, 53.213226418967054 ], [ 22.690858091735326, 53.213208608014931 ], [ 22.690791250631321, 53.213204159831108 ], [ 22.690724345270521, 53.213199637837533 ], [ 22.690586017896781, 53.213168448311087 ], [ 22.690474607463088, 53.213146159797553 ], [ 22.690380940715073, 53.213123866173554 ], [ 22.690171355307875, 53.213070395409822 ], [ 22.690051012643671, 53.213039152114227 ], [ 22.689609590843649, 53.212905387849034 ], [ 22.689319741122834, 53.212825114886222 ], [ 22.689043199086779, 53.212749279051366 ], [ 22.688869361528088, 53.212709176769877 ], [ 22.688561576157543, 53.212633365467234 ], [ 22.688316329154027, 53.212579850445309 ], [ 22.68827176210759, 53.212562009387653 ], [ 22.688222744396274, 53.212553119764863 ], [ 22.688137979134936, 53.21254862458774 ], [ 22.68799084874264, 53.21252639050148 ], [ 22.687576124090114, 53.212450527892791 ], [ 22.687317527255932, 53.212405927143791 ], [ 22.687054452047764, 53.212361357260335 ], [ 22.686951846349842, 53.212334614721648 ], [ 22.68688946033792, 53.212321212449432 ], [ 22.686800372818343, 53.212307877531551 ], [ 22.686644186632222, 53.212294476779611 ], [ 22.686412395513525, 53.212289994382871 ], [ 22.686332105665205, 53.212272209015232 ], [ 22.68626520490173, 53.212267683913012 ], [ 22.686131518503181, 53.212263289910702 ], [ 22.686010994965759, 53.212267695349176 ], [ 22.685832616629387, 53.212263248759221 ], [ 22.685565116465355, 53.212254311825475 ], [ 22.685377899855617, 53.212249903310905 ], [ 22.685034450266375, 53.212245445917461 ], [ 22.684624222330857, 53.212254374463193 ], [ 22.684321020391273, 53.212272175660715 ], [ 22.683812733833143, 53.212303358077271 ], [ 22.68354966688657, 53.212325676494075 ], [ 22.683371255191538, 53.212348008894203 ], [ 22.683023432279253, 53.212397021040402 ], [ 22.682804942087532, 53.212432672168305 ], [ 22.682657760900291, 53.212459488263789 ], [ 22.682546317607105, 53.212481740200175 ], [ 22.68242594295474, 53.212512974563026 ], [ 22.682269807464433, 53.212553109931591 ], [ 22.682104847058607, 53.21258877484037 ], [ 22.681908642078426, 53.212624463069623 ], [ 22.681743705348353, 53.2126378525303 ], [ 22.681578690242933, 53.212655676793574 ], [ 22.681346762685703, 53.212673481071462 ], [ 22.68130667948364, 53.212673542992569 ], [ 22.681181771973097, 53.212669029771597 ], [ 22.681016781515137, 53.212664578186789 ], [ 22.680900883073612, 53.212664584682322 ], [ 22.680807257490002, 53.212651201584784 ], [ 22.680771626785432, 53.21264231211746 ], [ 22.680691253684291, 53.212646723003004 ], [ 22.680562000182107, 53.212655644954239 ], [ 22.680441649810248, 53.212664602049237 ], [ 22.680272156307467, 53.212682455328014 ], [ 22.679991271319107, 53.212709202403204 ], [ 22.679795040080592, 53.212735966505882 ], [ 22.67961228433742, 53.212753790458251 ], [ 22.679478514417795, 53.21277158833712 ], [ 22.67929571765054, 53.212785000636018 ], [ 22.679054926986151, 53.212793917857397 ], [ 22.678863081112461, 53.21279839798872 ], [ 22.678684752178899, 53.212798349160394 ], [ 22.678528682208697, 53.212789419896914 ], [ 22.678448347737373, 53.212784982757661 ], [ 22.678323559712638, 53.21276718454169 ], [ 22.678149658163104, 53.212749263699855 ], [ 22.677837505791032, 53.212704717146472 ], [ 22.677717078289298, 53.21268691105287 ], [ 22.677569995131453, 53.212655643050383 ], [ 22.677471894017401, 53.212642287771601 ], [ 22.677315800300633, 53.212624436605026 ], [ 22.677182032666554, 53.212611036397462 ], [ 22.676874364220385, 53.212566455647533 ], [ 22.676646935888694, 53.212535256579642 ], [ 22.676357090305689, 53.212486236667786 ], [ 22.676174340450522, 53.212472859186072 ], [ 22.676098514929159, 53.212446114132575 ], [ 22.675982490777876, 53.212432709923789 ], [ 22.675955727095108, 53.212432700523472 ], [ 22.675911180006668, 53.212459477164309 ], [ 22.675652536123746, 53.212468412077335 ], [ 22.675273507929678, 53.212495143034111 ], [ 22.675246746494551, 53.212463938602625 ], [ 22.675184329665541, 53.212446117524649 ], [ 22.675126312806665, 53.212432700496841 ], [ 22.675090631697742, 53.212437163897803 ], [ 22.674890074752856, 53.212441649950328 ], [ 22.67476523940871, 53.212437202111076 ], [ 22.674609151211087, 53.21241934653299 ], [ 22.674426284957384, 53.212405989727117 ], [ 22.674234531632077, 53.212388087824387 ], [ 22.674082947381283, 53.212365863156087 ], [ 22.67393134998477, 53.212361404293688 ], [ 22.673775339557935, 53.212370307088996 ], [ 22.673659369242735, 53.212374739878157 ], [ 22.67342741365977, 53.212388113893624 ], [ 22.67324013626838, 53.212388116704936 ], [ 22.673079622190397, 53.212388129362402 ], [ 22.672959252830633, 53.212388157122682 ], [ 22.672847816554206, 53.212379203040697 ], [ 22.672656026181738, 53.212356886901198 ], [ 22.672540140796094, 53.212325688428038 ], [ 22.672482190565411, 53.212312343569067 ], [ 22.672415218112636, 53.212298986632817 ], [ 22.672263663488668, 53.212298936181796 ], [ 22.671996124915783, 53.212307825115133 ], [ 22.671844539995931, 53.212316791712176 ], [ 22.671581440846587, 53.212321237593372 ], [ 22.671242502406425, 53.212334637519469 ], [ 22.670805512038509, 53.212339085194138 ], [ 22.670595939710335, 53.212343550051095 ], [ 22.67040412352091, 53.212343504314873 ], [ 22.670274839009526, 53.212348001308747 ], [ 22.669909236471845, 53.212352441591641 ], [ 22.669579195158985, 53.212352443153627 ], [ 22.669258216716837, 53.212356866992131 ], [ 22.669035201482238, 53.212347991790708 ], [ 22.66886584659877, 53.212334605977681 ], [ 22.66854027084511, 53.212294458422669 ], [ 22.66821024175502, 53.212263260367287 ], [ 22.668009600072455, 53.212232052270963 ], [ 22.667862530431076, 53.212218706969416 ], [ 22.667599415932102, 53.212214221969369 ], [ 22.667470093946509, 53.212227561318528 ], [ 22.667287265305855, 53.21222311076454 ], [ 22.66687262879719, 53.212214227900041 ], [ 22.666275039568841, 53.212187485960008 ], [ 22.666163644769345, 53.212156249126195 ], [ 22.666136883363578, 53.212156236977037 ], [ 22.666052080853703, 53.212151819982338 ], [ 22.665931758471039, 53.212156249961758 ], [ 22.665860399727308, 53.212165169904686 ], [ 22.665784538827523, 53.212165200416919 ], [ 22.665690931202672, 53.212151802475596 ], [ 22.665624027956802, 53.212151771758236 ], [ 22.665561610689441, 53.212165139246956 ], [ 22.66547687855773, 53.212187481552661 ], [ 22.665409959187272, 53.21219195955247 ], [ 22.664660902658056, 53.212191905791968 ], [ 22.664553899386608, 53.212183009309449 ], [ 22.664491436052423, 53.212178536227597 ], [ 22.664397836577006, 53.212178565819521 ], [ 22.664375514905601, 53.212174111611155 ], [ 22.66433536661501, 53.212160663825586 ], [ 22.664241744287153, 53.212151773321501 ], [ 22.664000978093263, 53.212133966553537 ], [ 22.663920626506169, 53.212107168450189 ], [ 22.663858244291436, 53.212098259872732 ], [ 22.663724464939115, 53.212093858533215 ], [ 22.663563980593839, 53.212089346347355 ], [ 22.663505922494295, 53.212102706056811 ], [ 22.663461325430941, 53.212111637102055 ], [ 22.663345382766643, 53.212098291293991 ], [ 22.663167143328526, 53.212098287271708 ], [ 22.662935262877809, 53.212098280843044 ], [ 22.662810293203886, 53.212071492638977 ], [ 22.662587367273115, 53.212044738494612 ], [ 22.662391180001482, 53.212009077104298 ], [ 22.662346515512983, 53.211991247818965 ], [ 22.662315328649569, 53.211964481192567 ], [ 22.662279789083836, 53.211951149734226 ], [ 22.662244087965824, 53.211946688416063 ], [ 22.662195029177553, 53.211951140384407 ], [ 22.662150426507761, 53.211946642015057 ], [ 22.661824875740287, 53.21187978560932 ], [ 22.661575103723074, 53.211817336101468 ], [ 22.661191677803036, 53.211750457079539 ], [ 22.660732414296131, 53.211679094194686 ], [ 22.660326679045561, 53.211621185463329 ], [ 22.660010059059662, 53.211576537297297 ], [ 22.6597647471533, 53.211563185227014 ], [ 22.659581911991427, 53.211549800011056 ], [ 22.659354540612682, 53.211531988564339 ], [ 22.659202944277162, 53.211518586425299 ], [ 22.658868508978355, 53.211451682865601 ], [ 22.658743673043752, 53.211438294195482 ], [ 22.658654454481308, 53.211407117211245 ], [ 22.658494001159532, 53.211384830513026 ], [ 22.65823528835946, 53.211349118781712 ], [ 22.657878565577033, 53.211300104796436 ], [ 22.657646738363457, 53.211277810657108 ], [ 22.65708924642696, 53.21120643370589 ], [ 22.656786068374004, 53.211166364923635 ], [ 22.65634021594251, 53.211094988587291 ], [ 22.655729280244302, 53.210983533317872 ], [ 22.655327910604125, 53.210903249049089 ], [ 22.655118429433095, 53.210854210580656 ], [ 22.654708104784621, 53.210760555276991 ], [ 22.654516363536857, 53.210711517201375 ], [ 22.654231113667286, 53.210644634711016 ], [ 22.65395459961594, 53.210573230616788 ], [ 22.653722687024228, 53.210519756643805 ], [ 22.653535430784132, 53.21048411530532 ], [ 22.653370390292292, 53.210448445544593 ], [ 22.653022653257096, 53.210359239681566 ], [ 22.652648042828826, 53.210229926615078 ], [ 22.652465167833018, 53.210149654543848 ], [ 22.652179769684643, 53.210011408335077 ], [ 22.651992601221078, 53.209917786784004 ], [ 22.651644720535558, 53.209730533339958 ], [ 22.651457451494263, 53.209618997877264 ], [ 22.65134153677754, 53.209525410330215 ], [ 22.651047153267637, 53.209302411850452 ], [ 22.650944718948526, 53.209199888774691 ], [ 22.650868872192582, 53.209132937149818 ], [ 22.65081092783706, 53.209070546414353 ], [ 22.650730567193492, 53.208945672034496 ], [ 22.650677163614485, 53.208869897026496 ], [ 22.650619136078667, 53.208798513012205 ], [ 22.650538960783788, 53.208673688727323 ], [ 22.650503214727653, 53.208562238080532 ], [ 22.650476444175794, 53.208459647490642 ], [ 22.650431844534747, 53.20828577209388 ], [ 22.650427349968908, 53.208169800159787 ], [ 22.650418563172227, 53.208000367073993 ], [ 22.65040069288591, 53.20789781540909 ], [ 22.650387362804747, 53.207781879769755 ], [ 22.650369393985404, 53.207634731175283 ], [ 22.650351563380813, 53.207550018900974 ], [ 22.650329291120489, 53.207456319342228 ], [ 22.650262436006283, 53.207358287687519 ], [ 22.65023572250848, 53.20732256938858 ], [ 22.650213368556972, 53.207300273270121 ], [ 22.650222348611468, 53.207282448629364 ], [ 22.650258020658018, 53.207277994871603 ], [ 22.650293692705866, 53.207273541101067 ], [ 22.650298132644195, 53.207269100474655 ], [ 22.650298093192053, 53.207251261679019 ], [ 22.650231217048564, 53.207130882935729 ], [ 22.650115267627292, 53.207032714636668 ], [ 22.649927925534868, 53.206849899046588 ], [ 22.649829936014104, 53.206769621807538 ], [ 22.649762999138524, 53.206729565442011 ], [ 22.649540040142817, 53.206658185344502 ], [ 22.649540081780398, 53.20662248406483 ], [ 22.649401864454404, 53.206564552433299 ], [ 22.649116444103893, 53.20647976929979 ], [ 22.648955871319483, 53.206439652934364 ], [ 22.648733019955689, 53.206386183549839 ], [ 22.648585780334489, 53.206354920660289 ], [ 22.648367288256235, 53.206301444720381 ], [ 22.648260382968054, 53.206279176256807 ], [ 22.64810422729817, 53.206252382840937 ], [ 22.647899171440304, 53.206225672359622 ], [ 22.647743016705412, 53.206198878363629 ], [ 22.647582569032195, 53.206172163602986 ], [ 22.647466500342325, 53.206167668601154 ], [ 22.647332761919941, 53.206163244178441 ], [ 22.647141076977828, 53.206149797073962 ], [ 22.646993962528036, 53.206145363393652 ], [ 22.646860123263266, 53.206136453770817 ], [ 22.646507848167936, 53.206127505698781 ], [ 22.64638740479894, 53.206127523558386 ], [ 22.646222538767045, 53.206114166168838 ], [ 22.645776538486118, 53.206087412200326 ], [ 22.645785554702595, 53.20598485612792 ], [ 22.64566057099038, 53.205984828873703 ], [ 22.645446660585673, 53.205989340882901 ], [ 22.645223630421967, 53.205989353239296 ], [ 22.644862481222766, 53.205989279731973 ], [ 22.644661847003242, 53.205989314554891 ], [ 22.644532506648485, 53.206002719184241 ], [ 22.644412019706763, 53.20601158003312 ], [ 22.644336304270865, 53.206011569269599 ], [ 22.644126735408562, 53.205993725720099 ], [ 22.64394390053662, 53.205980408696881 ], [ 22.643653992750469, 53.205980371222374 ], [ 22.643426608416338, 53.205980384911285 ], [ 22.643324104712448, 53.205975943985038 ], [ 22.643176894831178, 53.205967019882621 ], [ 22.643038620789742, 53.2059625451339 ], [ 22.642869200818378, 53.205953646159792 ], [ 22.642641800172012, 53.205944738705867 ], [ 22.642454565632182, 53.205926841990404 ], [ 22.642262835417593, 53.20591348286527 ], [ 22.642173589003786, 53.205909074148011 ], [ 22.641995171089849, 53.205895650172543 ], [ 22.641794626418083, 53.205877816452336 ], [ 22.641625106588165, 53.205877858522236 ], [ 22.641428974309793, 53.20587334863157 ], [ 22.641348713496271, 53.205837687809684 ], [ 22.641272845284714, 53.205819860057204 ], [ 22.641152473630456, 53.205806517314983 ], [ 22.640925079033487, 53.205784177989109 ], [ 22.640751187804657, 53.20576187685073 ], [ 22.640590653525486, 53.205744093615152 ], [ 22.640416679809938, 53.205726226595708 ], [ 22.6399886938805, 53.205672718026122 ], [ 22.639845913322009, 53.205650429468172 ], [ 22.639578342760743, 53.205614727533764 ], [ 22.63943128939621, 53.205588008980826 ], [ 22.639221699335177, 53.205552316199309 ], [ 22.63896755631632, 53.205494349276869 ], [ 22.638766868758527, 53.205445266996932 ], [ 22.638597473835883, 53.205396248818033 ], [ 22.638530507812256, 53.205378458195881 ], [ 22.63828082860271, 53.205311541062414 ], [ 22.638044525984753, 53.20524463338208 ], [ 22.637906241325233, 53.205195628932216 ], [ 22.63774578700302, 53.205137631709128 ], [ 22.637482684923764, 53.205008342014111 ], [ 22.63739340057775, 53.204950315974372 ], [ 22.637290822345417, 53.204901272690698 ], [ 22.637134795208123, 53.204829915571096 ], [ 22.637005499097658, 53.204763087140385 ], [ 22.636889566909471, 53.20470952486496 ], [ 22.636715640737531, 53.204611428749153 ], [ 22.636577469802475, 53.204491021750556 ], [ 22.636483827015013, 53.20441082530764 ], [ 22.636363476455969, 53.20427256123974 ], [ 22.636104741770097, 53.203960399935966 ], [ 22.635939796567325, 53.203773104456545 ], [ 22.635868449130434, 53.203688449634186 ], [ 22.635797090145196, 53.203617050704068 ], [ 22.635663383604804, 53.203501123207772 ], [ 22.635618670398912, 53.203438688097378 ], [ 22.635502848485327, 53.203340579908478 ], [ 22.635373517065748, 53.203233566252393 ], [ 22.635270999379006, 53.203162249342142 ], [ 22.634963249239064, 53.202974931532474 ], [ 22.634726925515171, 53.202845658707695 ], [ 22.634379088371375, 53.202689573143999 ], [ 22.634191839443417, 53.202609302105046 ], [ 22.634133835871054, 53.202591450856559 ], [ 22.633991201964974, 53.202520101236743 ], [ 22.633928790465937, 53.202488925504419 ], [ 22.633817188354083, 53.202479974285758 ], [ 22.633612151247636, 53.202448823354644 ], [ 22.633424816667809, 53.202422014444139 ], [ 22.633326772976407, 53.202413123210071 ], [ 22.633005758278763, 53.202413134136819 ], [ 22.632764941900195, 53.202408626840409 ], [ 22.632555298496499, 53.20239078223625 ], [ 22.632412658691077, 53.202381886467116 ], [ 22.632265494001036, 53.202381864525798 ], [ 22.63217627984676, 53.202386365362621 ], [ 22.632073727759067, 53.202395265760558 ], [ 22.631993481865656, 53.202408627419118 ], [ 22.631899857624507, 53.202435405283673 ], [ 22.63177500212921, 53.202511219101154 ], [ 22.631699166370353, 53.202502303241005 ], [ 22.631627807097328, 53.20249335839484 ], [ 22.631552086386183, 53.202497845680334 ], [ 22.631498503038355, 53.202515663467018 ], [ 22.63148070385073, 53.202529010861312 ], [ 22.631471801759044, 53.20254239817644 ], [ 22.631453946850005, 53.202555843330742 ], [ 22.631364783413972, 53.20257367291876 ], [ 22.631106105639223, 53.202631635723158 ], [ 22.630967919313193, 53.202662819110827 ], [ 22.630807291994707, 53.202680645698628 ], [ 22.630700362969421, 53.202694057960038 ], [ 22.630615660718441, 53.202702939087942 ], [ 22.63049525875482, 53.202711855624941 ], [ 22.630401519267231, 53.20272522886701 ], [ 22.630312340682647, 53.202734138603851 ], [ 22.630196514668469, 53.2027475102932 ], [ 22.63009390697388, 53.202756506412086 ], [ 22.629955711093189, 53.20276534218781 ], [ 22.629795133420554, 53.202774321977707 ], [ 22.62959891203252, 53.202783238892209 ], [ 22.629451848359484, 53.202787697056827 ], [ 22.629349281960614, 53.202787675681982 ], [ 22.62905048025722, 53.202787651043323 ], [ 22.628849838926602, 53.202774322775774 ], [ 22.628658066012594, 53.202765371067549 ], [ 22.628448429388275, 53.202747517382662 ], [ 22.628283544411719, 53.202711880756645 ], [ 22.628194337962004, 53.202702950638631 ], [ 22.627931265976432, 53.202662777537519 ], [ 22.627815363434483, 53.202644978930856 ], [ 22.627561175622898, 53.202595926150977 ], [ 22.627271367532781, 53.202520126245084 ], [ 22.627124102417991, 53.202471091208395 ], [ 22.626892286096624, 53.202390799618449 ], [ 22.626727363978738, 53.202328403699333 ], [ 22.626589039324866, 53.202270391645996 ], [ 22.626504319736725, 53.20222582949787 ], [ 22.626495437857592, 53.202176760133717 ], [ 22.626406228458531, 53.20212330775437 ], [ 22.625951335381323, 53.201913683016144 ], [ 22.625558925849454, 53.201744230339372 ], [ 22.625184431033571, 53.201632780868366 ], [ 22.624948151604894, 53.201552513935702 ], [ 22.624667208824963, 53.201485592505172 ], [ 22.624426411835511, 53.20143654389171 ], [ 22.623793181133149, 53.201329519614262 ], [ 22.623454312007109, 53.201302758384209 ], [ 22.622977156602609, 53.201271589817758 ], [ 22.622393031963625, 53.201262666543272 ], [ 22.622045204158443, 53.201271558677256 ], [ 22.62175089099981, 53.201298336651632 ], [ 22.621327282424815, 53.201347404756426 ], [ 22.621050830395198, 53.201383083438735 ], [ 22.620859107670764, 53.201414299643567 ], [ 22.620609348112321, 53.201458847119859 ], [ 22.620471232940488, 53.201490088745075 ], [ 22.620172382326544, 53.201583683033853 ], [ 22.619900471178724, 53.201686270522096 ], [ 22.619739836174201, 53.201775453248651 ], [ 22.619499167824102, 53.201895874645693 ], [ 22.619231536313468, 53.202011809825194 ], [ 22.619088842351537, 53.202083114527305 ], [ 22.618540322863666, 53.202560240684086 ], [ 22.618214804756004, 53.202827798529768 ], [ 22.617577209547203, 53.203403014328963 ], [ 22.617331933692498, 53.203643795179076 ], [ 22.617305252971267, 53.203643843048006 ], [ 22.617278519893308, 53.20365273623527 ], [ 22.617260597067396, 53.203666105290068 ], [ 22.617256189971684, 53.203697301648944 ], [ 22.617247284808247, 53.203733034728636 ], [ 22.617135718375291, 53.203831117643347 ], [ 22.616921686348782, 53.204022866198542 ], [ 22.616752256578842, 53.204201198073022 ], [ 22.61666761572992, 53.204277010188967 ], [ 22.616515964241088, 53.204424158717273 ], [ 22.616422346296382, 53.204459841863766 ], [ 22.616422317654369, 53.204508872777112 ], [ 22.616408957438047, 53.204540125940483 ], [ 22.616364311649953, 53.204571307346619 ], [ 22.616306357246369, 53.204602549454727 ], [ 22.616266251566504, 53.204633776437042 ], [ 22.616230547184642, 53.204678329177803 ], [ 22.616145818136271, 53.204758576115886 ], [ 22.61602539101526, 53.204838853220096 ], [ 22.615967492383952, 53.204892344628341 ], [ 22.615891745263948, 53.204968198239115 ], [ 22.615784689358836, 53.205026141292507 ], [ 22.615659784258405, 53.205084099285564 ], [ 22.615499312419438, 53.205173329732666 ], [ 22.615378871555585, 53.205222339977141 ], [ 22.615258430631993, 53.205293697374401 ], [ 22.615138064544986, 53.205351700590285 ], [ 22.615022099112593, 53.205400682371938 ], [ 22.614941862157721, 53.205445297316942 ], [ 22.614817063670436, 53.205516658637727 ], [ 22.614683237242335, 53.205579082965684 ], [ 22.614589649175443, 53.205619175850899 ], [ 22.614437984148431, 53.205690534164347 ], [ 22.614339919492355, 53.205730655017135 ], [ 22.614219442914372, 53.205775253444003 ], [ 22.614090156006974, 53.205815375454918 ], [ 22.613925279082775, 53.205868930789663 ], [ 22.613791418210294, 53.205904595923144 ], [ 22.613724531422388, 53.205909037290489 ], [ 22.613586303275905, 53.205935786875138 ], [ 22.613479307745386, 53.205971454612325 ], [ 22.613381231258423, 53.206002655231067 ], [ 22.613122524976841, 53.206074001665463 ], [ 22.612948619554142, 53.206118618440712 ], [ 22.612730129750709, 53.206172141724785 ], [ 22.612516213109505, 53.206230121201678 ], [ 22.612346772741954, 53.2062657894758 ], [ 22.612248608598453, 53.206301423925375 ], [ 22.612105826915258, 53.206341553946281 ], [ 22.611891853601701, 53.206430725600121 ], [ 22.611767027938566, 53.206484245122482 ], [ 22.611677877466626, 53.206542244631628 ], [ 22.611588652385784, 53.206591250755572 ], [ 22.611477188644781, 53.206635864238926 ], [ 22.611401303100855, 53.20668047312266 ], [ 22.611307698345129, 53.206733991812492 ], [ 22.611084695334611, 53.206814224861787 ], [ 22.610955501422126, 53.206858828139218 ], [ 22.610844016431511, 53.206885601921414 ], [ 22.610589803497469, 53.207059465220702 ], [ 22.610331179026335, 53.207318141735726 ], [ 22.610126022216395, 53.207590131202352 ], [ 22.609934332544618, 53.207866620128847 ], [ 22.609715796659369, 53.208138597047814 ], [ 22.609475041765716, 53.208401672684005 ], [ 22.609354651596714, 53.20853546507086 ], [ 22.609229710474779, 53.208660291844858 ], [ 22.608953359708629, 53.208914452204823 ], [ 22.608667946426799, 53.209155263765766 ], [ 22.608355869980713, 53.20939161204182 ], [ 22.608159564923259, 53.20952982488793 ], [ 22.608034676440084, 53.209623457162259 ], [ 22.607695827299505, 53.209841936676902 ], [ 22.607339179612925, 53.210051583094277 ], [ 22.606968985310552, 53.210247735734391 ], [ 22.606590051298355, 53.210448404198551 ], [ 22.606184220101202, 53.210622306570862 ], [ 22.605773997325109, 53.210791800381507 ], [ 22.605350325427164, 53.210952284400378 ], [ 22.604917897110649, 53.211099443183343 ], [ 22.604471964598361, 53.211237689464483 ], [ 22.604021569110586, 53.211362532509412 ], [ 22.603580164657707, 53.211460631611331 ], [ 22.6031342666362, 53.211540916038253 ], [ 22.602674970495755, 53.211594422862035 ], [ 22.602202253765114, 53.21159439107371 ], [ 22.601751906275975, 53.211567630003294 ], [ 22.601297069303182, 53.211523053870899 ], [ 22.60084222000922, 53.211460635112651 ], [ 22.600409714155148, 53.211304537105811 ], [ 22.599874642779952, 53.211210924201779 ], [ 22.599343961565694, 53.211152985651736 ], [ 22.598764250522596, 53.211108383957274 ], [ 22.598202451876848, 53.211103858955752 ], [ 22.597640600074968, 53.211099428410584 ], [ 22.597078750907052, 53.211094994567141 ], [ 22.596646173906127, 53.211086062181245 ], [ 22.596195838231584, 53.211072704131929 ], [ 22.595874747682593, 53.211148487078056 ], [ 22.59553139515231, 53.211184191568861 ], [ 22.595049847296988, 53.211139553829732 ], [ 22.594603938448142, 53.211086068908912 ], [ 22.594166972958305, 53.211014687080585 ], [ 22.593680873285034, 53.210925566385022 ], [ 22.59323505390114, 53.210809609837121 ], [ 22.592793558813909, 53.210680316724897 ], [ 22.592374401414673, 53.210519714449767 ], [ 22.591973036004102, 53.210350277581973 ], [ 22.591589571695753, 53.210154142248257 ], [ 22.591049992233188, 53.209873185667846 ], [ 22.59048822966091, 53.209610080575686 ], [ 22.589895123016436, 53.209369339359498 ], [ 22.589404603820476, 53.209190927409736 ], [ 22.589288605620023, 53.209155264463384 ], [ 22.588659963905776, 53.208950193076276 ], [ 22.588013434781629, 53.208771813948722 ], [ 22.587348961595765, 53.208620224285575 ], [ 22.587117109428299, 53.20857562960358 ], [ 22.586671164694646, 53.208490863969544 ], [ 22.585984526988433, 53.208383877383397 ], [ 22.58528891938867, 53.208299116594446 ], [ 22.584584285034918, 53.208236679097901 ], [ 22.583870930035815, 53.208205510596827 ], [ 22.583161878411726, 53.208192099992125 ], [ 22.582452907790866, 53.20821443765378 ], [ 22.581743908583586, 53.20825002728796 ], [ 22.581034864454537, 53.208312469298576 ], [ 22.580446334810883, 53.208392787202818 ], [ 22.579866579558399, 53.208499758579066 ], [ 22.579309217789135, 53.208642445742747 ], [ 22.578774125736508, 53.20881195321649 ], [ 22.578265742499276, 53.209012592450968 ], [ 22.57771287399602, 53.209271206308863 ], [ 22.57740961294029, 53.209418376530927 ], [ 22.577021722164432, 53.209592295574502 ], [ 22.576620364049447, 53.209752789768075 ], [ 22.576210171120717, 53.209904391382715 ], [ 22.575782100221112, 53.210042667857401 ], [ 22.575554648111012, 53.210114004333313 ], [ 22.575354053394577, 53.210167513574874 ], [ 22.57492146441454, 53.210283389899814 ], [ 22.574466642160672, 53.210377022552102 ], [ 22.574007341806642, 53.210452838963462 ], [ 22.573539116165069, 53.21050635622948 ], [ 22.573066413985163, 53.210542056939907 ], [ 22.572584816501866, 53.210559869439884 ], [ 22.572205788128645, 53.210546491812693 ], [ 22.571826760246445, 53.210515272115074 ], [ 22.571456747255198, 53.210448391365418 ], [ 22.571100014015098, 53.210359202936623 ], [ 22.57076557544535, 53.210247728677501 ], [ 22.570444601169704, 53.210113997214954 ], [ 22.570230515932845, 53.21000693608385 ], [ 22.570007481961767, 53.209908846969839 ], [ 22.569789016629226, 53.209815216463774 ], [ 22.56956153849508, 53.209721563815734 ], [ 22.569334245758167, 53.209627960681686 ], [ 22.569097876200594, 53.209543181644996 ], [ 22.56878127266987, 53.209436204013443 ], [ 22.568460224135308, 53.209342582812305 ], [ 22.568384428197632, 53.209324695776942 ], [ 22.568125808389027, 53.209257860977146 ], [ 22.567800224748371, 53.209182030129384 ], [ 22.567465812580341, 53.209115146368084 ], [ 22.56710911045603, 53.209061624730893 ], [ 22.566739039887032, 53.209025922038535 ], [ 22.566368914432129, 53.208999235771437 ], [ 22.565864952342761, 53.208985800042051 ], [ 22.565365619664451, 53.209003655066176 ], [ 22.564866192352632, 53.209052702987748 ], [ 22.564380155111699, 53.209150780628626 ], [ 22.563911902032455, 53.20926678866411 ], [ 22.563461572820053, 53.20939602302866 ], [ 22.563046865187768, 53.209569943875259 ], [ 22.562663362181667, 53.209770639539528 ], [ 22.562320014833563, 53.209989138937502 ], [ 22.562016821072781, 53.210234362966624 ], [ 22.56175820178872, 53.210497463993548 ], [ 22.561548632241919, 53.210778416887827 ], [ 22.561499554271077, 53.210867609979211 ], [ 22.561392499231527, 53.211063790886179 ], [ 22.561285446409471, 53.211362508516565 ], [ 22.561240944677941, 53.211523016458486 ], [ 22.561183017229084, 53.211683601760903 ], [ 22.561111655800794, 53.211844092813429 ], [ 22.561031343464872, 53.212004635520316 ], [ 22.560942138236612, 53.212156211568569 ], [ 22.560839597584952, 53.212312350116619 ], [ 22.560728190696363, 53.212463933319157 ], [ 22.560607768569383, 53.212615494175452 ], [ 22.560478461443097, 53.212758259729021 ], [ 22.560340194861638, 53.212900905095125 ], [ 22.56012617960457, 53.213088174740946 ], [ 22.55987644558186, 53.213271042400443 ], [ 22.559595502262493, 53.213427131480515 ], [ 22.559305665140364, 53.213574252829424 ], [ 22.558984616725638, 53.21370351565804 ], [ 22.55866799186358, 53.213815008319543 ], [ 22.558306880070724, 53.213904185350067 ], [ 22.557936732640613, 53.213971085210524 ], [ 22.557379343289565, 53.214082559906878 ], [ 22.556790721485005, 53.214238618666705 ], [ 22.556487463864791, 53.214341205714589 ], [ 22.556237841161224, 53.214421502685255 ], [ 22.555970298193021, 53.214528491923382 ], [ 22.555707173558826, 53.214635552933593 ], [ 22.555216663760266, 53.214858488884211 ], [ 22.553705009678534, 53.21564326895944 ], [ 22.553651581134599, 53.215670018969149 ], [ 22.553089689971415, 53.21542477751688 ], [ 22.551698459024671, 53.214791575996117 ], [ 22.54960271237093, 53.213855187960746 ], [ 22.548198007615749, 53.213257655522682 ], [ 22.547649536254092, 53.212936560180339 ], [ 22.547315208625829, 53.212646780052388 ], [ 22.547096628941986, 53.212294465249059 ], [ 22.546985144769966, 53.21198681488486 ], [ 22.546936119397689, 53.211665776894598 ], [ 22.54698961556192, 53.211335757302649 ], [ 22.547114523455402, 53.211081579285896 ], [ 22.547306281121735, 53.210702555238193 ], [ 22.547654090112196, 53.210158582126844 ], [ 22.548617185905464, 53.208437369510015 ], [ 22.54954920312608, 53.206751804330757 ], [ 22.550356214345769, 53.205427469358106 ], [ 22.550280448528202, 53.205351639103071 ], [ 22.549941555552895, 53.205284745270141 ], [ 22.548403162563446, 53.204972609698714 ], [ 22.547569303452907, 53.204825473260158 ], [ 22.54654375135825, 53.204598051222774 ], [ 22.545549375718092, 53.204401907323827 ], [ 22.544523846127255, 53.204201223351959 ], [ 22.543663202598886, 53.204045111746396 ], [ 22.543092316185167, 53.204004997287051 ], [ 22.5425171801533, 53.203991615317143 ], [ 22.541973134472997, 53.20400944577078 ], [ 22.541219528805239, 53.204120943298804 ], [ 22.540702331395316, 53.204178879495871 ], [ 22.538481631695774, 53.204517809420111 ], [ 22.536305663918085, 53.204803196439556 ], [ 22.533482966233635, 53.205204509194658 ], [ 22.529581330476301, 53.205752965178675 ], [ 22.527690661890471, 53.206029456405815 ], [ 22.525139998408104, 53.206408451411434 ], [ 22.521773400228103, 53.2068544193693 ], [ 22.517836021608179, 53.20742961511317 ], [ 22.517024462681619, 53.20754552817742 ], [ 22.515811561150795, 53.207706079282566 ], [ 22.514331165030299, 53.207897804475472 ], [ 22.513421508875808, 53.207995875436225 ], [ 22.512288871689549, 53.208080602827508 ], [ 22.510291259346896, 53.208236731796866 ], [ 22.508280184644669, 53.208406147271056 ], [ 22.506661521822451, 53.208508709772467 ], [ 22.504155586309569, 53.208691543570843 ], [ 22.501230354592735, 53.208861005135347 ], [ 22.499549323331276, 53.208981390944665 ], [ 22.498884863031144, 53.209030451377778 ], [ 22.498336372856695, 53.209070582180878 ], [ 22.497600684665148, 53.209066083464577 ], [ 22.496276226529428, 53.209057151630546 ], [ 22.494403488893031, 53.208972440608584 ], [ 22.493364527960253, 53.208860977431051 ], [ 22.492053506400598, 53.208348174619559 ], [ 22.49008705668718, 53.207549987329273 ], [ 22.488240968598351, 53.206769616725957 ], [ 22.486180965516603, 53.2058555486974 ], [ 22.486118488129467, 53.20583324018007 ], [ 22.486287830783947, 53.205735129587445 ], [ 22.486328025400081, 53.20570836511552 ], [ 22.484441849305352, 53.204981559958959 ], [ 22.481307047675642, 53.204638229653611 ], [ 22.479140024377624, 53.20441973771856 ], [ 22.477788865000853, 53.204268076197089 ], [ 22.475135689740497, 53.204004990327022 ], [ 22.472214931678614, 53.203706218608708 ], [ 22.472246180194503, 53.203692834732479 ], [ 22.470605204810791, 53.203510051519999 ], [ 22.469704438924762, 53.203438688898636 ], [ 22.469075739755208, 53.203367360056575 ], [ 22.461134128817282, 53.202524601961763 ], [ 22.454320652826773, 53.202381879713109 ], [ 22.446771352617965, 53.202212429396468 ], [ 22.446749059074534, 53.202212433219792 ], [ 22.443262051267329, 53.202377414590849 ], [ 22.438214333469919, 53.202292717422765 ], [ 22.433331608845265, 53.202194597745937 ], [ 22.431976076541016, 53.202092027008007 ], [ 22.430682930379504, 53.201793285289284 ], [ 22.427476822625692, 53.200888141305015 ], [ 22.423222880995414, 53.199724288412263 ], [ 22.42110928901127, 53.19907326752768 ], [ 22.419923096918264, 53.199104502126481 ], [ 22.418621031547652, 53.199166873720962 ], [ 22.418246460632666, 53.199193663741674 ], [ 22.416440510586579, 53.199554817018196 ], [ 22.412953491919801, 53.20025491472591 ], [ 22.410050660568103, 53.200861317331771 ], [ 22.408953698568979, 53.201088756765785 ], [ 22.407036264636638, 53.201472219073935 ], [ 22.406068738323658, 53.201681815414332 ], [ 22.404708693652882, 53.201940466875065 ], [ 22.40389263097396, 53.202096555689998 ], [ 22.403388724420584, 53.202190137153281 ], [ 22.403000790003432, 53.202234741265357 ], [ 22.402483571568478, 53.202261470209727 ], [ 22.401948494261838, 53.202239206777115 ], [ 22.40064195160355, 53.202158949348991 ], [ 22.397114848786558, 53.201882467491465 ], [ 22.396365620610439, 53.201811142010861 ], [ 22.396561925719066, 53.202007335371391 ], [ 22.402059950165341, 53.207358252480688 ], [ 22.403072207183886, 53.208308046124891 ], [ 22.40595277328735, 53.211251043217842 ], [ 22.410407339324852, 53.215714582869488 ], [ 22.415553178807123, 53.220673159727191 ], [ 22.41731450332032, 53.222331932727549 ], [ 22.41829548481255, 53.223558173965408 ], [ 22.4186254502441, 53.223972859149384 ], [ 22.422665495034924, 53.229832104525137 ], [ 22.424649768825017, 53.231990306041183 ], [ 22.432337314819531, 53.240007817070072 ], [ 22.43426803146443, 53.241885067600059 ], [ 22.436912229137928, 53.248332938259949 ], [ 22.437193220827979, 53.249028526166562 ], [ 22.439097212552024, 53.252676076911619 ], [ 22.442553059512509, 53.256591221202235 ], [ 22.445241910206793, 53.259592199222709 ], [ 22.449821389923663, 53.264893992972375 ], [ 22.450231604295936, 53.26542463306081 ], [ 22.450508053635243, 53.266022223515058 ], [ 22.452251617488354, 53.269669735741815 ], [ 22.453179047724657, 53.273014084254335 ], [ 22.453245989962195, 53.273245904423163 ], [ 22.453794480090352, 53.275627091715364 ], [ 22.453870268169176, 53.276398551443663 ], [ 22.45671062918138, 53.276237992775869 ], [ 22.456666052663827, 53.277397362703837 ], [ 22.457080827898793, 53.277424099764907 ], [ 22.457410759902707, 53.277883420585916 ], [ 22.457049548551399, 53.278962503338334 ], [ 22.456407486082135, 53.27905165757393 ], [ 22.455881314141482, 53.278819812545542 ], [ 22.4552882417434, 53.278766265344011 ], [ 22.455306087117425, 53.278940166889271 ], [ 22.455841188127074, 53.279287989042757 ], [ 22.456139882995714, 53.279573388255777 ], [ 22.456104288508694, 53.280126360109541 ], [ 22.458222442989399, 53.28003583669183 ], [ 22.4579408210104, 53.283220719161768 ] ] ], [ [ [ 22.742579170709412, 53.490738597795676 ], [ 22.74313656025949, 53.49067620091747 ], [ 22.743123187429028, 53.49031944112695 ], [ 22.742423086713046, 53.490279321310716 ], [ 22.742418644825513, 53.490234705496917 ], [ 22.742213635217901, 53.490199057280378 ], [ 22.742106489663591, 53.490181206195039 ], [ 22.742030721582402, 53.490163330155887 ], [ 22.741954924799888, 53.490194533276068 ], [ 22.741718614156259, 53.490546870357853 ], [ 22.742079804424847, 53.49063604880164 ], [ 22.742579170709412, 53.490738597795676 ] ] ] ] } }
]
}
