example_id,class_str,pred_class_str,example_type,orig_row_idx,numark,pixel_id,NBR_1997_1998,NBR_1999_2000,NBR_2001_2002,NBR_2003_2004,NBR_2005_2006,NBR_2007_2008,NBR_2009_2010,NBR_2011_2012,NBR_2013_2014,NBR_2015_2016,NDMI_1997_1998,NDMI_1999_2000,NDMI_2001_2002,NDMI_2003_2004,NDMI_2005_2006,NDMI_2007_2008,NDMI_2009_2010,NDMI_2011_2012,NDMI_2013_2014,NDMI_2015_2016,NDVI_1997_1998,NDVI_1999_2000,NDVI_2001_2002,NDVI_2003_2004,NDVI_2005_2006,NDVI_2007_2008,NDVI_2009_2010,NDVI_2011_2012,NDVI_2013_2014,NDVI_2015_2016,NIR_1997_1998,NIR_1999_2000,NIR_2001_2002,NIR_2003_2004,NIR_2005_2006,NIR_2007_2008,NIR_2009_2010,NIR_2011_2012,NIR_2013_2014,NIR_2015_2016,SWIR1_1997_1998,SWIR1_1999_2000,SWIR1_2001_2002,SWIR1_2003_2004,SWIR1_2005_2006,SWIR1_2007_2008,SWIR1_2009_2010,SWIR1_2011_2012,SWIR1_2013_2014,SWIR1_2015_2016,SWIR2_1997_1998,SWIR2_1999_2000,SWIR2_2001_2002,SWIR2_2003_2004,SWIR2_2005_2006,SWIR2_2007_2008,SWIR2_2009_2010,SWIR2_2011_2012,SWIR2_2013_2014,SWIR2_2015_2016,prob_true,prob_pred,prob_shrubs_to_trees,prob_stable_shrubs,prob_stable_trees,prob_stable_wetland,prob_wetland_to_woody
shrubs_to_trees_correct_highconf_0,shrubs_to_trees,shrubs_to_trees,correct_highconf,34687,BI66,187000002486,-1.022169,-0.21051261,-0.07231331,0.5394147,0.67084056,0.76718074,0.80433667,0.8823005,0.8611459,1.3399625,-1.161185,-0.13558553,-0.14738332,0.40567803,0.73676974,0.9751964,0.96719855,1.3406827,1.0248516,1.3095753,-0.9741251,0.23889738,0.06167015,0.472571,0.9115995,0.44286507,0.7603166,0.7983604,0.65479785,1.0963812,-1.1269349,-0.37264612,-0.2746701,-0.07906922,0.15857598,-0.25896427,0.23157524,0.2642227,0.14647633,0.48668852,0.20892178,-0.05917181,-0.0987806,-0.47146356,-0.58255374,-0.73216546,-0.6208594,-0.5098799,-0.7515078,-0.84580815,-0.028756687,-0.045136824,-0.19612883,-0.52791107,-0.6578025,-0.9693813,-0.8688886,-0.6615978,-1.0425041,-1.080457,0.9957504,0.9957504,0.9957504,0.0013679242,0.0012391645,5.193745e-05,0.0015904885
shrubs_to_trees_correct_highconf_1,shrubs_to_trees,shrubs_to_trees,correct_highconf,18151,BI66,187000002486,-1.022169,-0.21051261,-0.07231331,0.5394147,0.67084056,0.76718074,0.80433667,0.8823005,0.8611459,1.3399625,-1.161185,-0.13558553,-0.14738332,0.40567803,0.73676974,0.9751964,0.96719855,1.3406827,1.0248516,1.3095753,-0.9741251,0.23889738,0.06167015,0.472571,0.9115995,0.44286507,0.7603166,0.7983604,0.65479785,1.0963812,-1.1269349,-0.37264612,-0.2746701,-0.07906922,0.15857598,-0.25896427,0.23157524,0.2642227,0.14647633,0.48668852,0.20892178,-0.05917181,-0.0987806,-0.47146356,-0.58255374,-0.73216546,-0.6208594,-0.5098799,-0.7515078,-0.84580815,-0.028756687,-0.045136824,-0.19612883,-0.52791107,-0.6578025,-0.9693813,-0.8688886,-0.6615978,-1.0425041,-1.080457,0.9957504,0.9957504,0.9957504,0.0013679242,0.0012391645,5.193745e-05,0.0015904885
shrubs_to_trees_correct_highconf_2,shrubs_to_trees,shrubs_to_trees,correct_highconf,85262,GP95,245000003067,-0.27470943,0.51963186,0.813965,0.74102056,0.4965312,0.53458667,-0.40541616,-0.09298468,0.2560362,0.66054386,-0.60279834,0.22228517,0.65671086,0.59807485,0.53019637,0.3541395,-0.39937568,0.18753645,0.14780091,0.7850267,-0.4188762,0.20020118,0.50372136,0.5765787,0.31838787,0.23015624,-0.22179155,0.08735513,0.24402943,0.3930804,-0.45488155,-0.21405017,0.17934346,0.12887713,0.16394125,-0.25051135,-0.6293727,-0.3497495,-0.27351978,-0.21245432,-0.022637,-0.15351258,-0.4015244,-0.37623167,-0.48543006,-0.37187496,-0.40855286,-0.1952717,-0.5031083,-0.7782244,-0.114645496,-0.30756587,-0.4966857,-0.60414904,-0.71447563,-0.72039825,-0.62296385,-0.3334077,-0.6529978,-0.8468438,0.9917864,0.9917864,0.9917864,0.0027304315,0.005137259,3.2707808e-06,0.00034261183
shrubs_to_trees_correct_highconf_3,shrubs_to_trees,shrubs_to_trees,correct_highconf,4402,GP95,244000003067,-0.27470943,0.51963186,0.813965,0.74102056,0.4965312,0.53458667,-0.40541616,-0.09298468,0.2560362,0.66054386,-0.60279834,0.22228517,0.65671086,0.59807485,0.53019637,0.3541395,-0.39937568,0.18753645,0.14780091,0.7850267,-0.4188762,0.20020118,0.50372136,0.5765787,0.31838787,0.23015624,-0.22179155,0.08735513,0.24402943,0.3930804,-0.45488155,-0.21405017,0.17934346,0.12887713,0.16394125,-0.25051135,-0.6293727,-0.3497495,-0.27351978,-0.21245432,-0.022637,-0.15351258,-0.4015244,-0.37623167,-0.48543006,-0.37187496,-0.40855286,-0.1952717,-0.5031083,-0.7782244,-0.114645496,-0.30756587,-0.4966857,-0.60414904,-0.71447563,-0.72039825,-0.62296385,-0.3334077,-0.6529978,-0.8468438,0.9917864,0.9917864,0.9917864,0.0027304315,0.005137259,3.2707808e-06,0.00034261183
shrubs_to_trees_correct_highconf_4,shrubs_to_trees,shrubs_to_trees,correct_highconf,124987,T70,224000002317,-0.24521199,0.3046806,1.183614,1.1104163,1.0141275,1.3360803,0.45885712,1.4132165,1.3447751,1.6953037,-0.8061921,0.17598984,1.1250825,1.2392385,0.92729723,1.5184649,0.16792502,1.5048149,1.2204535,1.7072684,0.27625826,0.72223246,1.1206355,1.2464472,1.1995263,1.1666126,0.5118812,1.314195,1.0730373,1.6042513,-0.022156568,0.46727994,0.75916266,0.5100317,0.36012328,0.579876,0.060029946,0.7641752,0.7227159,0.72579145,0.59810793,0.36378932,0.043529123,-0.49685875,-0.57280654,-0.53550994,-0.35027263,-0.26539752,-0.47337562,-0.6934483,0.75074935,0.12625688,-0.384822,-0.7261297,-0.9128316,-0.82680124,-0.6144301,-0.7335089,-0.7577269,-0.99578494,0.9901265,0.9901265,0.9901265,0.0022441354,0.006759794,9.090139e-05,0.0007786952
shrubs_to_trees_correct_highconf_5,shrubs_to_trees,shrubs_to_trees,correct_highconf,81649,T70,224000002317,-0.24521199,0.31569755,1.17093,1.0394793,0.99214184,1.3141308,0.52122855,1.4305284,1.5518174,1.8326634,-0.74908096,0.1534118,1.1308093,1.0351429,0.9279458,1.4850764,-0.013437384,1.640245,1.3801925,1.8194768,0.27625826,0.5482051,1.2440561,1.0832154,1.0383177,1.1439009,0.6394769,0.9952169,1.2874929,1.6755743,-0.08839492,0.26246738,0.8137155,0.36239463,0.3227997,0.60768163,0.03184175,0.7641752,0.7861439,0.94820136,0.6762241,0.28359967,-0.10113005,-0.49685875,-0.60622543,-0.53404236,-0.32605228,-0.31368086,-0.36460674,-0.6128221,0.5750677,0.037469324,-0.46349537,-0.73316705,-0.9018834,-0.854466,-0.5275419,-0.69984835,-0.8244379,-0.95701945,0.9879417,0.9879417,0.9879417,0.0022255722,0.0090333605,4.6349305e-05,0.00075303594
shrubs_to_trees_correct_highconf_6,shrubs_to_trees,shrubs_to_trees,correct_highconf,120551,T70,223000002318,-0.33911902,0.4049719,1.0761763,1.0161623,1.1410861,1.3827401,0.6879079,1.4824507,1.5834439,1.8690923,-0.9384665,0.17583157,1.1314046,1.1734405,0.95104504,1.4594811,0.264593,1.3308432,1.6925455,1.8584564,0.04052958,0.7571581,1.1001571,1.1799358,1.1672796,1.2446723,0.69281155,1.2767415,1.2463143,1.6633861,-0.21458621,0.40452266,0.6304624,0.44972244,0.42310682,0.6819783,0.26942796,0.97767526,0.88385725,0.9113785,0.6825013,0.36441827,-0.07327225,-0.44321144,-0.5331216,-0.46763444,-0.36541036,-0.289156,-0.3792849,-0.6608421,0.6921888,0.06669055,-0.4548905,-0.78946584,-0.8909352,-0.7083392,-0.62761855,-0.6309973,-0.844523,-0.982523,0.98599595,0.98599595,0.98599595,0.0027276648,0.009737516,0.00011133654,0.0014276841
shrubs_to_trees_correct_highconf_7,shrubs_to_trees,shrubs_to_trees,correct_highconf,67971,BI66,189000002485,-1.6726139,-0.66489154,-0.79439837,0.19144711,0.45197862,0.7760346,0.5322509,0.43808147,0.32726133,0.9478609,-1.3104554,-0.7795372,-0.78795856,-0.12169136,0.33434978,0.7880479,0.9395998,1.0210856,0.44109675,1.0485183,-0.87099314,-0.26150462,-0.6336989,0.080370985,0.45040986,0.72869116,0.4031335,0.43589646,0.25586763,0.7748154,-1.03072,-0.5978913,-0.64518434,-0.3014898,-0.07796217,-0.005821804,-0.04950132,0.081076875,-0.21523462,0.029103462,0.37770858,0.18265504,0.022384046,-0.135295,-0.3910913,-0.79160243,-0.5879348,-0.4278748,-0.57085365,-0.81557333,0.4761654,0.30888954,0.07000846,-0.25755963,-0.43883815,-0.8175796,-0.61986065,-0.5208356,-0.7319033,-0.9906842,0.98503727,0.98503727,0.98503727,0.0069109374,0.0006143904,0.00027147477,0.007165936
shrubs_to_trees_correct_highconf_8,shrubs_to_trees,shrubs_to_trees,correct_highconf,57559,BI66,188000002485,-1.6726139,-0.66489154,-0.79439837,0.19144711,0.45197862,0.7760346,0.5322509,0.43808147,0.32726133,0.9478609,-1.3104554,-0.7795372,-0.78795856,-0.12169136,0.33434978,0.7880479,0.9395998,1.0210856,0.44109675,1.0485183,-0.87099314,-0.26150462,-0.6336989,0.080370985,0.45040986,0.72869116,0.4031335,0.43589646,0.25586763,0.7748154,-1.03072,-0.5978913,-0.64518434,-0.3014898,-0.07796217,-0.005821804,-0.04950132,0.081076875,-0.21523462,0.029103462,0.37770858,0.18265504,0.022384046,-0.135295,-0.3910913,-0.79160243,-0.5879348,-0.4278748,-0.57085365,-0.81557333,0.4761654,0.30888954,0.07000846,-0.25755963,-0.43883815,-0.8175796,-0.61986065,-0.5208356,-0.7319033,-0.9906842,0.98503727,0.98503727,0.98503727,0.0069109374,0.0006143904,0.00027147477,0.007165936
shrubs_to_trees_correct_highconf_9,shrubs_to_trees,shrubs_to_trees,correct_highconf,2779,T70,223000002318,-0.24521199,0.36258453,0.9741017,1.2079759,1.2065394,1.3501062,0.6812501,1.6116316,1.6432614,1.840169,-0.6058042,0.30251995,1.1978539,1.0509465,1.0872893,1.4016277,0.39403483,1.6396028,1.5762975,1.8380442,0.27625826,0.6975941,1.033092,1.1360232,1.107834,1.1070687,0.7892372,1.4909989,1.2799172,1.5982597,-0.12804122,0.37971163,0.5469631,0.33778843,0.5327448,0.5571866,0.104057215,1.0054787,0.8853266,0.80238295,0.48442093,0.20089425,-0.22128779,-0.5381259,-0.5731547,-0.58430696,-0.33437803,-0.2983528,-0.5023556,-0.72309035,0.5750677,-0.047946557,-0.5243443,-0.97830135,-0.8960873,-0.8502099,-0.5872776,-0.69984835,-0.9040608,-1.0202684,0.98434365,0.98434365,0.98434365,0.0016456787,0.01336257,3.9206116e-05,0.00060888374
shrubs_to_trees_true_misclassified_10,shrubs_to_trees,stable_wetland,true_misclassified,83886,HZ10,-124999996824,0.1012502,-0.19881506,-0.36742863,-1.7179115,-0.36554605,1.2885416,0.70491695,0.7044462,-0.6364453,-0.8768352,-0.004264001,-0.41952676,-1.0090355,-1.8348198,-0.95362604,0.59402615,0.08811599,0.08952449,-1.3129678,-1.1845427,0.46476296,0.432511,-0.052844055,-1.5762026,-0.015057546,1.4329505,1.3295201,1.0858923,0.18351214,-0.68198,0.74296886,0.58549714,0.055096496,-0.52439284,0.23952149,1.7443758,1.3915865,1.350599,0.57626826,0.041623224,0.52871,0.863481,1.0212371,1.0573257,1.203965,1.223383,1.1063544,1.3271867,1.5352733,1.4099474,0.053878758,0.556708,1.1382453,1.3270166,1.1389934,0.90047425,1.1605728,1.13465,1.4186306,1.2521043,0.0006649818,0.58222234,0.0006649818,0.3388266,0.00010239282,0.58222234,0.07818362
shrubs_to_trees_true_misclassified_11,shrubs_to_trees,stable_wetland,true_misclassified,89849,HZ10,-124999996824,0.1012502,-0.19881506,-0.36742863,-1.7179115,-0.36554605,1.2885416,0.70491695,0.7044462,-0.6364453,-0.8768352,-0.004264001,-0.41952676,-1.0090355,-1.8348198,-0.95362604,0.59402615,0.08811599,0.08952449,-1.3129678,-1.1845427,0.46476296,0.432511,-0.052844055,-1.5762026,-0.015057546,1.4329505,1.3295201,1.0858923,0.18351214,-0.68198,0.74296886,0.58549714,0.055096496,-0.52439284,0.23952149,1.7443758,1.3915865,1.350599,0.57626826,0.041623224,0.52871,0.863481,1.0212371,1.0573257,1.203965,1.223383,1.1063544,1.3271867,1.5352733,1.4099474,0.053878758,0.556708,1.1382453,1.3270166,1.1389934,0.90047425,1.1605728,1.13465,1.4186306,1.2521043,0.0006649818,0.58222234,0.0006649818,0.3388266,0.00010239282,0.58222234,0.07818362
shrubs_to_trees_true_misclassified_12,shrubs_to_trees,stable_trees,true_misclassified,70001,CV65,165000002646,0.5934969,0.20219724,-0.07090747,-0.09569105,-0.18717408,-0.59328794,0.28794262,-0.46478495,-0.68115556,-0.41944498,1.8387612,1.3208363,0.99073297,0.9457696,0.88331497,0.4222077,1.6628433,0.7239203,0.66621953,0.58055073,-0.10357491,-0.70043594,-1.0476857,-0.93462944,-1.1010365,-1.4057969,-0.78437376,-1.1111032,-1.3800519,-1.4511124,-0.831038,-1.4091144,-1.4042487,-1.5033329,-1.4549688,-1.587851,-1.1711229,-1.5065272,-1.8246891,-1.9870694,-1.9699626,-2.055737,-2.2324195,-2.2183337,-2.2287827,-2.2503755,-2.2947125,-2.0495822,-2.244916,-2.0934396,-1.7153007,-1.7562642,-1.7923379,-1.6368799,-1.7487603,-1.9965249,-2.1791945,-1.8519562,-1.9269632,-1.6777518,0.001731041,0.8783523,0.001731041,0.030040847,0.8783523,0.011433901,0.0784419
shrubs_to_trees_true_misclassified_13,shrubs_to_trees,stable_trees,true_misclassified,7961,CV65,164000002646,0.5934969,0.20219724,-0.07090747,-0.09569105,-0.18717408,-0.59328794,0.28794262,-0.46478495,-0.68115556,-0.41944498,1.8387612,1.3208363,0.99073297,0.9457696,0.88331497,0.4222077,1.6628433,0.7239203,0.66621953,0.58055073,-0.10357491,-0.70043594,-1.0476857,-0.93462944,-1.1010365,-1.4057969,-0.78437376,-1.1111032,-1.3800519,-1.4511124,-0.831038,-1.4091144,-1.4042487,-1.5033329,-1.4549688,-1.587851,-1.1711229,-1.5065272,-1.8246891,-1.9870694,-1.9699626,-2.055737,-2.2324195,-2.2183337,-2.2287827,-2.2503755,-2.2947125,-2.0495822,-2.244916,-2.0934396,-1.7153007,-1.7562642,-1.7923379,-1.6368799,-1.7487603,-1.9965249,-2.1791945,-1.8519562,-1.9269632,-1.6777518,0.001731041,0.8783523,0.001731041,0.030040847,0.8783523,0.011433901,0.0784419
shrubs_to_trees_true_misclassified_14,shrubs_to_trees,stable_wetland,true_misclassified,21088,HZ10,-123999996825,1.1717328,1.088532,0.79756445,-0.64628977,0.2284651,0.75500673,0.5198874,0.83898824,0.9755736,0.24028517,1.255239,1.0557221,0.8336805,-0.78842366,-0.14426868,0.47154602,0.0070693996,0.5186235,0.553993,0.31769344,0.9532162,0.80832154,0.5502205,-0.4990744,0.6334158,0.95366067,0.76895666,1.2026758,1.2192987,0.5696845,0.8631165,0.26295388,0.01880213,-0.34346506,0.41797483,0.6806436,0.6640627,1.0541986,1.1772423,0.6685933,-0.6346636,-0.6399965,-0.40790147,0.33292845,0.48963597,0.6510273,0.46224445,0.6056188,0.5578588,0.2882944,-0.9754856,-0.8734461,-0.6343641,0.356449,0.31208083,0.20672663,0.43288365,0.33903772,0.3247133,0.16360971,0.0032368642,0.5884229,0.0032368642,0.31580535,0.00936892,0.5884229,0.083165966
shrubs_to_trees_true_misclassified_15,shrubs_to_trees,stable_trees,true_misclassified,138980,CV65,165000002647,0.7121538,0.23352331,-0.013751611,-0.12992604,-0.08201463,-0.3937119,-0.037353627,-0.21187964,-0.5553789,-0.21222506,1.8300287,1.2357749,1.1184067,1.4399891,1.006154,0.80486554,1.795908,1.2219394,0.9531932,0.71547157,0.2694998,-0.60675216,-0.8070764,-0.9927185,-0.9128805,-1.2267548,-0.88878316,-0.84310377,-1.1674383,-1.2016333,-0.4456952,-1.1717069,-1.2267848,-1.3265061,-1.4398061,-1.5297929,-1.3289769,-1.1716101,-1.6155483,-1.7541035,-1.7781594,-2.0815237,-2.1199813,-2.178654,-2.2249534,-2.2632167,-2.2545977,-2.138485,-2.415032,-2.1927402,-1.5266055,-1.5775652,-1.7198108,-1.6392256,-1.8002813,-1.846142,-1.9930054,-1.9368725,-1.9972608,-1.756813,0.0034018536,0.8907385,0.0034018536,0.028957272,0.8907385,0.010199723,0.066702604
shrubs_to_trees_true_misclassified_16,shrubs_to_trees,stable_trees,true_misclassified,20707,CV65,164000002645,0.35922012,0.0061163665,-0.38613784,-0.40722665,-0.51984376,-0.7223997,-0.1334599,-0.26261628,-1.1273091,-0.6102335,0.697335,0.8539584,0.45350555,0.55883896,0.2884697,0.1819623,1.0496519,0.6848674,-0.016924089,0.27921984,-0.13984437,-0.67314404,-0.9299502,-0.916264,-1.0440001,-1.2169935,-0.7516765,-0.61462444,-1.5155565,-1.1540998,-0.36833653,-1.2208425,-1.2321289,-1.4316854,-1.4426054,-1.4993179,-1.1942104,-1.2157385,-1.7522,-1.7506667,-1.3554949,-1.9198864,-1.7853522,-1.738365,-1.800255,-1.79616,-1.7156949,-1.6487538,-1.9005439,-1.879128,-1.1960638,-1.3629016,-1.419254,-1.5512588,-1.3778089,-1.3779688,-1.5492547,-1.6071525,-1.5919734,-1.4956559,0.0037906668,0.8464162,0.0037906668,0.057325304,0.8464162,0.039909314,0.052558508
shrubs_to_trees_true_misclassified_17,shrubs_to_trees,stable_shrubs,true_misclassified,88489,HZ10,-123999996824,1.2356436,0.83813417,0.27502003,-0.89335066,-0.118805215,0.9506982,0.5443734,0.6276667,0.32517704,-0.2929797,1.0638543,0.7743547,0.1245748,-1.453761,-0.4911848,0.54392356,0.0070857336,0.23009706,-0.14498536,-0.17534563,0.86990887,0.68906957,0.18215832,-0.5332742,0.4611447,1.181963,1.1152166,0.95044917,0.9654237,0.262305,0.70380604,0.35173842,-0.08050638,-0.232496,0.315335,1.0143112,0.8318495,0.90089685,1.08859,0.76359624,-0.5153969,-0.5050892,-0.20383471,0.808453,0.701289,0.75229025,0.7877054,0.9723423,0.8405074,0.6813472,-0.6833335,-0.6419241,-0.24099724,0.9540372,0.6456795,0.4670593,0.73699254,0.8240552,0.76299757,0.6803131,0.0040247985,0.45161274,0.0040247985,0.45161274,0.00392107,0.41902527,0.12141612
shrubs_to_trees_true_misclassified_18,shrubs_to_trees,wetland_to_woody,true_misclassified,34754,Z59,174000002338,-0.934164,-0.24468514,-0.3435521,0.19608018,-0.50942856,-0.44210505,0.757691,-0.28727636,-0.4235186,-0.06940563,-1.5598962,-0.7586059,-1.0102038,-0.4898378,-0.8738718,-0.64654905,0.46073845,-0.8750756,-0.4947478,-0.43983728,-0.5026594,0.035465207,0.14023423,0.72368,0.027807986,-0.105703555,0.66507804,0.3015207,-0.31084856,0.4313115,0.25149968,0.6419301,0.57435083,0.9230296,0.24208748,-0.09969362,1.067288,0.5065466,0.19716974,0.5561609,1.6226858,1.369462,1.6149775,1.2192199,1.1754197,0.6378191,1.1551735,1.3187562,0.9436308,0.9718387,1.9857264,1.3771499,1.4197485,1.1610525,1.1660419,0.8451447,1.0263615,1.3427333,0.7113503,0.83231467,0.006084826,0.6491422,0.006084826,0.15733102,0.00056248665,0.18687947,0.6491422
shrubs_to_trees_true_misclassified_19,shrubs_to_trees,stable_shrubs,true_misclassified,69608,HZ10,-124999996825,0.25685397,0.2727846,0.42761168,-2.2048411,-0.29842544,1.1360718,0.6381068,0.38526702,-0.13558494,-0.3467569,0.56223387,0.16255587,0.052493792,-1.6201236,-0.588076,0.738761,-0.0096766455,-0.025802964,-0.4276579,-0.35267055,0.62871045,0.45364454,0.42873996,-1.0627903,0.15770943,1.3557822,0.7328313,1.0081178,0.29331538,-0.18880014,0.8984114,0.23619689,0.21741915,-0.20306508,0.47769254,1.3257343,0.42137572,0.740708,0.87283695,0.5645074,0.057920344,0.104666665,0.38084343,1.0027261,0.7200871,0.9151915,0.72639763,0.58722514,0.80437654,0.59953535,-0.4041949,-0.11706599,0.3902337,1.5574898,0.66049176,0.49188668,0.5042561,0.5050453,0.7881039,0.5818691,0.006827575,0.43567783,0.006827575,0.43567783,0.00070477696,0.37497026,0.1818196
stable_trees_false_positive_20,stable_trees,shrubs_to_trees,false_positive,54749,K51,150000002272,0.41045976,0.48556894,0.72089475,0.58378416,1.018323,1.6163529,1.4167205,0.7673876,1.4413122,1.3194507,-0.121679336,0.18145715,0.6497523,0.82970065,1.1982735,1.875131,2.156237,1.7253443,2.2172399,1.8017131,1.0998843,0.63786066,0.95011127,0.48109317,0.80785084,0.9839999,0.6983797,0.41413617,0.85014683,0.67082006,0.85151273,0.62928134,0.61888385,0.25239053,0.42450646,0.65484,0.25868958,-0.28572497,0.066885225,-0.22718345,0.99775606,0.46693525,0.012650598,-0.42003834,-0.8784502,-1.1724391,-1.2494532,-1.3820457,-1.5230519,-1.6242069,0.57376635,0.5555841,-0.002518566,-0.4141406,-1.0004174,-1.4290422,-1.577183,-1.4793954,-1.6285568,-1.5527841,0.0033361807,0.98938316,0.98938316,0.006060833,0.0033361807,0.000342312,0.0008774945
stable_trees_false_positive_21,stable_trees,shrubs_to_trees,false_positive,40424,EB106,320000002797,-1.9037863,-3.4187467,-2.0357578,-1.1613379,-0.83783084,-0.16868228,0.095031396,0.3288462,0.76115453,0.28877473,-1.5157076,-2.0962315,-1.875407,-1.3101401,-1.074985,-0.105828576,-0.24893655,0.26958078,0.47929943,0.3014558,-0.65089804,-2.1959865,-1.6070988,-1.0282419,-0.7017584,-0.06191342,0.30374885,0.7510161,0.7206828,0.21156321,-0.7324057,-1.0291651,-1.1882639,-1.0387104,-0.5571035,-0.27231097,-0.16762327,0.3631929,0.22018993,-0.064181045,0.90603924,0.8512167,0.2338348,-0.21084563,0.2640584,0.07059999,0.18560264,0.15765661,-0.13126172,-0.47765464,1.8028873,3.2259543,1.3386166,0.25909904,0.34943357,0.07762432,0.10007059,-0.0817188,-0.21830012,-0.44694698,4.4172833e-05,0.9790597,0.9790597,0.004811906,4.4172833e-05,0.0001407174,0.015943479
stable_trees_false_positive_22,stable_trees,shrubs_to_trees,false_positive,52995,AL78,248000002396,0.4345241,0.21477856,0.058668002,0.9920847,0.46231964,0.5539422,0.54974616,0.36665294,0.590568,0.6215126,0.6210674,0.067560144,0.036050104,0.99076813,0.7011355,0.7598241,0.90678656,0.46888518,0.6540466,0.6133443,0.792678,0.40996385,0.18383092,0.8722478,0.6096118,0.44799888,0.37475702,0.48417455,0.5623287,0.5887603,0.3303088,0.07151982,-0.15242712,0.21765238,0.13758147,0.07181152,-0.08117948,-0.3244968,0.048518047,0.010446561,0.27797094,0.11818884,0.013657507,-0.4324185,-0.58533865,-0.6411756,-0.78737426,-0.59801614,-0.630319,-0.71894044,0.13000748,-0.016477548,0.049725473,-0.58772856,-0.7106116,-0.8622689,-0.9123327,-0.65394765,-0.6099584,-0.8748978,0.014909546,0.97208226,0.97208226,0.00722916,0.014909546,0.000104605744,0.0056744544
stable_trees_false_positive_23,stable_trees,shrubs_to_trees,false_positive,95194,O78,258000002299,-0.26879305,0.2186323,0.53202504,0.039835528,0.3990236,0.47016177,0.7031817,0.4999946,0.94034415,1.2850524,-0.5236915,-0.018847676,0.5150977,0.22743894,0.59926945,0.47574908,0.5973323,0.45627835,1.1459041,1.3563904,0.13692537,0.4724466,0.5897793,0.4210356,0.5148239,0.49376082,0.46610114,0.35062662,0.6767476,1.1021116,-0.28759345,0.050843973,0.1760035,-0.22767127,-0.11108684,-0.015609386,0.10298338,-0.13675955,0.19716974,0.41500676,0.28355065,-0.0035107543,-0.10381514,-0.2578267,-0.5470461,-0.44525388,-0.47818637,-0.30141842,-0.8738258,-0.9163561,0.40979677,-0.101893425,-0.31721207,-0.58010477,-0.5277119,-0.54235053,-0.7160584,-0.5147155,-1.0453734,-1.067195,0.012671636,0.97090954,0.97090954,0.011615307,0.012671636,0.00029725384,0.004506272
stable_trees_false_positive_24,stable_trees,shrubs_to_trees,false_positive,31654,FK73,167000002927,-0.10048192,-0.116591096,0.15303664,0.602409,0.5767307,0.48898655,0.23898764,-0.22029205,0.04405527,0.40148035,-0.34477508,-0.3911503,-0.042201802,0.46442536,0.39391428,0.1957803,0.34347528,-0.070367806,0.2480397,0.500619,-0.48514533,-0.17524457,0.12276863,0.5941208,0.42812172,0.3856188,0.3145731,-0.093831256,-0.12687339,0.17365345,-0.512417,-0.43564665,-0.44790334,0.20269568,-0.010313189,-0.25629494,-0.17514013,-0.5173356,-0.65653664,-0.5301126,-0.26256537,-0.1594875,-0.2689481,-0.44638583,-0.44330832,-0.37260872,-0.394172,-0.40181714,-0.62843716,-0.9222845,-0.43607786,-0.35139772,-0.43153432,-0.62056947,-0.5566925,-0.67570895,-0.7222647,-0.5024753,-0.7813986,-0.96926117,0.017167117,0.96311295,0.96311295,0.013423666,0.017167117,0.000106719686,0.0061894255
stable_shrubs_false_positive_25,stable_shrubs,shrubs_to_trees,false_positive,86613,EZ52,86000002871,-0.30437464,0.71798015,0.87512696,0.7024868,0.91952825,0.52337706,0.20414124,0.50478524,-0.74168813,0.26133153,-1.0466326,0.32837996,0.8894462,0.5654278,0.81835526,0.62542576,0.28662127,0.45379573,-0.6277984,0.28901887,-0.4912452,0.37076864,1.0949036,0.63032585,0.61369574,0.36308008,0.100240834,0.3696459,-0.7018739,0.24122852,-0.46430963,0.11262828,0.73132956,0.12984209,0.3479931,0.123641215,-0.09030709,-0.08319322,-0.9893499,-0.33274224,-0.027170531,-0.33810604,-0.41864184,-0.28480905,-0.3423554,-0.2918919,-0.17770264,-0.23780702,-0.24943969,-0.53782785,-0.08406388,-0.611579,-0.4364514,-0.6452002,-0.5856731,-0.5607937,-0.5826228,-0.45351455,-0.36319935,-0.5795658,0.018797163,0.9596597,0.9596597,0.018797163,0.0052706054,0.00062469504,0.015647827
stable_shrubs_false_positive_26,stable_shrubs,shrubs_to_trees,false_positive,110156,EZ52,86000002871,-0.30437464,0.71798015,0.87512696,0.7024868,0.91952825,0.52337706,0.20414124,0.50478524,-0.74168813,0.26133153,-1.0466326,0.32837996,0.8894462,0.5654278,0.81835526,0.62542576,0.28662127,0.45379573,-0.6277984,0.28901887,-0.4912452,0.37076864,1.0949036,0.63032585,0.61369574,0.36308008,0.100240834,0.3696459,-0.7018739,0.24122852,-0.46430963,0.11262828,0.73132956,0.12984209,0.3479931,0.123641215,-0.09030709,-0.08319322,-0.9893499,-0.33274224,-0.027170531,-0.33810604,-0.41864184,-0.28480905,-0.3423554,-0.2918919,-0.17770264,-0.23780702,-0.24943969,-0.53782785,-0.08406388,-0.611579,-0.4364514,-0.6452002,-0.5856731,-0.5607937,-0.5826228,-0.45351455,-0.36319935,-0.5795658,0.018797163,0.9596597,0.9596597,0.018797163,0.0052706054,0.00062469504,0.015647827
stable_trees_false_positive_27,stable_trees,shrubs_to_trees,false_positive,33202,FF80,198000002910,-0.3803179,0.49033102,0.2811842,0.21584654,0.5980355,0.3217494,0.3413445,0.13020843,0.43523023,0.6415806,-0.5668258,0.3355974,0.35264105,0.22990303,0.63701767,0.40265605,0.254091,-0.53230417,0.41205475,0.6127954,-0.57565796,0.2363153,0.03632389,0.19710734,0.37666908,0.09141871,0.28737113,0.03870455,0.24552862,0.36210257,-0.5636671,-0.016291734,-0.70419055,-0.3133104,-0.19226561,-0.47607064,-0.0280246,-0.6540573,-0.11899061,-0.4132615,-0.20886047,-0.32269704,-0.71903616,-0.5695524,-0.73154634,-0.6272336,-0.2223589,-0.3650298,-0.3984794,-0.8701146,0.06363885,-0.50256133,-0.8777599,-0.7138144,-0.91411966,-0.8502099,-0.61986065,-0.50094527,-0.66519225,-0.9702813,0.020699318,0.95946705,0.95946705,0.012456549,0.020699318,0.00043995035,0.0069371616
stable_trees_false_positive_28,stable_trees,shrubs_to_trees,false_positive,37266,FF80,199000002911,-0.3803179,0.49033102,0.2811842,0.21584654,0.5980355,0.3217494,0.3413445,0.13020843,0.43523023,0.6415806,-0.5668258,0.3355974,0.35264105,0.22990303,0.63701767,0.40265605,0.254091,-0.53230417,0.41205475,0.6127954,-0.57565796,0.2363153,0.03632389,0.19710734,0.37666908,0.09141871,0.28737113,0.03870455,0.24552862,0.36210257,-0.5636671,-0.016291734,-0.70419055,-0.3133104,-0.19226561,-0.47607064,-0.0280246,-0.6540573,-0.11899061,-0.4132615,-0.20886047,-0.32269704,-0.71903616,-0.5695524,-0.73154634,-0.6272336,-0.2223589,-0.3650298,-0.3984794,-0.8701146,0.06363885,-0.50256133,-0.8777599,-0.7138144,-0.91411966,-0.8502099,-0.61986065,-0.50094527,-0.66519225,-0.9702813,0.020699318,0.95946705,0.95946705,0.012456549,0.020699318,0.00043995035,0.0069371616
stable_shrubs_false_positive_29,stable_shrubs,shrubs_to_trees,false_positive,40102,FP111,323000002965,-0.5363518,0.22120877,0.29183835,0.72529876,0.72713745,0.5596707,0.4273958,-0.2261901,0.5318369,0.5961513,-0.6464013,0.23397882,0.33991504,0.8893325,0.76075095,0.44971898,0.38460174,0.10692815,0.6806266,0.6461605,-0.7585436,0.15292849,-0.13125263,0.32174155,0.6976661,0.4095719,-0.15153645,-0.14179273,0.071048014,0.4422708,-0.17203896,0.15714218,-0.052005284,0.08690189,0.40327865,0.12497589,-0.024266174,-0.36837018,-0.11433759,-0.07670081,0.11441511,-0.26735047,-0.41864184,-0.6108196,-0.51049423,-0.4716703,-0.35140795,-0.33360732,-0.41315755,-0.5754732,0.26534742,-0.26148626,-0.49422717,-0.75076044,-0.6919352,-0.5849117,-0.21567512,-0.31275237,-0.50738126,-0.62394214,0.018031145,0.95905745,0.95905745,0.018031145,0.010555439,0.00020534698,0.012150719
stable_shrubs_correct_highconf_30,stable_shrubs,stable_shrubs,correct_highconf,27677,BP69,198000002515,-4.2619348,-4.7767677,-5.054959,-4.937939,-5.056792,-4.5795746,-6.6398997,-5.9626403,-5.4581347,-4.9472556,-3.7021768,-3.2834096,-4.1125417,-4.454223,-3.8998015,-3.893208,-6.6120844,-4.7795253,-5.0016923,-3.7593904,-2.4670122,-3.408285,-3.5144053,-3.7672186,-3.141827,-2.8585722,-4.37818,-3.2683327,-3.6432843,-3.982269,-0.5815563,-0.75381154,-0.893233,-1.3470113,-0.7049982,-0.93519723,-0.95179194,-0.5632496,-0.8367799,-0.8936767,2.9897196,2.6719935,2.7430506,1.3474655,3.3977766,3.4196143,2.2367635,3.2520063,2.7674856,1.8278995,6.3484874,5.627714,6.5562596,3.6581383,8.181918,7.8876047,5.0837326,7.204254,6.313642,4.359976,0.986868,0.986868,0.00031966224,0.986868,5.8936976e-06,0.012785753,2.0727306e-05
stable_shrubs_correct_highconf_31,stable_shrubs,stable_shrubs,correct_highconf,134557,BP69,197000002515,-4.2619348,-4.7767677,-5.054959,-4.937939,-5.056792,-4.5795746,-6.6398997,-5.9626403,-5.4581347,-4.9472556,-3.7021768,-3.2834096,-4.1125417,-4.454223,-3.8998015,-3.893208,-6.6120844,-4.7795253,-5.0016923,-3.7593904,-2.4670122,-3.408285,-3.5144053,-3.7672186,-3.141827,-2.8585722,-4.37818,-3.2683327,-3.6432843,-3.982269,-0.5815563,-0.75381154,-0.893233,-1.3470113,-0.7049982,-0.93519723,-0.95179194,-0.5632496,-0.8367799,-0.8936767,2.9897196,2.6719935,2.7430506,1.3474655,3.3977766,3.4196143,2.2367635,3.2520063,2.7674856,1.8278995,6.3484874,5.627714,6.5562596,3.6581383,8.181918,7.8876047,5.0837326,7.204254,6.313642,4.359976,0.986868,0.986868,0.00031966224,0.986868,5.8936976e-06,0.012785753,2.0727306e-05
stable_shrubs_correct_highconf_32,stable_shrubs,stable_shrubs,correct_highconf,35421,AZ71,212000002450,-4.102082,-5.1406236,-5.382581,-5.1109333,-3.8370125,-3.128021,-5.0838404,-5.563247,-6.147132,-4.3636613,-3.290887,-3.9565065,-4.600267,-4.65753,-2.94102,-2.5120134,-5.5542293,-5.0273447,-5.5241323,-3.498082,-2.0096543,-3.0223794,-3.3310475,-3.815987,-3.1791756,-2.4585423,-2.936758,-2.8731315,-3.4502304,-3.1925375,-0.32869023,-0.9172724,-1.3096162,-1.4864463,-1.3859202,-0.6873934,-1.1764921,-0.95989555,-1.1144916,-0.93123597,3.0169208,2.7103589,2.5698624,1.6166543,1.5224888,0.9790311,2.1084714,2.9450622,3.2612739,2.0928988,7.1976156,6.017705,6.4278007,3.9173472,3.9926143,2.8157284,4.7726417,7.335071,7.6277776,4.354875,0.97452354,0.97452354,0.009374681,0.97452354,0.006229466,0.009048463,0.00082387315
stable_shrubs_correct_highconf_33,stable_shrubs,stable_shrubs,correct_highconf,11926,AZ71,212000002449,-3.5701146,-4.9915147,-6.3017087,-4.402718,-3.922024,-3.3812048,-5.360315,-6.37706,-5.479933,-3.3116972,-3.2043986,-3.547616,-5.3477345,-4.1895766,-3.0760865,-2.6784117,-5.634294,-5.5762677,-5.0179605,-2.594141,-1.9698566,-3.0060415,-3.5947201,-3.4926548,-2.8069582,-2.405724,-3.3088677,-3.3522058,-3.2452204,-3.5319118,-0.5027472,-0.6832704,-1.5113505,-1.0664526,-0.9937894,-0.61354166,-1.2261571,-0.64538467,-0.869351,-0.9057055,2.3564203,2.8342597,3.5465634,1.276359,2.6291418,1.4868133,2.430148,2.541168,3.201432,1.8264173,5.377033,7.405713,8.53846,3.0587907,6.323297,4.210317,4.373111,6.8263383,6.672303,3.0480692,0.9738322,0.9738322,0.02080852,0.9738322,0.00032908673,0.0042359126,0.0007942908
stable_shrubs_correct_highconf_34,stable_shrubs,stable_shrubs,correct_highconf,139809,AZ71,212000002449,-3.852824,-4.347665,-5.3226266,-4.676537,-3.5083733,-3.0092616,-5.0269346,-5.429283,-5.768495,-4.033012,-3.151984,-3.5339117,-4.676836,-4.4240084,-2.8479362,-2.486431,-5.447629,-5.05012,-5.2907944,-3.3256047,-1.6879096,-2.8020544,-3.215256,-3.8260653,-2.6908066,-2.0299597,-3.086632,-2.9757965,-3.277299,-3.1420152,-0.4108838,-0.7747306,-1.3216401,-1.0782732,-1.0898975,-0.54769796,-1.2857549,-0.961171,-0.9055956,-0.8475254,2.9262502,2.1902268,2.8061502,1.6420494,1.8305694,1.0344322,2.2817984,2.8255033,3.2974045,1.9396497,6.415507,5.5872536,6.4278007,3.535571,4.375802,2.993776,4.6112776,6.688636,7.062527,3.7677815,0.97087586,0.97087586,0.014206924,0.97087586,0.006851496,0.0068065333,0.0012592634
stable_shrubs_correct_highconf_35,stable_shrubs,stable_shrubs,correct_highconf,24177,AZ71,212000002450,-3.6104941,-4.485179,-6.3151274,-4.1158943,-4.32782,-3.4521172,-5.514766,-5.8646264,-6.3376,-4.1886225,-3.417107,-3.491562,-5.4005947,-4.021696,-3.0324848,-2.862442,-5.789161,-5.319011,-5.6298566,-3.2030005,-1.751457,-2.6322062,-3.4301326,-3.805545,-2.6630106,-2.483731,-2.920022,-3.0279667,-3.5165942,-3.2993922,-0.63667434,-0.6351078,-1.2833418,-0.94318044,-0.91471004,-0.46850753,-0.9665572,-0.71808183,-0.81424946,-0.8310779,2.688414,2.9594185,3.5814695,1.5995126,2.5107832,1.6277008,2.5047011,3.1761324,3.6361313,2.0579212,5.4681273,7.1382265,7.6669064,3.3074436,5.7256527,4.2088985,4.6112776,8.553735,7.8831444,3.906011,0.9699027,0.9699027,0.01367911,0.9699027,0.00018961432,0.015206761,0.0010218361
stable_shrubs_correct_highconf_36,stable_shrubs,stable_shrubs,correct_highconf,4748,BP69,196000002516,-4.162024,-4.6432385,-6.0017543,-5.2182283,-4.6551433,-5.3557644,-6.5441704,-6.0049744,-6.4712496,-5.116813,-3.2988875,-3.3913982,-4.729085,-4.276861,-3.5536115,-4.229934,-5.657542,-5.133677,-5.5165076,-3.801054,-2.1083224,-2.795409,-3.3999143,-3.0562112,-2.9512374,-3.115701,-3.0914538,-3.028164,-3.697826,-3.4076488,-0.25519952,-0.9810026,-1.1677787,-0.8421021,-1.0619049,-0.9169567,-0.8532675,-0.6688518,-0.99890083,-1.1580646,2.9952993,2.4958909,2.84307,2.1331286,2.9532354,2.811303,3.0095441,3.4941895,3.4648862,2.3854654,6.4103017,6.1379614,7.6177354,5.8637605,6.682656,7.2945857,7.709775,8.24773,8.4362,5.595881,0.9628448,0.9628448,0.03375481,0.9628448,0.00017359259,0.0031243553,0.00010248324
stable_shrubs_correct_highconf_37,stable_shrubs,stable_shrubs,correct_highconf,117917,BP69,198000002516,-3.5291257,-4.6385126,-4.807559,-5.075241,-4.3758965,-4.4846315,-6.7983766,-4.998104,-5.001523,-4.983443,-3.3334699,-3.347397,-3.7605972,-4.072139,-3.316498,-3.7721488,-6.5237603,-4.1551833,-4.672376,-3.8480134,-2.4757068,-3.45608,-3.3023107,-3.5129304,-2.787891,-3.0103247,-4.27413,-2.996346,-3.4502888,-3.8508773,-0.7771287,-0.70273,-1.000112,-1.3511124,-1.0159502,-0.9556622,-1.0325981,-0.8213883,-0.9717174,-0.8497348,3.0291264,2.382053,2.240939,1.4830122,2.5114794,2.261328,2.1304212,2.9565582,2.5194623,2.191903,6.512457,6.071652,5.5697694,3.4651976,6.2807918,5.9255333,4.280792,6.96251,5.6436625,4.616032,0.953457,0.953457,0.00029927967,0.953457,0.00014038318,0.045731228,0.00037215385
stable_shrubs_correct_highconf_38,stable_shrubs,stable_shrubs,correct_highconf,97394,BP69,197000002516,-3.5291257,-4.6385126,-4.807559,-5.075241,-4.3758965,-4.4846315,-6.7983766,-4.998104,-5.001523,-4.983443,-3.3334699,-3.347397,-3.7605972,-4.072139,-3.316498,-3.7721488,-6.5237603,-4.1551833,-4.672376,-3.8480134,-2.4757068,-3.45608,-3.3023107,-3.5129304,-2.787891,-3.0103247,-4.27413,-2.996346,-3.4502888,-3.8508773,-0.7771287,-0.70273,-1.000112,-1.3511124,-1.0159502,-0.9556622,-1.0325981,-0.8213883,-0.9717174,-0.8497348,3.0291264,2.382053,2.240939,1.4830122,2.5114794,2.261328,2.1304212,2.9565582,2.5194623,2.191903,6.512457,6.071652,5.5697694,3.4651976,6.2807918,5.9255333,4.280792,6.96251,5.6436625,4.616032,0.953457,0.953457,0.00029927967,0.953457,0.00014038318,0.045731228,0.00037215385
stable_shrubs_correct_highconf_39,stable_shrubs,stable_shrubs,correct_highconf,14734,BP69,196000002516,-2.9259336,-4.2688665,-4.9078493,-3.988685,-3.5911973,-4.2781696,-5.8174095,-5.081441,-5.017202,-3.9079113,-2.6306105,-3.019765,-3.9785368,-3.7540703,-2.9128332,-3.3815243,-5.67212,-4.187745,-4.287596,-2.7985976,-1.1790957,-2.7066817,-2.9777389,-2.8186178,-2.5328126,-2.736839,-3.5918932,-2.2795928,-3.0149038,-2.9988792,-0.27985758,-1.0243003,-1.1653293,-0.90627116,-0.8948819,-1.1514138,-0.9998461,-0.659669,-0.84975934,-0.8477709,2.3550253,2.2241893,1.7358065,1.5379293,1.8124675,1.6658579,2.3911684,2.3947852,2.640275,1.4016476,5.71278,5.3096523,4.478176,3.5742764,4.550329,4.1592436,5.9122744,5.587019,6.0884027,3.4571474,0.94357497,0.94357497,0.023668226,0.94357497,0.0040009944,0.025922792,0.002832958
stable_shrubs_true_misclassified_40,stable_shrubs,stable_trees,true_misclassified,46589,GL119,346000003062,1.1173908,1.059475,0.7030587,0.98819906,0.63367194,0.69449323,0.586849,0.94187284,0.8862645,1.6843505,0.9733392,0.9944582,0.7153656,0.8818432,0.8927644,0.9051266,0.42688316,1.2669492,1.085172,1.6922256,0.6532933,0.93317765,0.3322602,0.6671048,0.52255595,0.6027609,0.25846383,0.5157884,0.6738127,1.3894106,0.21427082,0.40792808,0.22677107,0.09968745,0.115187325,0.078262426,-0.14292504,0.12265455,0.14133352,0.751322,-0.6789527,-0.55634767,-0.61263955,-0.62827873,-0.7496482,-0.5854076,-0.60761386,-0.6125778,-0.71161336,-0.85232943,-0.78093445,-0.8436629,-0.65894955,-0.83286285,-0.9514724,-0.85872215,-0.6803721,-0.8941614,-0.89688754,-1.0590339,0.005480939,0.9405818,0.04618007,0.005480939,0.9405818,0.0005238099,0.0072333426
stable_shrubs_true_misclassified_41,stable_shrubs,stable_trees,true_misclassified,94225,EG53,98000002795,0.81898075,1.421628,1.111526,1.2028154,1.3449793,1.1592411,0.9302366,0.8797466,1.0212303,1.5027541,1.0063194,1.5561901,1.1940925,1.3248008,1.4998043,1.4435922,1.0171705,1.2637097,1.0431454,1.6339469,0.6310907,1.2658005,0.65802455,0.9804271,1.3058348,1.0342997,0.8181585,0.7469624,0.6163754,1.1594185,0.021115929,0.49671263,0.17511283,0.2014895,0.61858904,0.26266938,0.0721106,0.14178538,-0.014420147,0.3835846,-0.75218666,-0.9148426,-0.81838447,-0.87016773,-0.8767097,-0.87195235,-0.6768689,-0.74056697,-0.89038575,-0.9199132,-1.0418543,-1.1656584,-1.1064044,-0.9478062,-1.1253558,-0.99208057,-0.9045749,-0.93700206,-1.1716222,-1.2181765,0.007843392,0.9560258,0.0312719,0.007843392,0.9560258,0.0010558383,0.0038031067
stable_shrubs_true_misclassified_42,stable_shrubs,stable_trees,true_misclassified,128380,EG53,99000002795,0.81898075,1.421628,1.111526,1.2028154,1.3449793,1.1592411,0.9302366,0.8797466,1.0212303,1.5027541,1.0063194,1.5561901,1.1940925,1.3248008,1.4998043,1.4435922,1.0171705,1.2637097,1.0431454,1.6339469,0.6310907,1.2658005,0.65802455,0.9804271,1.3058348,1.0342997,0.8181585,0.7469624,0.6163754,1.1594185,0.021115929,0.49671263,0.17511283,0.2014895,0.61858904,0.26266938,0.0721106,0.14178538,-0.014420147,0.3835846,-0.75218666,-0.9148426,-0.81838447,-0.87016773,-0.8767097,-0.87195235,-0.6768689,-0.74056697,-0.89038575,-0.9199132,-1.0418543,-1.1656584,-1.1064044,-0.9478062,-1.1253558,-0.99208057,-0.9045749,-0.93700206,-1.1716222,-1.2181765,0.007843392,0.9560258,0.0312719,0.007843392,0.9560258,0.0010558383,0.0038031067
stable_shrubs_true_misclassified_43,stable_shrubs,stable_trees,true_misclassified,94165,Y86,288000002346,-1.6230861,-1.6365849,-1.718853,-2.3596308,-2.0083523,-2.029097,-1.8510997,-2.2214313,-1.8719592,-1.8952868,-0.9198774,-0.80629826,-0.7553571,-1.2929194,-1.3964039,-1.1500326,-0.56462765,-0.77328855,-0.9407546,-0.9562253,-2.153127,-2.3991473,-2.632591,-2.9736187,-2.7513282,-2.6734095,-2.47046,-2.5981927,-2.4870768,-2.8056343,-2.4212418,-2.6358006,-2.4378588,-2.8957534,-2.7200046,-2.6658196,-2.4983842,-2.4661298,-2.5593762,-2.802327,-2.0292473,-2.1286938,-2.3193493,-2.1697655,-2.2423592,-2.3560412,-2.5089114,-2.4324002,-2.4970791,-2.0291164,-1.5734539,-1.7040031,-1.8335185,-1.931862,-1.8608185,-1.9099839,-2.2490153,-1.7984054,-2.0560813,-1.4813739,0.008278427,0.9830837,6.1488594e-05,0.008278427,0.9830837,0.00486693,0.003709535
stable_shrubs_true_misclassified_44,stable_shrubs,stable_trees,true_misclassified,122835,Y86,287000002346,-1.6230861,-1.6365849,-1.718853,-2.3596308,-2.0083523,-2.029097,-1.8510997,-2.2214313,-1.8719592,-1.8952868,-0.9198774,-0.80629826,-0.7553571,-1.2929194,-1.3964039,-1.1500326,-0.56462765,-0.77328855,-0.9407546,-0.9562253,-2.153127,-2.3991473,-2.632591,-2.9736187,-2.7513282,-2.6734095,-2.47046,-2.5981927,-2.4870768,-2.8056343,-2.4212418,-2.6358006,-2.4378588,-2.8957534,-2.7200046,-2.6658196,-2.4983842,-2.4661298,-2.5593762,-2.802327,-2.0292473,-2.1286938,-2.3193493,-2.1697655,-2.2423592,-2.3560412,-2.5089114,-2.4324002,-2.4970791,-2.0291164,-1.5734539,-1.7040031,-1.8335185,-1.931862,-1.8608185,-1.9099839,-2.2490153,-1.7984054,-2.0560813,-1.4813739,0.008278427,0.9830837,6.1488594e-05,0.008278427,0.9830837,0.00486693,0.003709535
stable_shrubs_true_misclassified_45,stable_shrubs,stable_trees,true_misclassified,88991,EG53,98000002795,0.39933437,1.4147996,0.9936672,1.3776646,1.4318935,1.2377523,1.3242029,1.1495376,0.96018493,1.415871,0.5649629,1.5169021,1.1280146,1.4054415,1.5335711,1.4709088,1.0342832,1.1713974,1.0918518,1.593278,0.36320612,1.2373515,0.5583279,1.0162916,1.1696827,1.0499064,0.74072254,0.6659794,0.62520444,1.2484859,-0.19307084,0.4288472,0.17511283,0.37928122,0.6846051,0.26289183,0.15909131,0.05148785,-0.048705544,0.461649,-0.853668,-0.96169853,-0.79119796,-0.8784212,-0.8742729,-0.8752544,-0.6927635,-0.74056697,-0.86592215,-0.9744544,-0.92993855,-1.1223885,-1.1150093,-0.9196568,-1.1401682,-1.1183455,-0.9216422,-1.0242134,-1.1752088,-1.1957333,0.008444611,0.8562932,0.12753554,0.008444611,0.8562932,0.0011086335,0.0066179177
stable_shrubs_true_misclassified_46,stable_shrubs,stable_trees,true_misclassified,49152,GV49,51000003071,0.7786062,1.3348981,0.7991393,0.7827115,0.7888498,1.1124274,-0.29682013,0.21028008,0.099538654,0.4343285,0.9436402,1.5183387,1.1744076,1.1216481,0.997199,1.209038,0.11347503,0.8488104,0.35773194,0.7265076,0.34390134,0.87725866,0.5183761,0.46318308,0.5908807,0.7086173,-0.56772965,-0.01839826,-0.15829541,-0.050237983,-0.26172665,0.23644014,-0.1372859,-0.2045125,0.04427254,0.0017413277,-0.944812,-0.49284813,-0.78878033,-0.8021106,-0.8822641,-1.1893743,-1.0066763,-1.2885531,-0.9884541,-0.9801863,-1.0958053,-1.0938785,-1.0766854,-1.2821382,-0.9520614,-1.2836671,-1.1438972,-1.3571453,-1.232262,-1.1197642,-1.2606616,-1.0747042,-1.1278656,-1.264083,0.009855706,0.9447197,0.037815265,0.009855706,0.9447197,0.0012190111,0.006390354
stable_shrubs_true_misclassified_47,stable_shrubs,shrubs_to_trees,true_misclassified,83507,ES33,11000002834,-0.19965829,0.5533018,0.5162739,0.28349227,0.6679106,0.17069784,0.024963219,0.23892663,0.39711428,0.9852028,-0.09174475,0.63215536,0.7753507,0.36930153,0.92981106,0.60368246,-0.0004986773,0.20800045,0.24648473,1.0738513,-0.11769747,0.4180949,0.3592163,0.042849805,0.41588154,0.18444718,-0.017955393,0.21889807,0.2662944,0.86982286,-0.42442158,0.20262904,0.048193887,-0.3326094,0.0032166068,0.00085154746,-0.43473995,-0.2887859,-0.28821352,0.2868633,-0.16143277,-0.24062057,-0.3541997,-0.47749493,-0.88367194,-0.8723192,-0.709415,-0.49608463,-0.372134,-0.7954168,-0.14848049,-0.36263666,-0.46472466,-0.3654656,-0.9212038,-0.8473725,-0.62761855,-0.6264072,-0.41341195,-0.9039719,0.010513092,0.9568566,0.9568566,0.010513092,0.030168762,0.00025877095,0.0022025737
stable_shrubs_true_misclassified_48,stable_shrubs,stable_trees,true_misclassified,131342,EN40,42000002818,1.0016007,1.0851321,0.6034763,0.8678478,0.7555765,0.6697739,-0.1230458,0.4317652,0.23275577,0.91262186,1.60639,1.2909118,0.82929134,1.4156294,1.0134907,0.9942397,0.5862432,0.9172447,0.79654735,1.29131,0.35115346,0.85505843,0.16797799,0.53235537,0.3922258,0.046597563,0.111002706,0.016879415,-0.1247991,0.34218222,-0.23634334,0.08100639,-0.37130663,-0.043366134,-0.18573399,-0.28899437,-0.6766215,-0.58289057,-0.72951555,-0.08971154,-1.014434,-1.1060399,-1.0335273,-1.2866485,-1.2467544,-1.1676694,-1.0541766,-1.231831,-1.2377688,-1.2210758,-0.72107255,-1.189822,-1.0031456,-1.187076,-1.387469,-1.2971025,-1.2529037,-1.2613671,-1.3115002,-1.31305,0.01277836,0.95923984,0.018961567,0.01277836,0.95923984,0.0016382566,0.0073819268
stable_shrubs_true_misclassified_49,stable_shrubs,stable_trees,true_misclassified,136898,EN40,41000002818,1.0016007,1.0851321,0.6034763,0.8678478,0.7555765,0.6697739,-0.1230458,0.4317652,0.23275577,0.91262186,1.60639,1.2909118,0.82929134,1.4156294,1.0134907,0.9942397,0.5862432,0.9172447,0.79654735,1.29131,0.35115346,0.85505843,0.16797799,0.53235537,0.3922258,0.046597563,0.111002706,0.016879415,-0.1247991,0.34218222,-0.23634334,0.08100639,-0.37130663,-0.043366134,-0.18573399,-0.28899437,-0.6766215,-0.58289057,-0.72951555,-0.08971154,-1.014434,-1.1060399,-1.0335273,-1.2866485,-1.2467544,-1.1676694,-1.0541766,-1.231831,-1.2377688,-1.2210758,-0.72107255,-1.189822,-1.0031456,-1.187076,-1.387469,-1.2971025,-1.2529037,-1.2613671,-1.3115002,-1.31305,0.01277836,0.95923984,0.018961567,0.01277836,0.95923984,0.0016382566,0.0073819268
stable_wetland_false_positive_50,stable_wetland,stable_shrubs,false_positive,62203,BJ70,205000002491,-5.3190904,-4.0960555,-4.3989124,-4.7795367,-3.4123857,-4.7430243,-4.7752433,-5.5863166,-3.584256,-3.931758,-4.7357883,-2.930761,-3.5946875,-5.027106,-3.0621095,-3.7101786,-4.6953654,-4.322651,-3.2544417,-3.209265,-2.4892402,-2.4522521,-2.9086921,-3.2212095,-2.7122648,-2.4474847,-3.13066,-2.9249666,-2.3418393,-3.371794,-0.85883874,-0.8725152,-1.2877951,-1.5588174,-0.6340834,-0.96900886,-1.3117955,-0.48213488,-0.52282363,-0.9113517,2.9000952,1.9789034,2.3973453,1.1112905,1.7087296,2.7250826,1.6933194,3.253156,1.8171692,1.0832926,7.4377136,5.0623956,6.121712,3.4399805,3.7163327,6.826412,3.531381,8.085547,4.170281,2.7088711,0.01533588,0.98103964,0.0019633109,0.98103964,0.0012623477,0.01533588,0.00039876084
stable_wetland_false_positive_51,stable_wetland,stable_shrubs,false_positive,42683,BJ70,204000002491,-5.3190904,-4.0960555,-4.3989124,-4.7795367,-3.4123857,-4.7430243,-4.7752433,-5.5863166,-3.584256,-3.931758,-4.7357883,-2.930761,-3.5946875,-5.027106,-3.0621095,-3.7101786,-4.6953654,-4.322651,-3.2544417,-3.209265,-2.4892402,-2.4522521,-2.9086921,-3.2212095,-2.7122648,-2.4474847,-3.13066,-2.9249666,-2.3418393,-3.371794,-0.85883874,-0.8725152,-1.2877951,-1.5588174,-0.6340834,-0.96900886,-1.3117955,-0.48213488,-0.52282363,-0.9113517,2.9000952,1.9789034,2.3973453,1.1112905,1.7087296,2.7250826,1.6933194,3.253156,1.8171692,1.0832926,7.4377136,5.0623956,6.121712,3.4399805,3.7163327,6.826412,3.531381,8.085547,4.170281,2.7088711,0.01533588,0.98103964,0.0019633109,0.98103964,0.0012623477,0.01533588,0.00039876084
stable_wetland_false_positive_52,stable_wetland,stable_shrubs,false_positive,59187,DE78,215000002689,-4.1258683,-4.397018,-4.799403,-6.2878637,-3.159878,-4.305468,-4.7421427,-6.7295656,-4.8424335,-3.9939895,-3.6698985,-3.3179426,-3.9737177,-5.7403917,-2.517069,-3.3809404,-5.0220485,-5.646036,-5.6092935,-3.538101,-2.0581434,-2.683808,-2.4396367,-3.8704274,-2.6961725,-1.8636152,-2.8806808,-3.2291086,-2.6307158,-2.8405714,-0.24818888,-0.2566181,-0.0070269885,-0.98612064,-0.6305843,0.14432861,-0.69541365,-0.12553613,-0.4542528,-1.4055141,3.5382767,2.9355187,4.080225,3.4939923,2.0272534,3.8158605,2.8835225,4.4456778,3.601506,2.144476,6.474067,5.851369,8.199181,7.4442315,4.1484656,9.51699,6.564712,10.952812,6.8989773,3.376556,0.020044515,0.97819614,0.0013793071,0.97819614,7.702591e-05,0.020044515,0.00030290228
stable_wetland_false_positive_53,stable_wetland,stable_shrubs,false_positive,123050,DE78,215000002689,-4.1258683,-4.397018,-4.799403,-6.2878637,-3.159878,-4.305468,-4.7421427,-6.7295656,-4.8424335,-3.9939895,-3.6698985,-3.3179426,-3.9737177,-5.7403917,-2.517069,-3.3809404,-5.0220485,-5.646036,-5.6092935,-3.538101,-2.0581434,-2.683808,-2.4396367,-3.8704274,-2.6961725,-1.8636152,-2.8806808,-3.2291086,-2.6307158,-2.8405714,-0.24818888,-0.2566181,-0.0070269885,-0.98612064,-0.6305843,0.14432861,-0.69541365,-0.12553613,-0.4542528,-1.4055141,3.5382767,2.9355187,4.080225,3.4939923,2.0272534,3.8158605,2.8835225,4.4456778,3.601506,2.144476,6.474067,5.851369,8.199181,7.4442315,4.1484656,9.51699,6.564712,10.952812,6.8989773,3.376556,0.020044515,0.97819614,0.0013793071,0.97819614,7.702591e-05,0.020044515,0.00030290228
stable_wetland_false_positive_54,stable_wetland,stable_shrubs,false_positive,18928,BN70,201000002507,-6.7026744,-4.4994226,-4.2688146,-5.1394105,-4.597602,-4.4313307,-4.807321,-4.9671407,-5.7605953,-5.267337,-5.5413156,-3.1588762,-3.6928983,-4.52988,-4.150945,-3.590624,-3.6320302,-4.1100473,-5.012278,-4.147272,-3.2489367,-3.0420685,-2.9166307,-3.6165457,-3.1541557,-2.6106997,-3.247769,-2.5637023,-3.4964893,-4.2736945,-0.844334,-0.70029753,-0.8843264,-1.2953866,-1.0866318,-0.9663395,-0.5536673,-0.34005654,-0.93963605,-0.5129286,4.375236,2.47262,2.1570299,2.4946923,2.4341981,2.8443234,1.9763948,3.1803477,2.9714744,2.5855486,11.520686,5.9558907,4.8229866,5.7740345,5.489944,6.871811,4.591883,7.6930966,6.924801,5.5198803,0.038330764,0.96126306,0.0001249922,0.96126306,2.143103e-05,0.038330764,0.00025975023
stable_wetland_false_positive_55,stable_wetland,stable_shrubs,false_positive,141500,BJ70,205000002492,-5.0952873,-4.674548,-4.5499053,-4.663745,-2.754621,-4.9542437,-4.8321433,-3.5405352,-5.2109475,-4.1502585,-4.344094,-3.4838483,-3.7021956,-4.1290226,-2.106698,-4.1893673,-5.1239986,-2.9547544,-4.6064053,-3.3131087,-2.550925,-2.7469213,-2.7098842,-2.931992,-2.1681564,-2.6500032,-2.7450283,-1.7677827,-3.3429546,-3.365811,-0.75271237,-0.94986725,-1.0729235,-1.5260092,-0.8381967,-0.75857586,-0.78910583,-0.21353796,-0.71433204,-1.1504546,3.2565002,2.341172,2.0707715,1.7010932,1.3265009,3.245706,2.2980714,2.512428,3.828829,1.8418312,7.4780555,6.070528,5.1628804,3.5560968,3.627459,8.216744,4.4879274,5.3016696,8.072517,4.3742576,0.041404627,0.95815396,0.0003640533,0.95815396,4.9656223e-06,0.041404627,7.253392e-05
stable_wetland_false_positive_56,stable_wetland,stable_shrubs,false_positive,112606,BJ70,204000002492,-5.0952873,-4.674548,-4.5499053,-4.663745,-2.754621,-4.9542437,-4.8321433,-3.5405352,-5.2109475,-4.1502585,-4.344094,-3.4838483,-3.7021956,-4.1290226,-2.106698,-4.1893673,-5.1239986,-2.9547544,-4.6064053,-3.3131087,-2.550925,-2.7469213,-2.7098842,-2.931992,-2.1681564,-2.6500032,-2.7450283,-1.7677827,-3.3429546,-3.365811,-0.75271237,-0.94986725,-1.0729235,-1.5260092,-0.8381967,-0.75857586,-0.78910583,-0.21353796,-0.71433204,-1.1504546,3.2565002,2.341172,2.0707715,1.7010932,1.3265009,3.245706,2.2980714,2.512428,3.828829,1.8418312,7.4780555,6.070528,5.1628804,3.5560968,3.627459,8.216744,4.4879274,5.3016696,8.072517,4.3742576,0.041404627,0.95815396,0.0003640533,0.95815396,4.9656223e-06,0.041404627,7.253392e-05
stable_wetland_false_positive_57,stable_wetland,stable_shrubs,false_positive,45894,BN70,202000002509,-6.2250395,-4.8565955,-4.197563,-4.6315274,-4.524277,-4.2471,-5.4030843,-6.11221,-5.0458255,-4.6677756,-5.0778627,-3.4960623,-3.5341516,-4.346219,-3.5740485,-3.6201797,-5.27708,-5.0263867,-4.006363,-3.5586026,-3.2785256,-3.2466257,-2.972206,-3.711893,-3.2790492,-2.902878,-3.37308,-3.348059,-3.091614,-3.8895624,-0.8457845,-0.9557051,-1.445219,-1.3547308,-1.2090998,-0.91606694,-1.125485,-0.6456397,-0.71188307,-1.6824218,3.5215375,2.423563,1.726073,1.7271233,2.1967847,2.0078037,2.6242893,3.5520527,2.6395223,1.7828436,9.591441,6.435793,4.043014,4.5202136,5.2194586,5.646048,5.9184804,8.246965,6.3552465,4.551763,0.04174527,0.95361924,0.000106426116,0.95361924,0.0028352935,0.04174527,0.001693698
stable_wetland_false_positive_58,stable_wetland,stable_shrubs,false_positive,91320,BN70,201000002509,-6.9056077,-4.3776884,-4.420421,-4.938291,-4.494803,-4.7032537,-4.490901,-5.666781,-5.582306,-5.4949203,-5.427756,-3.1909935,-3.8463445,-4.8065743,-3.5158603,-3.6589572,-4.6789804,-4.6988153,-4.6392164,-4.12345,-3.4790738,-3.002743,-2.7835338,-3.6256824,-3.2861724,-2.7017713,-3.308269,-3.0266833,-3.2070484,-4.4613547,-0.9403071,-0.9180021,-1.3040496,-1.3913989,-1.3614266,-1.0348526,-0.7963542,-0.49743953,-0.7900048,-1.2847352,4.311418,2.2138119,1.86167,1.9448869,1.765124,2.905228,2.093712,3.0715184,2.7347422,2.3107674,10.92532,5.2113113,3.4732466,4.521386,5.085504,6.8689733,5.614372,7.782603,6.8889346,5.3734894,0.055834055,0.9432795,7.001232e-05,0.9432795,0.00053717155,0.055834055,0.00027925477
stable_wetland_false_positive_59,stable_wetland,stable_shrubs,false_positive,73681,DE78,216000002689,-3.662023,-4.341719,-4.2952733,-3.9284575,-3.3087952,-3.6191087,-3.5552626,-3.8027549,-4.4760795,-2.6436129,-3.2968473,-3.5189505,-3.548719,-3.8891652,-2.9458213,-3.4591026,-3.902603,-3.8442326,-4.9248567,-2.6250336,-1.7310793,-2.4955106,-1.9755291,-2.4726126,-2.169979,-1.9366313,-1.4238212,-1.8470613,-2.071848,-1.9866344,-0.29460406,-0.32302406,-0.020386878,-0.7960258,-0.78057843,0.18614827,-0.044937517,0.3881905,-0.30070323,-1.2817893,2.9063723,3.113194,2.8095064,2.13916,2.0164618,3.5949898,2.5141623,3.6164305,3.4374115,1.5362222,6.4129043,6.371169,6.7068453,4.381812,3.8618796,6.7185907,5.0883875,6.8676486,5.68455,2.2380743,0.04802485,0.94219476,0.0077517126,0.94219476,0.00034934288,0.04802485,0.0016793184
stable_trees_correct_highconf_60,stable_trees,stable_trees,correct_highconf,129735,BB84,266000002466,-1.370747,-1.7349681,-2.0248318,-2.0170624,-1.7333606,-2.2623143,-1.7403767,-1.8242118,-1.5322155,-1.4462792,-0.3157251,-0.664977,-1.185892,-0.9321898,-0.9166876,-1.3989174,-0.48743883,-0.6339,-0.6309482,-0.64305675,-1.7494013,-2.3294373,-2.5433905,-2.5089662,-2.2066274,-2.5353198,-2.299885,-2.0551984,-2.0128763,-2.1867805,-2.1456516,-2.6598818,-2.581923,-2.4849265,-2.4708698,-2.349058,-2.0624068,-2.1610568,-2.1170945,-2.3820555,-2.148514,-2.056995,-1.9380666,-2.1215148,-1.9736154,-1.9337454,-1.94049,-1.7529845,-1.9084475,-1.7359571,-1.5617418,-1.4235919,-1.1955266,-1.6579919,-1.3739449,-1.2268765,-1.4251286,-1.198636,-1.3839498,-1.3196809,0.99734575,0.99734575,0.00016977834,0.0015532168,0.99734575,0.00051777053,0.00041349314
stable_trees_correct_highconf_61,stable_trees,stable_trees,correct_highconf,8098,BB84,266000002466,-1.370747,-1.7349681,-2.0248318,-2.0170624,-1.7333606,-2.2623143,-1.7403767,-1.8242118,-1.5322155,-1.4462792,-0.3157251,-0.664977,-1.185892,-0.9321898,-0.9166876,-1.3989174,-0.48743883,-0.6339,-0.6309482,-0.64305675,-1.7494013,-2.3294373,-2.5433905,-2.5089662,-2.2066274,-2.5353198,-2.299885,-2.0551984,-2.0128763,-2.1867805,-2.1456516,-2.6598818,-2.581923,-2.4849265,-2.4708698,-2.349058,-2.0624068,-2.1610568,-2.1170945,-2.3820555,-2.148514,-2.056995,-1.9380666,-2.1215148,-1.9736154,-1.9337454,-1.94049,-1.7529845,-1.9084475,-1.7359571,-1.5617418,-1.4235919,-1.1955266,-1.6579919,-1.3739449,-1.2268765,-1.4251286,-1.198636,-1.3839498,-1.3196809,0.99734575,0.99734575,0.00016977834,0.0015532168,0.99734575,0.00051777053,0.00041349314
stable_trees_correct_highconf_62,stable_trees,stable_trees,correct_highconf,12094,BB84,266000002464,-1.2702454,-1.7262892,-2.3393178,-2.0821083,-1.9119245,-2.3213737,-2.2235081,-1.958273,-1.9613137,-1.7780617,-0.24561343,-0.74744385,-1.3472658,-1.1645316,-1.1329556,-1.391532,-1.1668489,-1.0803658,-1.1751957,-0.93336535,-1.5626085,-2.3377461,-2.6091769,-2.6268518,-2.3057592,-2.6410112,-2.3186483,-2.2711425,-2.1597002,-2.1938434,-2.1209936,-2.6112328,-2.572571,-2.51677,-2.4662044,-2.3488355,-2.101065,-2.1896255,-2.1883593,-2.4142141,-2.2001264,-2.0230322,-1.8766452,-1.9545414,-1.8357625,-1.77488,-1.6543871,-1.6556515,-1.6367135,-1.572037,-1.6684521,-1.389875,-1.1346776,-1.4327967,-1.131796,-1.2105614,-0.9518979,-1.1710956,-1.1084977,-1.074336,0.99662244,0.99662244,0.00011728184,0.0019343211,0.99662244,0.00088810996,0.00043787068
stable_trees_correct_highconf_63,stable_trees,stable_trees,correct_highconf,43265,BB84,266000002464,-1.2702454,-1.7262892,-2.3393178,-2.0821083,-1.9119245,-2.3213737,-2.2235081,-1.958273,-1.9613137,-1.7780617,-0.24561343,-0.74744385,-1.3472658,-1.1645316,-1.1329556,-1.391532,-1.1668489,-1.0803658,-1.1751957,-0.93336535,-1.5626085,-2.3377461,-2.6091769,-2.6268518,-2.3057592,-2.6410112,-2.3186483,-2.2711425,-2.1597002,-2.1938434,-2.1209936,-2.6112328,-2.572571,-2.51677,-2.4662044,-2.3488355,-2.101065,-2.1896255,-2.1883593,-2.4142141,-2.2001264,-2.0230322,-1.8766452,-1.9545414,-1.8357625,-1.77488,-1.6543871,-1.6556515,-1.6367135,-1.572037,-1.6684521,-1.389875,-1.1346776,-1.4327967,-1.131796,-1.2105614,-0.9518979,-1.1710956,-1.1084977,-1.074336,0.99662244,0.99662244,0.00011728184,0.0019343211,0.99662244,0.00088810996,0.00043787068
stable_trees_correct_highconf_64,stable_trees,stable_trees,correct_highconf,33065,BB84,266000002465,-1.37325,-1.875156,-2.241219,-2.189499,-2.007939,-2.350514,-2.113137,-1.9334929,-1.7254524,-1.5161492,-0.50315225,-0.84540224,-1.283148,-1.203021,-1.1079482,-1.3485358,-0.92665726,-0.93189836,-0.8357733,-0.6181298,-1.735257,-2.4880154,-2.6429737,-2.5977302,-2.3571825,-2.6203122,-2.4080627,-2.1645038,-2.2397108,-2.2939274,-2.2234938,-2.702693,-2.6429331,-2.5934832,-2.5315206,-2.3535068,-2.1692533,-2.236815,-2.2155426,-2.5023434,-2.148514,-2.0010195,-1.8363689,-2.0456467,-1.8963343,-1.8614671,-1.9605474,-1.7874726,-1.8866185,-1.7824951,-1.7348208,-1.2864769,-1.2379365,-1.5471537,-1.182029,-1.2871716,-1.478658,-1.2185264,-1.397579,-1.3293723,0.9957467,0.9957467,0.00016171088,0.002382378,0.9957467,0.0010206046,0.00068853406
stable_trees_correct_highconf_65,stable_trees,stable_trees,correct_highconf,30828,BB84,266000002465,-1.37325,-1.875156,-2.241219,-2.189499,-2.007939,-2.350514,-2.113137,-1.9334929,-1.7254524,-1.5161492,-0.50315225,-0.84540224,-1.283148,-1.203021,-1.1079482,-1.3485358,-0.92665726,-0.93189836,-0.8357733,-0.6181298,-1.735257,-2.4880154,-2.6429737,-2.5977302,-2.3571825,-2.6203122,-2.4080627,-2.1645038,-2.2397108,-2.2939274,-2.2234938,-2.702693,-2.6429331,-2.5934832,-2.5315206,-2.3535068,-2.1692533,-2.236815,-2.2155426,-2.5023434,-2.148514,-2.0010195,-1.8363689,-2.0456467,-1.8963343,-1.8614671,-1.9605474,-1.7874726,-1.8866185,-1.7824951,-1.7348208,-1.2864769,-1.2379365,-1.5471537,-1.182029,-1.2871716,-1.478658,-1.2185264,-1.397579,-1.3293723,0.9957467,0.9957467,0.00016171088,0.002382378,0.9957467,0.0010206046,0.00068853406
stable_trees_correct_highconf_66,stable_trees,stable_trees,correct_highconf,14138,BB84,265000002465,-0.9334026,-1.7441177,-2.1589422,-1.9780083,-1.7257972,-2.2948587,-1.85644,-1.8579621,-1.5981175,-1.4858699,-0.019215431,-0.69309163,-1.1525726,-0.81358594,-0.9224681,-1.4354901,-0.6650323,-0.8732493,-0.65730274,-0.5673251,-1.5416676,-2.3913293,-2.5053709,-2.4675357,-2.1796,-2.5439548,-2.3465223,-2.1073246,-2.1619384,-2.236513,-2.0639415,-2.6112328,-2.5650005,-2.5102565,-2.4452097,-2.3312624,-2.1091187,-2.2355394,-2.1577473,-2.4188783,-2.3682158,-2.0500767,-1.8910775,-2.116753,-1.9297532,-1.8570645,-1.9794697,-1.803567,-1.906942,-1.8047266,-1.7426289,-1.4696714,-1.2422389,-1.5201771,-1.2657506,-1.1098332,-1.478658,-1.2904375,-1.3115002,-1.348245,0.9954514,0.9954514,4.4329277e-05,0.0021402964,0.9954514,0.0017745644,0.0005893662
stable_trees_correct_highconf_67,stable_trees,stable_trees,correct_highconf,101923,AJ83,269000002389,-1.2210357,-1.33865,-1.8439702,-1.8242456,-1.5572054,-1.9140215,-1.4146583,-1.2548969,-1.5982658,-1.2354486,-0.39062133,-0.35498735,-0.83023447,-0.7849318,-0.6670713,-0.9154782,-0.28668275,-0.08400303,-0.6294404,-0.38458577,-1.796192,-2.229795,-2.5128691,-2.3309412,-2.160879,-2.3886046,-1.8693662,-1.7459222,-2.0009127,-2.0380478,-2.3499267,-2.6647468,-2.6318,-2.5712895,-2.505394,-2.3419397,-2.1834817,-2.2641082,-2.2713788,-2.443918,-2.1893158,-2.2117138,-2.0860822,-2.1488144,-2.1149495,-2.1975427,-2.089975,-2.1553457,-2.0906072,-1.9988816,-1.6762602,-1.6079103,-1.453059,-1.7354027,-1.5130516,-1.7510886,-1.7191522,-1.838951,-1.6744655,-1.5160588,0.99521327,0.99521327,0.0007538368,0.0025600025,0.99521327,0.00050753617,0.00096531375
stable_trees_correct_highconf_68,stable_trees,stable_trees,correct_highconf,16234,AJ83,270000002389,-1.2210357,-1.33865,-1.8439702,-1.8242456,-1.5572054,-1.9140215,-1.4146583,-1.2548969,-1.5982658,-1.2354486,-0.39062133,-0.35498735,-0.83023447,-0.7849318,-0.6670713,-0.9154782,-0.28668275,-0.08400303,-0.6294404,-0.38458577,-1.796192,-2.229795,-2.5128691,-2.3309412,-2.160879,-2.3886046,-1.8693662,-1.7459222,-2.0009127,-2.0380478,-2.3499267,-2.6647468,-2.6318,-2.5712895,-2.505394,-2.3419397,-2.1834817,-2.2641082,-2.2713788,-2.443918,-2.1893158,-2.2117138,-2.0860822,-2.1488144,-2.1149495,-2.1975427,-2.089975,-2.1553457,-2.0906072,-1.9988816,-1.6762602,-1.6079103,-1.453059,-1.7354027,-1.5130516,-1.7510886,-1.7191522,-1.838951,-1.6744655,-1.5160588,0.99521327,0.99521327,0.0007538368,0.0025600025,0.99521327,0.00050753617,0.00096531375
stable_trees_correct_highconf_69,stable_trees,stable_trees,correct_highconf,30042,AL101,344000002407,-1.2373673,-1.379638,-1.7093227,-1.6903554,-1.4182228,-2.1151626,-1.7954752,-1.6708825,-1.5390084,-1.1271967,-0.06578437,-0.38079542,-0.7035831,-0.48300225,-0.21288072,-1.1720976,-0.5470019,-0.4980986,-0.45181775,-0.24112584,-1.7798158,-2.1299682,-2.4834566,-2.4845345,-2.134499,-2.5874116,-2.223558,-2.080467,-2.0702982,-1.9913255,-2.2143073,-2.6331248,-2.700826,-2.5300379,-2.3971558,-2.4271362,-2.081199,-2.197533,-2.2652564,-2.3869653,-2.4062278,-2.2752366,-2.2646406,-2.2300792,-2.2075477,-2.1113224,-1.8057643,-2.0879023,-2.1199634,-1.9354478,-1.85975,-1.7562642,-1.6374497,-1.6316018,-1.6341261,-1.5794251,-1.3987519,-1.4885756,-1.6321435,-1.3293723,0.994713,0.994713,6.959942e-05,0.0028948763,0.994713,0.0014974328,0.0008250641
stable_trees_true_misclassified_70,stable_trees,shrubs_to_trees,true_misclassified,40424,EB106,320000002797,-1.9037863,-3.4187467,-2.0357578,-1.1613379,-0.83783084,-0.16868228,0.095031396,0.3288462,0.76115453,0.28877473,-1.5157076,-2.0962315,-1.875407,-1.3101401,-1.074985,-0.105828576,-0.24893655,0.26958078,0.47929943,0.3014558,-0.65089804,-2.1959865,-1.6070988,-1.0282419,-0.7017584,-0.06191342,0.30374885,0.7510161,0.7206828,0.21156321,-0.7324057,-1.0291651,-1.1882639,-1.0387104,-0.5571035,-0.27231097,-0.16762327,0.3631929,0.22018993,-0.064181045,0.90603924,0.8512167,0.2338348,-0.21084563,0.2640584,0.07059999,0.18560264,0.15765661,-0.13126172,-0.47765464,1.8028873,3.2259543,1.3386166,0.25909904,0.34943357,0.07762432,0.10007059,-0.0817188,-0.21830012,-0.44694698,4.4172833e-05,0.9790597,0.9790597,0.004811906,4.4172833e-05,0.0001407174,0.015943479
stable_trees_true_misclassified_71,stable_trees,stable_shrubs,true_misclassified,26853,ER35,19000002830,-0.24589407,-0.8920111,-1.4473386,-1.5473424,-1.6621114,-1.0353787,-0.3734939,0.65309435,-1.4193572,-1.6393845,-0.88531023,-1.3962108,-1.8329622,-1.675696,-1.6781385,-1.3292243,-1.2593843,-0.07842529,-2.048055,-1.5732831,0.23918925,-0.6330683,-0.9063364,-0.7023163,-0.97027886,-0.54974157,0.10016791,0.69390047,-0.38914475,-0.9836432,0.40089858,-0.024562076,-0.48575637,-0.66431034,-0.47172588,-0.12171568,0.59667945,1.2758611,0.055620022,-0.29788327,1.266978,1.4210349,1.1759654,0.6497332,1.0995309,1.2475979,1.2422154,1.4544095,1.627106,1.2730013,1.3623818,1.3524244,1.8837986,0.9851188,1.772702,1.7254522,1.2241874,1.3335531,2.0383976,1.71423,4.941753e-05,0.49734354,0.003907027,0.49734354,4.941753e-05,0.46122527,0.0374748
stable_trees_true_misclassified_72,stable_trees,stable_shrubs,true_misclassified,130849,DT81,222000002753,-2.5919194,-4.5794296,-5.4616833,-5.4746885,-4.600419,-4.354,-4.254364,-4.0996027,-5.2058287,-3.5659692,-2.7186666,-3.5253382,-4.890722,-5.4007397,-4.009617,-3.916174,-4.831214,-4.0794816,-4.909956,-2.9803388,-2.005012,-2.717886,-2.9930346,-3.2949314,-2.7584221,-2.4643009,-2.0216825,-1.9031268,-2.8020532,-2.4589336,-1.5538579,-1.0641925,-1.5142452,-1.4357865,-1.186239,-1.2653056,-0.6328627,-0.7193572,-1.0469004,-1.0802457,-0.007990211,2.5197904,2.9927638,2.5178654,2.8313959,1.9909265,2.408955,2.600181,2.7501729,1.4419607,1.2986158,6.1469526,6.857431,4.662133,5.8911643,4.699771,4.637655,5.6023192,6.0568404,3.2000709,6.47875e-05,0.7451636,0.058306087,0.7451636,6.47875e-05,0.19613011,0.0003354584
stable_trees_true_misclassified_73,stable_trees,stable_shrubs,true_misclassified,189,CS65,167000002634,0.97122926,1.03075,-0.06314286,-1.1754827,0.6779134,0.23171519,1.0465269,0.87436414,0.6770206,0.1268837,0.2718568,0.81924814,-0.5497665,-2.3043501,0.62032884,-0.02225172,0.8192466,0.65725017,0.1635055,-0.15405679,1.5550244,1.415932,0.8550106,-0.16463162,1.4116424,0.39026874,1.1993202,1.0176277,0.8588841,0.64115053,1.8627354,1.4884237,0.8671551,0.5274008,1.6585171,0.37322456,1.1977592,1.0223138,0.60932916,0.4972444,1.4873773,0.89524233,1.0360051,1.7420429,1.3808067,0.7016588,0.8183593,0.5293618,0.6252278,0.5678184,1.3031706,0.39823905,0.6895613,1.8559906,0.8620678,0.3911585,0.40417948,0.3329176,0.504044,0.5930907,0.00041989647,0.77291834,0.002615987,0.77291834,0.00041989647,0.15316439,0.07088133
stable_trees_true_misclassified_74,stable_trees,stable_shrubs,true_misclassified,105467,CS65,167000002635,0.97122926,1.03075,-0.06314286,-1.1754827,0.6779134,0.23171519,1.0465269,0.87436414,0.6770206,0.1268837,0.2718568,0.81924814,-0.5497665,-2.3043501,0.62032884,-0.02225172,0.8192466,0.65725017,0.1635055,-0.15405679,1.5550244,1.415932,0.8550106,-0.16463162,1.4116424,0.39026874,1.1993202,1.0176277,0.8588841,0.64115053,1.8627354,1.4884237,0.8671551,0.5274008,1.6585171,0.37322456,1.1977592,1.0223138,0.60932916,0.4972444,1.4873773,0.89524233,1.0360051,1.7420429,1.3808067,0.7016588,0.8183593,0.5293618,0.6252278,0.5678184,1.3031706,0.39823905,0.6895613,1.8559906,0.8620678,0.3911585,0.40417948,0.3329176,0.504044,0.5930907,0.00041989647,0.77291834,0.002615987,0.77291834,0.00041989647,0.15316439,0.07088133
stable_trees_true_misclassified_75,stable_trees,stable_shrubs,true_misclassified,35781,DY51,93000002759,1.4353685,-0.28554556,0.22611909,0.5607226,-0.17445387,0.04224875,1.1443766,-0.105161645,-0.070855916,-0.5393578,1.3028419,-0.55009156,-0.27109537,0.39160562,-0.666281,-0.29710454,0.81313324,-0.41190803,-0.47328687,-0.873797,1.3848711,0.12151258,0.31455937,0.7627593,-0.11059228,0.18024781,1.1752441,0.25456685,0.034261752,-0.19994676,2.0060906,0.08879024,0.16353427,0.7054337,-0.031307697,0.51469964,1.2074236,0.14841741,0.16239454,-0.21024494,0.77247447,0.68769264,0.7654824,0.47641116,0.63097006,0.759995,0.9152407,0.46498397,0.47242442,0.43176165,0.85745966,0.5184956,0.7829859,0.105450265,0.5078607,0.64510703,0.48951617,0.44460934,0.53632355,0.24675153,0.0004755154,0.513075,0.009403014,0.513075,0.0004755154,0.4072092,0.06983721
stable_trees_true_misclassified_76,stable_trees,stable_shrubs,true_misclassified,84961,CS65,168000002635,0.9368205,0.8697821,0.09833866,-1.6825507,0.46565592,-0.0041258065,0.6817241,0.7671965,0.33714288,-0.41807586,0.32393453,0.6757207,-0.53997713,-2.4465494,0.21041818,-0.16190693,0.9652788,0.4657702,0.08367563,-0.54311174,1.4508182,1.1772577,0.77999926,-0.6935159,1.0656165,0.41913497,1.0452553,0.7678737,0.7099968,0.19011511,1.6069683,1.2111241,0.7959024,0.23839878,1.1509165,0.21484369,0.9115818,0.7886626,0.5970844,0.061507553,1.4099586,0.72920257,0.78763443,1.3617502,1.2896008,0.5644402,0.7260192,0.36726767,0.59812963,0.58352864,1.184748,0.40947798,0.58876103,1.765678,0.85562766,0.3670405,0.3824574,0.22811098,0.51408654,0.77926713,0.000666216,0.77781624,0.003031667,0.77781624,0.000666216,0.12497494,0.093510926
stable_trees_true_misclassified_77,stable_trees,stable_shrubs,true_misclassified,123453,CS65,167000002635,0.9368205,0.8697821,0.09833866,-1.6825507,0.46565592,-0.0041258065,0.6817241,0.7671965,0.33714288,-0.41807586,0.32393453,0.6757207,-0.53997713,-2.4465494,0.21041818,-0.16190693,0.9652788,0.4657702,0.08367563,-0.54311174,1.4508182,1.1772577,0.77999926,-0.6935159,1.0656165,0.41913497,1.0452553,0.7678737,0.7099968,0.19011511,1.6069683,1.2111241,0.7959024,0.23839878,1.1509165,0.21484369,0.9115818,0.7886626,0.5970844,0.061507553,1.4099586,0.72920257,0.78763443,1.3617502,1.2896008,0.5644402,0.7260192,0.36726767,0.59812963,0.58352864,1.184748,0.40947798,0.58876103,1.765678,0.85562766,0.3670405,0.3824574,0.22811098,0.51408654,0.77926713,0.000666216,0.77781624,0.003031667,0.77781624,0.000666216,0.12497494,0.093510926
stable_trees_true_misclassified_78,stable_trees,wetland_to_woody,true_misclassified,15544,FQ109,313000002969,-1.9281546,-0.733652,-0.9786968,0.13828841,-0.0684353,-0.36599416,0.16853838,-0.56246364,-0.52252024,-0.34447876,-1.8547274,-0.7385425,-1.0855975,0.05574508,-0.08848337,-0.7628466,0.10001171,-0.8923795,-0.6430324,-0.63336444,-1.8120273,-0.8567237,-1.0698926,-0.053882547,-0.07873645,-0.35374057,-0.2058009,-0.3701359,-0.7479232,-0.41871774,-1.3597361,-0.76962245,-0.92574203,-0.6228176,-0.5344761,-0.46383616,0.14969525,-0.43622088,-0.58478224,-0.5693903,0.11406638,-0.020177625,0.07742837,-0.49304947,-0.14775991,0.3013767,0.23177268,0.31093708,0.23493941,0.067165166,0.32195595,0.31057537,0.25931627,-0.65575624,-0.24949838,0.20672663,0.12334423,0.4094188,0.10449517,-0.032768168,0.00076355255,0.45971677,0.078546904,0.24649306,0.00076355255,0.21447966,0.45971677
stable_trees_true_misclassified_79,stable_trees,wetland_to_woody,true_misclassified,4872,FQ109,313000002969,-1.9281546,-0.733652,-0.9786968,0.13828841,-0.0684353,-0.36599416,0.16853838,-0.56246364,-0.52252024,-0.34447876,-1.8547274,-0.7385425,-1.0855975,0.05574508,-0.08848337,-0.7628466,0.10001171,-0.8923795,-0.6430324,-0.63336444,-1.8120273,-0.8567237,-1.0698926,-0.053882547,-0.07873645,-0.35374057,-0.2058009,-0.3701359,-0.7479232,-0.41871774,-1.3597361,-0.76962245,-0.92574203,-0.6228176,-0.5344761,-0.46383616,0.14969525,-0.43622088,-0.58478224,-0.5693903,0.11406638,-0.020177625,0.07742837,-0.49304947,-0.14775991,0.3013767,0.23177268,0.31093708,0.23493941,0.067165166,0.32195595,0.31057537,0.25931627,-0.65575624,-0.24949838,0.20672663,0.12334423,0.4094188,0.10449517,-0.032768168,0.00076355255,0.45971677,0.078546904,0.24649306,0.00076355255,0.21447966,0.45971677
stable_wetland_false_positive_80,stable_wetland,stable_trees,false_positive,118069,BU50,115000002527,-2.617845,-2.7017972,-3.3745441,-3.623046,-2.9603121,-3.2087862,-3.618082,-3.924644,-4.393074,-3.446328,-1.1924199,-0.99369496,-1.5675684,-1.6266142,-1.1948661,-1.5737371,-1.2014835,-1.7069328,-2.0962274,-1.3857718,-4.0359545,-4.434424,-4.614572,-5.0462613,-4.377923,-4.408634,-5.177925,-4.849369,-5.523582,-5.4578953,-3.5472937,-3.9325411,-3.8384206,-4.1067634,-3.8684044,-3.5044377,-3.6285965,-4.0425105,-4.270952,-4.4038744,-3.6173778,-3.3126707,-3.498439,-3.0674849,-3.560317,-3.4248052,-3.6147218,-3.6402504,-3.675095,-3.192861,-2.8617861,-2.5598478,-2.6153352,-2.374042,-2.6664786,-2.829306,-2.94257,-2.991824,-3.019446,-2.3592086,0.003045114,0.98929894,1.5958868e-06,0.0065137744,0.98929894,0.003045114,0.0011404839
stable_wetland_false_positive_81,stable_wetland,stable_trees,false_positive,88417,BU50,116000002527,-2.617845,-2.7017972,-3.3745441,-3.623046,-2.9603121,-3.2087862,-3.618082,-3.924644,-4.393074,-3.446328,-1.1924199,-0.99369496,-1.5675684,-1.6266142,-1.1948661,-1.5737371,-1.2014835,-1.7069328,-2.0962274,-1.3857718,-4.0359545,-4.434424,-4.614572,-5.0462613,-4.377923,-4.408634,-5.177925,-4.849369,-5.523582,-5.4578953,-3.5472937,-3.9325411,-3.8384206,-4.1067634,-3.8684044,-3.5044377,-3.6285965,-4.0425105,-4.270952,-4.4038744,-3.6173778,-3.3126707,-3.498439,-3.0674849,-3.560317,-3.4248052,-3.6147218,-3.6402504,-3.675095,-3.192861,-2.8617861,-2.5598478,-2.6153352,-2.374042,-2.6664786,-2.829306,-2.94257,-2.991824,-3.019446,-2.3592086,0.003045114,0.98929894,1.5958868e-06,0.0065137744,0.98929894,0.003045114,0.0011404839
stable_shrubs_false_positive_82,stable_shrubs,stable_trees,false_positive,94165,Y86,288000002346,-1.6230861,-1.6365849,-1.718853,-2.3596308,-2.0083523,-2.029097,-1.8510997,-2.2214313,-1.8719592,-1.8952868,-0.9198774,-0.80629826,-0.7553571,-1.2929194,-1.3964039,-1.1500326,-0.56462765,-0.77328855,-0.9407546,-0.9562253,-2.153127,-2.3991473,-2.632591,-2.9736187,-2.7513282,-2.6734095,-2.47046,-2.5981927,-2.4870768,-2.8056343,-2.4212418,-2.6358006,-2.4378588,-2.8957534,-2.7200046,-2.6658196,-2.4983842,-2.4661298,-2.5593762,-2.802327,-2.0292473,-2.1286938,-2.3193493,-2.1697655,-2.2423592,-2.3560412,-2.5089114,-2.4324002,-2.4970791,-2.0291164,-1.5734539,-1.7040031,-1.8335185,-1.931862,-1.8608185,-1.9099839,-2.2490153,-1.7984054,-2.0560813,-1.4813739,0.008278427,0.9830837,6.1488594e-05,0.008278427,0.9830837,0.00486693,0.003709535
stable_shrubs_false_positive_83,stable_shrubs,stable_trees,false_positive,122835,Y86,287000002346,-1.6230861,-1.6365849,-1.718853,-2.3596308,-2.0083523,-2.029097,-1.8510997,-2.2214313,-1.8719592,-1.8952868,-0.9198774,-0.80629826,-0.7553571,-1.2929194,-1.3964039,-1.1500326,-0.56462765,-0.77328855,-0.9407546,-0.9562253,-2.153127,-2.3991473,-2.632591,-2.9736187,-2.7513282,-2.6734095,-2.47046,-2.5981927,-2.4870768,-2.8056343,-2.4212418,-2.6358006,-2.4378588,-2.8957534,-2.7200046,-2.6658196,-2.4983842,-2.4661298,-2.5593762,-2.802327,-2.0292473,-2.1286938,-2.3193493,-2.1697655,-2.2423592,-2.3560412,-2.5089114,-2.4324002,-2.4970791,-2.0291164,-1.5734539,-1.7040031,-1.8335185,-1.931862,-1.8608185,-1.9099839,-2.2490153,-1.7984054,-2.0560813,-1.4813739,0.008278427,0.9830837,6.1488594e-05,0.008278427,0.9830837,0.00486693,0.003709535
stable_shrubs_false_positive_84,stable_shrubs,stable_trees,false_positive,14213,J99,347000002289,-1.809816,-1.21315,-1.543852,-1.4545094,-1.507773,-2.205339,-2.058502,-2.4189942,-3.2131515,-2.505389,-0.35988462,-0.2869273,-0.7468485,-0.3348252,-0.479361,-0.8951952,-0.45628542,-0.6773967,-1.6122499,-1.3360236,-2.456551,-2.3761272,-2.3143468,-2.372255,-2.4517376,-2.7736175,-2.3732913,-2.9950862,-3.8854718,-3.4175274,-2.5735416,-2.4480152,-2.3525782,-2.6742976,-2.6346269,-2.6026454,-2.2331467,-2.912006,-3.3895726,-3.2638397,-2.5879178,-2.2985072,-2.1209884,-2.350706,-2.1859646,-2.5871847,-2.2001019,-2.6320481,-2.9652746,-2.2395747,-1.935228,-1.831565,-1.4284735,-2.0350764,-1.5980613,-2.1114402,-2.0147274,-2.156431,-2.3946576,-1.5497236,0.02093902,0.9728105,0.00036389858,0.02093902,0.9728105,0.0037090743,0.0021775886
stable_shrubs_false_positive_85,stable_shrubs,stable_trees,false_positive,84853,J99,348000002289,-1.809816,-1.21315,-1.543852,-1.4545094,-1.507773,-2.205339,-2.058502,-2.4189942,-3.2131515,-2.505389,-0.35988462,-0.2869273,-0.7468485,-0.3348252,-0.479361,-0.8951952,-0.45628542,-0.6773967,-1.6122499,-1.3360236,-2.456551,-2.3761272,-2.3143468,-2.372255,-2.4517376,-2.7736175,-2.3732913,-2.9950862,-3.8854718,-3.4175274,-2.5735416,-2.4480152,-2.3525782,-2.6742976,-2.6346269,-2.6026454,-2.2331467,-2.912006,-3.3895726,-3.2638397,-2.5879178,-2.2985072,-2.1209884,-2.350706,-2.1859646,-2.5871847,-2.2001019,-2.6320481,-2.9652746,-2.2395747,-1.935228,-1.831565,-1.4284735,-2.0350764,-1.5980613,-2.1114402,-2.0147274,-2.156431,-2.3946576,-1.5497236,0.02093902,0.9728105,0.00036389858,0.02093902,0.9728105,0.0037090743,0.0021775886
wetland_to_woody_false_positive_86,wetland_to_woody,stable_trees,false_positive,81863,B85,294000002250,-0.8456467,-0.9368258,-1.3572681,-1.3935488,-1.2220587,-1.181743,-0.8548274,-1.0385225,-1.1388646,-0.9683059,0.18941066,0.032868106,-0.42469823,-0.11448405,-0.23911387,-0.18743637,0.6798264,0.22358404,0.0091344165,-0.09535604,-1.4750004,-1.6739472,-2.1647193,-1.9122977,-1.8894665,-1.878315,-1.5174547,-1.3811526,-1.729393,-1.7682756,-1.9851325,-2.240527,-2.4202683,-2.2417595,-2.2296662,-1.9691218,-1.8567672,-1.6702871,-1.9559532,-2.1675012,-2.2810326,-2.2720919,-2.2418172,-2.1767492,-2.2068515,-2.1916723,-2.0842984,-1.8587481,-2.149696,-1.8583785,-1.7933813,-1.7607597,-1.6263863,-1.6861413,-1.9123396,-1.6787347,-1.7757847,-1.578082,-1.6515112,-1.5150386,0.014364055,0.95973766,0.0036610616,0.019103752,0.95973766,0.0031335107,0.014364055
wetland_to_woody_false_positive_87,wetland_to_woody,stable_trees,false_positive,100326,B85,295000002250,-0.8456467,-0.9368258,-1.3572681,-1.3935488,-1.2220587,-1.181743,-0.8548274,-1.0385225,-1.1388646,-0.9683059,0.18941066,0.032868106,-0.42469823,-0.11448405,-0.23911387,-0.18743637,0.6798264,0.22358404,0.0091344165,-0.09535604,-1.4750004,-1.6739472,-2.1647193,-1.9122977,-1.8894665,-1.878315,-1.5174547,-1.3811526,-1.729393,-1.7682756,-1.9851325,-2.240527,-2.4202683,-2.2417595,-2.2296662,-1.9691218,-1.8567672,-1.6702871,-1.9559532,-2.1675012,-2.2810326,-2.2720919,-2.2418172,-2.1767492,-2.2068515,-2.1916723,-2.0842984,-1.8587481,-2.149696,-1.8583785,-1.7933813,-1.7607597,-1.6263863,-1.6861413,-1.9123396,-1.6787347,-1.7757847,-1.578082,-1.6515112,-1.5150386,0.014364055,0.95973766,0.0036610616,0.019103752,0.95973766,0.0031335107,0.014364055
stable_shrubs_false_positive_88,stable_shrubs,stable_trees,false_positive,136898,EN40,41000002818,1.0016007,1.0851321,0.6034763,0.8678478,0.7555765,0.6697739,-0.1230458,0.4317652,0.23275577,0.91262186,1.60639,1.2909118,0.82929134,1.4156294,1.0134907,0.9942397,0.5862432,0.9172447,0.79654735,1.29131,0.35115346,0.85505843,0.16797799,0.53235537,0.3922258,0.046597563,0.111002706,0.016879415,-0.1247991,0.34218222,-0.23634334,0.08100639,-0.37130663,-0.043366134,-0.18573399,-0.28899437,-0.6766215,-0.58289057,-0.72951555,-0.08971154,-1.014434,-1.1060399,-1.0335273,-1.2866485,-1.2467544,-1.1676694,-1.0541766,-1.231831,-1.2377688,-1.2210758,-0.72107255,-1.189822,-1.0031456,-1.187076,-1.387469,-1.2971025,-1.2529037,-1.2613671,-1.3115002,-1.31305,0.01277836,0.95923984,0.018961567,0.01277836,0.95923984,0.0016382566,0.0073819268
stable_shrubs_false_positive_89,stable_shrubs,stable_trees,false_positive,131342,EN40,42000002818,1.0016007,1.0851321,0.6034763,0.8678478,0.7555765,0.6697739,-0.1230458,0.4317652,0.23275577,0.91262186,1.60639,1.2909118,0.82929134,1.4156294,1.0134907,0.9942397,0.5862432,0.9172447,0.79654735,1.29131,0.35115346,0.85505843,0.16797799,0.53235537,0.3922258,0.046597563,0.111002706,0.016879415,-0.1247991,0.34218222,-0.23634334,0.08100639,-0.37130663,-0.043366134,-0.18573399,-0.28899437,-0.6766215,-0.58289057,-0.72951555,-0.08971154,-1.014434,-1.1060399,-1.0335273,-1.2866485,-1.2467544,-1.1676694,-1.0541766,-1.231831,-1.2377688,-1.2210758,-0.72107255,-1.189822,-1.0031456,-1.187076,-1.387469,-1.2971025,-1.2529037,-1.2613671,-1.3115002,-1.31305,0.01277836,0.95923984,0.018961567,0.01277836,0.95923984,0.0016382566,0.0073819268
stable_wetland_correct_highconf_90,stable_wetland,stable_wetland,correct_highconf,131407,HR10,-119999996857,1.247254,-0.7798549,0.15264277,0.3048875,-0.2817534,-0.027748873,-2.4991837,-4.3077717,1.4731064,0.15397502,0.85021186,0.09905637,0.000117480944,0.63356984,0.27801996,0.4401834,-1.6953439,-2.0063877,1.636113,0.23343788,1.7090464,0.12602082,1.4114476,0.56421673,-0.83592975,-0.5366717,-2.5827346,-4.911845,1.96652,0.13288397,1.4578111,0.46241504,2.063088,0.4072647,-0.3660535,0.9460206,-2.3969066,-3.821103,2.389476,1.5827814,-0.04844325,0.5090741,1.1695883,0.21230139,0.111932784,0.6345171,-2.777606,-3.5272062,1.0249252,1.0284549,-0.069098406,0.19818605,0.7202931,-0.072829224,0.35909376,0.33299154,-2.1233377,-2.5358768,0.7170889,0.8659795,0.9951998,0.9951998,3.3542517e-07,0.004361622,2.7491657e-08,0.9951998,0.00043826638
stable_wetland_correct_highconf_91,stable_wetland,stable_wetland,correct_highconf,56523,HU11,-116999996846,0.52857995,-1.2647277,-1.3947955,-1.2278703,-0.9698326,-0.20056245,-3.9120352,-3.2184403,-1.4467322,-0.34014183,1.1033089,-0.64852357,-0.4310488,-0.4428989,-0.6772741,-0.24813743,-2.496321,-1.5581533,-0.76426893,-0.26917675,0.7017313,-1.0892966,-1.0541483,-1.2177913,-1.7173481,-0.3227031,-4.499768,-4.217142,-2.3117173,-0.10511442,0.47245532,-0.36218658,-0.28135005,-0.8850423,-0.46426114,-0.072332874,-3.3679228,-3.447159,-0.51351756,0.02370278,0.21310657,0.346808,0.8809413,0.0650094,0.54985964,-0.13192585,-3.1658883,-2.9547036,0.70652217,0.8953624,-0.21940382,0.07511975,0.5002535,0.035076782,1.0417475,0.27766198,-2.4949403,-2.2115119,0.5578432,0.7190786,0.9935353,0.9935353,3.696151e-08,0.006211464,7.478484e-09,0.9935353,0.00025319518
stable_wetland_correct_highconf_92,stable_wetland,stable_wetland,correct_highconf,23320,CR41,67000002618,2.0193393,1.3260443,1.1768898,0.5985904,1.2297063,1.5727538,1.3803912,0.82590896,-1.1374199,-1.4166639,1.8527395,1.0103006,1.137787,0.39249432,1.3114238,1.7109323,1.0643287,1.2356305,-0.559018,-0.40246493,2.1558926,1.1887437,1.2978693,-0.33844283,1.3252262,1.7440693,1.2029867,0.31778488,-2.3829212,-1.5997747,2.5485682,1.8187509,1.7061561,0.24804825,1.4565033,2.2613382,1.7467577,0.67642844,-2.0803602,-0.44296524,0.19357753,0.5398921,0.22846463,-0.4028966,-0.017913569,0.7471537,0.7006635,-0.31827927,-1.9107057,1.2810047,0.122850075,0.303832,0.15114038,-0.06344609,-0.11425568,0.5784278,0.74242306,-0.046528257,-1.531001,1.3403468,0.9931967,0.9931967,3.8960275e-06,0.00652661,1.8947952e-07,0.9931967,0.00027254454
stable_wetland_correct_highconf_93,stable_wetland,stable_wetland,correct_highconf,54193,HQ9,-123999996861,-1.590379,0.10329977,0.81072056,0.9959893,-1.5392212,-0.0748301,-1.3747844,-3.7391763,0.04629635,0.4924105,-0.49258792,0.2620438,1.2182585,1.4125359,-0.24116017,-0.31193295,-0.4418771,-2.18282,0.12473698,0.21693152,-0.29607117,0.42441565,1.1740105,0.8667782,-1.3213521,-0.14016165,-1.4985344,-4.684366,0.026955532,0.94043773,0.8718194,1.1099341,1.5761199,1.4571285,-0.14304514,-0.3434934,-0.59984225,-3.7550378,0.49741185,1.7234447,0.8118813,0.6996425,1.0672194,0.43323937,0.35247925,0.008227899,-1.9223248,-3.4766235,0.3388156,1.1956358,0.24322455,0.5994159,0.81433237,0.4702195,0.20131062,-0.10538885,-1.1132618,-2.5970778,0.20061643,1.236292,0.9925154,0.9925154,5.2778102e-08,0.007203659,1.1564326e-08,0.9925154,0.0002809155
stable_wetland_correct_highconf_94,stable_wetland,stable_wetland,correct_highconf,66759,FZ60,105000002984,-0.63471246,-1.7623097,-1.25235,-1.191487,-2.1777215,-1.5635936,-1.5798512,-1.691793,-2.0199308,-2.5975559,-0.77764505,-2.2433648,-1.45649,-1.7507324,-2.6662369,-1.874093,-2.517097,-2.1018252,-2.8600626,-2.8902662,-1.0736544,-1.3730567,-1.3368225,-1.1396896,-1.860884,-1.1848991,-1.1023602,-1.3861215,-1.3728198,-1.9016185,-0.29121962,-0.5426746,-0.60644066,-0.5091949,-0.7826779,-0.5539264,-0.3367524,-0.558148,-0.45008957,-0.7819808,-0.29674122,1.2119129,0.41105068,1.1395426,2.001493,1.1199187,1.2789243,1.3333179,1.90712,2.0087156,0.031755883,1.6260923,0.36749217,1.4577941,2.779294,1.385672,1.6027719,1.459015,2.1639292,2.517594,0.99245596,0.99245596,1.6384432e-05,0.006987706,2.814621e-06,0.99245596,0.0005371063
stable_wetland_correct_highconf_95,stable_wetland,stable_wetland,correct_highconf,94379,FZ58,98000002983,-1.3128796,-1.7722031,-1.0422696,-1.1475313,-2.2647521,-1.3016934,-1.1680061,-1.6752758,-1.5497369,-2.0639894,-1.0526166,-2.1384041,-1.377167,-1.3836615,-2.6723797,-1.6715792,-1.873982,-2.3303146,-2.395169,-2.3095841,-1.0133085,-1.3032829,-1.1627445,-0.5846667,-1.6443064,-1.0767071,-0.929394,-1.2849895,-0.91238743,-1.4673327,-0.4911434,-0.5740532,-0.41628492,-0.20885476,-0.61822087,-0.48185423,-0.012722439,-0.40306076,-0.24560168,-0.69041467,-0.22211233,1.0631689,0.1928872,0.6484634,1.8925335,1.188161,1.2758969,1.3340843,1.6421604,1.6885821,-0.15889125,1.513141,0.7252102,1.0988892,2.5854461,1.4949124,1.8161136,1.4926755,1.9264952,1.9667158,0.9917001,0.9917001,5.236478e-05,0.0075589535,3.385998e-06,0.9917001,0.0006851506
stable_wetland_correct_highconf_96,stable_wetland,stable_wetland,correct_highconf,39779,GA62,113000002987,-1.1654943,-1.973998,-1.3379643,-1.3225893,-2.2270124,-1.4172008,-1.4088006,-1.6922086,-2.0669143,-2.4511294,-1.1691035,-2.2931337,-1.5590692,-1.7335829,-2.6112719,-1.8029742,-2.2562606,-2.1619627,-2.5999358,-2.6576884,-1.4004395,-1.3954117,-1.3976332,-0.91314656,-1.6722633,-1.3026927,-1.0347669,-1.4344285,-1.3830191,-1.8891375,-0.82813704,-0.5003499,-0.7095345,-0.44092482,-0.8500936,-0.5694976,-0.33460477,-0.45917788,-0.5071503,-1.0598705,-0.52062786,1.0795213,0.22880027,1.1093857,1.8166448,1.101574,1.1362514,1.6161203,1.5616188,1.5866137,-0.25388947,1.5075216,0.66436124,1.3240844,2.5854461,1.5594635,1.8479209,1.9011918,2.0355284,2.0065014,0.99110246,0.99110246,3.9552644e-05,0.008116505,3.2801101e-06,0.99110246,0.0007382121
stable_wetland_correct_highconf_97,stable_wetland,stable_wetland,correct_highconf,104664,GA62,114000002987,-1.1654943,-1.973998,-1.3379643,-1.3225893,-2.2270124,-1.4172008,-1.4088006,-1.6922086,-2.0669143,-2.4511294,-1.1691035,-2.2931337,-1.5590692,-1.7335829,-2.6112719,-1.8029742,-2.2562606,-2.1619627,-2.5999358,-2.6576884,-1.4004395,-1.3954117,-1.3976332,-0.91314656,-1.6722633,-1.3026927,-1.0347669,-1.4344285,-1.3830191,-1.8891375,-0.82813704,-0.5003499,-0.7095345,-0.44092482,-0.8500936,-0.5694976,-0.33460477,-0.45917788,-0.5071503,-1.0598705,-0.52062786,1.0795213,0.22880027,1.1093857,1.8166448,1.101574,1.1362514,1.6161203,1.5616188,1.5866137,-0.25388947,1.5075216,0.66436124,1.3240844,2.5854461,1.5594635,1.8479209,1.9011918,2.0355284,2.0065014,0.99110246,0.99110246,3.9552644e-05,0.008116505,3.2801101e-06,0.99110246,0.0007382121
stable_wetland_correct_highconf_98,stable_wetland,stable_wetland,correct_highconf,7299,HQ9,-122999996861,-1.2336046,-0.6148948,0.060851693,1.0520387,-1.4077984,0.51040596,-1.5019269,-3.419804,0.3548891,0.43784666,-0.25304735,-0.51218367,-0.058897663,1.0231665,-0.46486,0.45007035,-0.90352976,-2.1524255,0.13756195,0.051568266,-0.10494498,0.17223437,0.5651331,0.45737728,-1.8021247,0.58081007,-2.3155596,-4.365151,0.611136,0.801196,0.8186353,1.1605291,1.635794,0.9539079,-0.5155811,0.59322274,-1.0100476,-3.6377022,1.3168329,1.4453096,0.61554456,0.980778,1.3236454,0.69163525,0.3107056,0.36925223,-1.512471,-3.5022979,0.15402138,1.4057975,0.1176447,0.5994159,0.96491814,0.85961944,0.044815496,0.18189926,-1.2032533,-2.5106313,0.32399598,1.4877578,0.99100447,0.99100447,5.5874363e-08,0.00842948,5.5989013e-09,0.99100447,0.0005659981
stable_wetland_correct_highconf_99,stable_wetland,stable_wetland,correct_highconf,78476,HQ9,-122999996861,-1.2336046,-0.6148948,0.060851693,1.0520387,-1.4077984,0.51040596,-1.5019269,-3.419804,0.3548891,0.43784666,-0.25304735,-0.51218367,-0.058897663,1.0231665,-0.46486,0.45007035,-0.90352976,-2.1524255,0.13756195,0.051568266,-0.10494498,0.17223437,0.5651331,0.45737728,-1.8021247,0.58081007,-2.3155596,-4.365151,0.611136,0.801196,0.8186353,1.1605291,1.635794,0.9539079,-0.5155811,0.59322274,-1.0100476,-3.6377022,1.3168329,1.4453096,0.61554456,0.980778,1.3236454,0.69163525,0.3107056,0.36925223,-1.512471,-3.5022979,0.15402138,1.4057975,0.1176447,0.5994159,0.96491814,0.85961944,0.044815496,0.18189926,-1.2032533,-2.5106313,0.32399598,1.4877578,0.99100447,0.99100447,5.5874363e-08,0.00842948,5.5989013e-09,0.99100447,0.0005659981
stable_wetland_true_misclassified_100,stable_wetland,stable_shrubs,true_misclassified,114805,DU44,67000002740,0.21857047,0.32311258,-0.07700833,0.42544758,-0.0017243339,0.037857253,-0.26005524,0.05419797,0.0011685262,-0.5028928,0.3338342,0.20154285,-0.13846734,0.47902757,0.31691727,0.078950785,0.032002304,-0.05162455,0.06738963,-0.18670022,-0.10788015,0.13234968,0.11798097,-0.10103055,-0.4154107,-0.08890784,-0.55632615,-0.1270153,-0.16602957,-0.6280342,-0.30306518,0.22257516,-0.29025665,0.036965813,-0.2515168,-0.13395016,-0.3743367,-0.122985356,0.090885,-0.086765714,0.30307972,-0.049108796,-0.071594074,-0.055935096,-0.054813605,-0.37921283,0.00016556881,0.038864236,-0.0078146765,0.16201954,-0.14197376,-0.11313236,-0.033250354,-0.23644757,-0.15160842,-0.3650122,-0.16990364,0.0070225694,0.048543986,0.026400233,0.0025463242,0.5525923,0.26506183,0.5525923,0.15280381,0.0025463242,0.026995836
stable_wetland_true_misclassified_101,stable_wetland,stable_shrubs,true_misclassified,89502,DU44,66000002740,0.21857047,0.32311258,-0.07700833,0.42544758,-0.0017243339,0.037857253,-0.26005524,0.05419797,0.0011685262,-0.5028928,0.3338342,0.20154285,-0.13846734,0.47902757,0.31691727,0.078950785,0.032002304,-0.05162455,0.06738963,-0.18670022,-0.10788015,0.13234968,0.11798097,-0.10103055,-0.4154107,-0.08890784,-0.55632615,-0.1270153,-0.16602957,-0.6280342,-0.30306518,0.22257516,-0.29025665,0.036965813,-0.2515168,-0.13395016,-0.3743367,-0.122985356,0.090885,-0.086765714,0.30307972,-0.049108796,-0.071594074,-0.055935096,-0.054813605,-0.37921283,0.00016556881,0.038864236,-0.0078146765,0.16201954,-0.14197376,-0.11313236,-0.033250354,-0.23644757,-0.15160842,-0.3650122,-0.16990364,0.0070225694,0.048543986,0.026400233,0.0025463242,0.5525923,0.26506183,0.5525923,0.15280381,0.0025463242,0.026995836
stable_wetland_true_misclassified_102,stable_wetland,stable_trees,true_misclassified,118069,BU50,115000002527,-2.617845,-2.7017972,-3.3745441,-3.623046,-2.9603121,-3.2087862,-3.618082,-3.924644,-4.393074,-3.446328,-1.1924199,-0.99369496,-1.5675684,-1.6266142,-1.1948661,-1.5737371,-1.2014835,-1.7069328,-2.0962274,-1.3857718,-4.0359545,-4.434424,-4.614572,-5.0462613,-4.377923,-4.408634,-5.177925,-4.849369,-5.523582,-5.4578953,-3.5472937,-3.9325411,-3.8384206,-4.1067634,-3.8684044,-3.5044377,-3.6285965,-4.0425105,-4.270952,-4.4038744,-3.6173778,-3.3126707,-3.498439,-3.0674849,-3.560317,-3.4248052,-3.6147218,-3.6402504,-3.675095,-3.192861,-2.8617861,-2.5598478,-2.6153352,-2.374042,-2.6664786,-2.829306,-2.94257,-2.991824,-3.019446,-2.3592086,0.003045114,0.98929894,1.5958868e-06,0.0065137744,0.98929894,0.003045114,0.0011404839
stable_wetland_true_misclassified_103,stable_wetland,stable_trees,true_misclassified,88417,BU50,116000002527,-2.617845,-2.7017972,-3.3745441,-3.623046,-2.9603121,-3.2087862,-3.618082,-3.924644,-4.393074,-3.446328,-1.1924199,-0.99369496,-1.5675684,-1.6266142,-1.1948661,-1.5737371,-1.2014835,-1.7069328,-2.0962274,-1.3857718,-4.0359545,-4.434424,-4.614572,-5.0462613,-4.377923,-4.408634,-5.177925,-4.849369,-5.523582,-5.4578953,-3.5472937,-3.9325411,-3.8384206,-4.1067634,-3.8684044,-3.5044377,-3.6285965,-4.0425105,-4.270952,-4.4038744,-3.6173778,-3.3126707,-3.498439,-3.0674849,-3.560317,-3.4248052,-3.6147218,-3.6402504,-3.675095,-3.192861,-2.8617861,-2.5598478,-2.6153352,-2.374042,-2.6664786,-2.829306,-2.94257,-2.991824,-3.019446,-2.3592086,0.003045114,0.98929894,1.5958868e-06,0.0065137744,0.98929894,0.003045114,0.0011404839
stable_wetland_true_misclassified_104,stable_wetland,shrubs_to_trees,true_misclassified,28328,DT49,88000002738,0.85800093,0.45788488,-0.0819485,-0.14661662,0.74693716,0.13055506,0.4278127,0.112814546,-0.09438102,-0.06846561,0.40184343,0.21475177,-0.33489713,0.5410424,0.72547054,-0.21459392,0.4028991,-0.12704784,-0.39480177,-0.088875026,0.7355331,0.1496596,0.07679818,-0.3281268,0.5953022,-0.030275399,0.4774878,0.19944914,0.08496453,-0.16798617,0.8696436,0.46484748,-0.056681246,-0.014417685,0.6213883,0.008414679,0.2973477,0.15811037,0.13349685,-0.27014342,0.48965192,0.20592576,0.32546347,0.00850515,-0.13975331,0.018500948,0.10537272,0.39677414,0.17058136,-0.09853357,0.085761726,-0.06480496,0.36503363,0.053256597,-0.41178963,-0.4785087,-0.0015576368,0.28854692,0.00980855,-0.2725022,0.0056903046,0.4052067,0.4052067,0.32930973,0.1439095,0.0056903046,0.11588379
stable_wetland_true_misclassified_105,stable_wetland,shrubs_to_trees,true_misclassified,130416,DT49,87000002738,0.85800093,0.45788488,-0.0819485,-0.14661662,0.74693716,0.13055506,0.4278127,0.112814546,-0.09438102,-0.06846561,0.40184343,0.21475177,-0.33489713,0.5410424,0.72547054,-0.21459392,0.4028991,-0.12704784,-0.39480177,-0.088875026,0.7355331,0.1496596,0.07679818,-0.3281268,0.5953022,-0.030275399,0.4774878,0.19944914,0.08496453,-0.16798617,0.8696436,0.46484748,-0.056681246,-0.014417685,0.6213883,0.008414679,0.2973477,0.15811037,0.13349685,-0.27014342,0.48965192,0.20592576,0.32546347,0.00850515,-0.13975331,0.018500948,0.10537272,0.39677414,0.17058136,-0.09853357,0.085761726,-0.06480496,0.36503363,0.053256597,-0.41178963,-0.4785087,-0.0015576368,0.28854692,0.00980855,-0.2725022,0.0056903046,0.4052067,0.4052067,0.32930973,0.1439095,0.0056903046,0.11588379
stable_wetland_true_misclassified_106,stable_wetland,stable_trees,true_misclassified,14152,BU50,115000002527,-0.6905586,-1.5014683,-1.3484097,-1.5854354,-1.675148,-1.2696011,-2.1273546,-1.9192109,-2.2760224,-1.8795557,-0.11148228,-0.558433,-0.4662064,-0.42473814,-0.67834556,0.009865444,-0.8834597,-0.6986007,-1.4482371,-1.1254312,-2.0441296,-2.3356032,-2.1969204,-2.2895846,-2.4494438,-2.196171,-2.7698326,-2.56794,-2.8116686,-2.9554124,-2.6383295,-2.4645557,-2.1232336,-2.2772214,-2.3994884,-2.001154,-2.191804,-2.5569375,-2.7577417,-2.8303123,-2.716949,-2.3202057,-2.05856,-2.056757,-2.1333995,-2.0834384,-2.2084277,-2.5676703,-2.2434106,-1.9307051,-2.3503573,-1.7202996,-1.6460546,-1.6316018,-1.481495,-1.9922688,-1.9712833,-2.1793814,-1.9456136,-1.496166,0.0067602186,0.95874625,0.0003649853,0.023640381,0.95874625,0.0067602186,0.0104882205
stable_wetland_true_misclassified_107,stable_wetland,shrubs_to_trees,true_misclassified,7793,CM46,90000002599,1.0746331,-0.6141602,0.22176217,-0.21715686,-0.16015048,0.13999158,0.11221804,0.10715598,0.41854557,0.2792127,0.6380094,-0.23292486,0.42368656,0.6197801,0.0895862,0.44841772,0.7397023,0.52582717,0.45978564,0.5339632,0.94188726,-0.5737776,-0.18652472,-0.4217735,-0.36914918,-0.18806091,0.41193837,0.13538982,0.5016257,-0.10739334,0.71855253,-0.71586525,-0.3107418,-0.39412484,-0.5132483,-0.2669723,-0.22265737,-0.15257438,0.0737423,-0.46432248,0.070126005,-0.46452266,-0.34480187,-0.38956413,-0.69812745,-0.6741961,-0.47629413,-0.17113002,-0.21180339,-0.64009273,-0.18752086,-0.51492417,-0.38359272,-0.24641715,-0.7878931,-0.5849117,-0.46780622,-0.3280526,-0.2871631,-0.6948422,0.008723687,0.57637656,0.57637656,0.17913084,0.1974675,0.008723687,0.038301416
stable_wetland_true_misclassified_108,stable_wetland,shrubs_to_trees,true_misclassified,14538,CM46,90000002599,1.0746331,-0.6141602,0.22176217,-0.21715686,-0.16015048,0.13999158,0.11221804,0.10715598,0.41854557,0.2792127,0.6380094,-0.23292486,0.42368656,0.6197801,0.0895862,0.44841772,0.7397023,0.52582717,0.45978564,0.5339632,0.94188726,-0.5737776,-0.18652472,-0.4217735,-0.36914918,-0.18806091,0.41193837,0.13538982,0.5016257,-0.10739334,0.71855253,-0.71586525,-0.3107418,-0.39412484,-0.5132483,-0.2669723,-0.22265737,-0.15257438,0.0737423,-0.46432248,0.070126005,-0.46452266,-0.34480187,-0.38956413,-0.69812745,-0.6741961,-0.47629413,-0.17113002,-0.21180339,-0.64009273,-0.18752086,-0.51492417,-0.38359272,-0.24641715,-0.7878931,-0.5849117,-0.46780622,-0.3280526,-0.2871631,-0.6948422,0.008723687,0.57637656,0.57637656,0.17913084,0.1974675,0.008723687,0.038301416
stable_wetland_true_misclassified_109,stable_wetland,shrubs_to_trees,true_misclassified,20344,CK48,100000002592,0.8216643,0.46949476,0.75267535,0.5529737,0.4492468,0.5015356,0.3109621,-0.23356469,-0.35717708,0.5588072,0.62164897,0.5838265,0.9417143,1.0539502,0.4216123,0.6643048,0.4083317,-0.2982322,-0.47019458,0.8362277,0.8111242,0.3702491,0.41252118,0.76461685,0.30582178,0.27149814,0.5039865,-0.061128233,-0.22266968,0.41699174,0.59187776,0.10557417,0.37640184,0.8236399,0.23952149,0.28914034,0.21036698,0.004043381,-0.4033145,0.08875645,-0.097614616,-0.6365374,-0.41797057,-0.19878292,-0.39631298,0.09298056,0.07812482,-0.024363961,-0.28406507,-0.33685517,-0.3254635,-0.47109234,-0.56060785,-0.29919726,-0.3551165,-0.26073724,-0.05819016,-0.032758046,-0.16234894,-0.5617133,0.009328637,0.64912856,0.64912856,0.15785098,0.11935738,0.009328637,0.06433434
stable_shrubs_false_positive_110,stable_shrubs,stable_wetland,false_positive,133948,CS21,-13999997387,0.5410172,-0.2918592,-1.1456814,1.4198587,-0.85410935,0.42588034,-1.6447461,-1.9414563,0.8064428,0.34365603,0.008423913,-0.67326385,-1.8386136,1.2835944,-0.15013663,0.14269924,-2.5853395,-1.6501474,0.011280673,0.07244315,0.48832062,0.2543174,-0.4955071,1.8044871,-0.6256822,0.91926235,-0.56902194,-0.7771486,1.5296046,0.6852865,0.46882913,0.15884489,-0.20208137,1.3273429,0.20663008,1.0565758,-0.04359522,-0.5622293,1.5519327,0.97667766,0.50673985,1.1298364,1.4031911,0.7402035,0.44855857,1.2556697,1.5854632,1.0022321,1.8642145,0.8695739,0.5308219,1.0478493,1.3373874,0.22743097,0.27730414,1.153004,2.3793356,1.0489687,1.7543378,0.32734296,0.017652145,0.98161787,8.40624e-06,0.017652145,1.0878088e-07,0.98161787,0.00072143064
stable_shrubs_false_positive_111,stable_shrubs,stable_wetland,false_positive,68461,HZ9,-128999996825,-1.1053666,-0.5203873,0.4815504,-2.9569054,-0.70447975,0.52204496,-3.0345092,-1.5217407,-1.3180877,0.35828748,-0.82527333,-0.59307545,0.5579908,-2.9824986,0.38662893,0.7299709,-1.4331491,-0.8166587,-0.95525736,-0.08960583,-0.6098698,-0.5822469,0.2620167,-2.209452,-0.9185003,0.034872454,-2.0115972,-2.2912526,-1.3334429,0.24447563,0.6474793,-0.0805085,0.5647763,-0.86019486,-0.7283254,0.50758135,-1.3117955,-1.7110996,-0.49833405,0.68945956,-0.6908096,0.30529806,-0.14912602,0.61703694,-0.8185747,0.48445714,-1.2748089,-1.8549161,0.5428043,0.97391367,-0.6521012,0.030725965,-0.22624598,1.6132021,-0.7157637,0.58410263,-1.1520512,-0.9477122,0.85983616,0.73336065,0.020210383,0.97939026,4.189195e-06,0.020210383,5.9654957e-09,0.97939026,0.00039507385
stable_shrubs_false_positive_112,stable_shrubs,stable_wetland,false_positive,11886,HZ9,-128999996825,-1.1053666,-0.5203873,0.4815504,-2.9569054,-0.70447975,0.52204496,-3.0345092,-1.5217407,-1.3180877,0.35828748,-0.82527333,-0.59307545,0.5579908,-2.9824986,0.38662893,0.7299709,-1.4331491,-0.8166587,-0.95525736,-0.08960583,-0.6098698,-0.5822469,0.2620167,-2.209452,-0.9185003,0.034872454,-2.0115972,-2.2912526,-1.3334429,0.24447563,0.6474793,-0.0805085,0.5647763,-0.86019486,-0.7283254,0.50758135,-1.3117955,-1.7110996,-0.49833405,0.68945956,-0.6908096,0.30529806,-0.14912602,0.61703694,-0.8185747,0.48445714,-1.2748089,-1.8549161,0.5428043,0.97391367,-0.6521012,0.030725965,-0.22624598,1.6132021,-0.7157637,0.58410263,-1.1520512,-0.9477122,0.85983616,0.73336065,0.020210383,0.97939026,4.189195e-06,0.020210383,5.9654957e-09,0.97939026,0.00039507385
stable_shrubs_false_positive_113,stable_shrubs,stable_wetland,false_positive,59721,CS21,-13999997387,0.5855199,0.038671046,-1.1664419,1.5259645,-0.33037794,0.70378685,-1.2670597,-0.8827707,0.85563594,0.31670457,0.16142666,-0.2594026,-1.6797124,1.2444513,-0.111553624,0.4095612,-2.1871529,-1.2908323,-0.24185838,-0.120335884,0.71375394,0.49366346,-0.3263931,1.6639756,-0.27063438,1.091866,-0.31354728,-1.2546614,1.6266435,0.62558913,0.67914796,0.31598136,-0.06313852,1.2617265,0.20942935,1.2251891,-0.0033263746,-0.68568695,1.563198,0.8767651,0.21101418,0.9304629,1.4246718,0.61164045,0.5773606,1.2556697,1.3735352,0.9332558,1.8476546,0.8482316,0.6004439,0.83992904,1.3029678,0.26965505,0.52202904,0.7699532,2.0550563,0.90208644,1.6983865,0.5099489,0.026748277,0.9720748,3.4546967e-05,0.026748277,7.410382e-07,0.9720748,0.0011417071
stable_shrubs_false_positive_114,stable_shrubs,stable_wetland,false_positive,27481,DA67,172000002667,-2.1930568,-4.641396,-3.4210122,-2.7602255,-3.9001913,-3.083466,-5.683912,-5.897382,-4.7956924,-3.6017435,-1.7690859,-3.5656693,-3.049146,-2.3613334,-3.6120741,-2.4895995,-5.899534,-5.380089,-4.880186,-3.3242276,-1.6732723,-2.832067,-2.323395,-2.9670193,-2.7765558,-2.0517285,-3.4670105,-3.0412714,-2.6517158,-2.3721018,-0.6308725,-0.8948938,-1.4033581,-1.641803,-0.9891239,-0.67805076,-0.79715955,-0.61885655,-1.1117978,-1.5665526,1.6387275,2.707843,1.0115037,1.7715648,2.2970414,2.3710294,2.3060186,3.82106,2.3911226,1.5258476,2.9083805,6.360492,2.5224051,2.4441957,5.071336,5.167235,5.605062,7.839214,4.6645164,2.6716359,0.027889106,0.97162205,2.604758e-07,0.027889106,4.775201e-07,0.97162205,0.00048807345
stable_shrubs_false_positive_115,stable_shrubs,stable_wetland,false_positive,38636,DA67,172000002667,-2.9206834,-5.2020087,-3.9338818,-3.3120492,-4.2956657,-3.7368894,-6.452732,-6.327839,-4.685182,-3.8665695,-2.5662014,-3.93705,-3.356233,-2.977909,-4.0116587,-2.8997307,-6.2888994,-5.6681414,-5.014221,-3.731338,-2.1498902,-3.0596657,-2.7220724,-2.8995526,-3.0340433,-2.3158507,-3.51208,-3.0325835,-2.4674282,-2.3225622,-0.6081484,-0.82046074,-1.048653,-1.2413495,-0.9098113,-0.51255167,-0.8092402,-0.34439287,-0.9291056,-1.3505253,1.9944353,3.197786,1.6817691,3.4590738,3.129729,3.4350238,3.064797,4.4219193,2.9229236,2.0926025,3.5688133,7.300067,3.7473743,6.3135643,6.9660215,6.448327,7.442128,9.884855,4.96364,3.3872676,0.028668907,0.9712399,3.4365252e-07,0.028668907,3.291614e-08,0.9712399,9.078256e-05
stable_shrubs_false_positive_116,stable_shrubs,stable_wetland,false_positive,10327,CS21,-15999997387,0.44953454,0.056607936,-0.99052674,1.3584827,-0.11894084,1.042139,-0.9320508,-1.5200627,1.2077659,0.26173922,0.104056954,-0.32984695,-1.6485692,1.3513904,0.33185476,0.75336784,-2.264876,-1.0514958,0.18759964,-0.063770846,0.7128814,0.510719,-0.43830058,1.7137789,-0.22433455,1.3201395,-0.85357916,-1.1234968,1.6347463,0.6857073,0.6796315,0.3789819,0.111876026,1.2723409,0.4037452,1.3502033,-0.31581262,-0.4601982,1.5592796,0.91456985,0.2322869,0.8537324,1.4683045,0.7392512,0.5341945,1.1859597,1.1165724,0.8627468,1.6564622,0.8683882,0.20223217,0.8742078,1.4541682,0.1148334,0.34234944,1.1544228,1.4716637,0.8791361,1.490363,0.39773297,0.02769858,0.9711549,2.2755225e-05,0.02769858,5.303519e-07,0.9711549,0.0011231523
stable_shrubs_false_positive_117,stable_shrubs,stable_wetland,false_positive,59448,CS21,-14999997387,0.44953454,0.056607936,-0.99052674,1.3584827,-0.11894084,1.042139,-0.9320508,-1.5200627,1.2077659,0.26173922,0.104056954,-0.32984695,-1.6485692,1.3513904,0.33185476,0.75336784,-2.264876,-1.0514958,0.18759964,-0.063770846,0.7128814,0.510719,-0.43830058,1.7137789,-0.22433455,1.3201395,-0.85357916,-1.1234968,1.6347463,0.6857073,0.6796315,0.3789819,0.111876026,1.2723409,0.4037452,1.3502033,-0.31581262,-0.4601982,1.5592796,0.91456985,0.2322869,0.8537324,1.4683045,0.7392512,0.5341945,1.1859597,1.1165724,0.8627468,1.6564622,0.8683882,0.20223217,0.8742078,1.4541682,0.1148334,0.34234944,1.1544228,1.4716637,0.8791361,1.490363,0.39773297,0.02769858,0.9711549,2.2755225e-05,0.02769858,5.303519e-07,0.9711549,0.0011231523
stable_shrubs_false_positive_118,stable_shrubs,stable_wetland,false_positive,15566,BH45,100000002471,0.68123186,0.021927495,-0.2654226,-0.7969503,1.2494512,1.4878019,0.7484039,1.3114767,1.586756,-1.609748,1.0464239,0.2575129,0.16962428,0.09311374,1.1686194,2.0380137,0.91640794,1.1392466,2.1063886,-1.0564591,1.1923196,-0.22444016,-0.52592486,-1.4928614,1.2209444,1.138451,0.458597,1.3777759,1.6377662,-1.1713872,1.263931,1.0362307,0.76361597,0.093656525,1.1392529,1.5003537,0.9899719,1.8028519,1.7106252,0.31092086,0.56462955,0.7839202,-0.14107075,-0.20544916,-0.30615157,-0.32491243,0.06677153,0.68570787,0.42951906,1.6227769,0.3447295,0.69045126,-0.22870453,0.07495509,-0.19668932,-0.36288413,0.37314796,0.6075569,0.19487785,1.9238697,0.028685657,0.9698892,4.2090684e-05,0.028685657,2.533626e-06,0.9698892,0.0013804664
stable_shrubs_false_positive_119,stable_shrubs,stable_wetland,false_positive,124763,CS21,-13999997388,0.25150934,-0.025022034,-0.9586509,1.3654422,-0.57133186,0.06549435,-0.43539548,-1.7277833,0.81027806,0.5188601,0.18182045,-0.42241967,-1.4925525,1.0929018,-0.63789904,-0.32428864,-1.8193197,-2.0372999,0.011861274,0.24383393,0.39145625,0.38683107,-0.16649935,1.7343636,-0.6889435,0.6929555,-0.35810024,-1.3144891,1.7317191,0.9179614,0.43160027,0.44684735,0.0664524,1.288745,0.34939274,1.0327742,-0.29218823,-0.5617191,1.4020566,1.0115366,0.34911248,1.0169419,1.1944255,0.66782725,0.6476795,1.3851835,1.4541435,0.93402225,1.8589455,0.8876555,0.4930829,0.7640663,1.0485085,0.09372135,0.33912936,1.3828346,1.4670091,1.0015379,1.6137425,0.37937036,0.031295914,0.96763724,4.3756223e-05,0.031295914,4.604864e-07,0.96763724,0.0010225808
wetland_to_woody_correct_highconf_120,wetland_to_woody,wetland_to_woody,correct_highconf,97951,GG95,248000003030,-1.2282465,-0.83086216,-1.4040859,-0.10413026,-0.9269822,-0.3448417,-1.0972718,-0.60041463,-1.036967,-1.1133578,-1.7935386,-1.0878743,-1.9060489,-0.40300933,-1.1222055,-0.55102104,-1.7653936,-1.0627561,-1.4953581,-1.3048939,-1.0121725,-0.74463516,-1.1242589,-0.34579363,-1.1802539,-0.4906109,-0.812901,-0.49288687,-0.7802389,-0.9799062,-0.6707605,-0.3801867,-0.92975,-0.37410218,-0.8608241,-0.43958965,-0.496754,-0.43392518,-0.756699,-1.0102824,0.66680837,0.49523747,0.5849102,0.27991602,0.17006774,0.21882541,0.27226606,0.282197,0.31397563,0.12348495,0.9453005,0.63088495,0.92558146,0.11776563,0.23351127,0.020876048,0.61519384,0.35433793,0.17335816,0.2600134,0.933147,0.933147,0.011648669,0.031382702,0.0023117657,0.021509899,0.933147
wetland_to_woody_correct_highconf_121,wetland_to_woody,wetland_to_woody,correct_highconf,130478,GG95,249000003030,-1.2282465,-0.83086216,-1.4040859,-0.10413026,-0.9269822,-0.3448417,-1.0972718,-0.60041463,-1.036967,-1.1133578,-1.7935386,-1.0878743,-1.9060489,-0.40300933,-1.1222055,-0.55102104,-1.7653936,-1.0627561,-1.4953581,-1.3048939,-1.0121725,-0.74463516,-1.1242589,-0.34579363,-1.1802539,-0.4906109,-0.812901,-0.49288687,-0.7802389,-0.9799062,-0.6707605,-0.3801867,-0.92975,-0.37410218,-0.8608241,-0.43958965,-0.496754,-0.43392518,-0.756699,-1.0102824,0.66680837,0.49523747,0.5849102,0.27991602,0.17006774,0.21882541,0.27226606,0.282197,0.31397563,0.12348495,0.9453005,0.63088495,0.92558146,0.11776563,0.23351127,0.020876048,0.61519384,0.35433793,0.17335816,0.2600134,0.933147,0.933147,0.011648669,0.031382702,0.0023117657,0.021509899,0.933147
wetland_to_woody_correct_highconf_122,wetland_to_woody,wetland_to_woody,correct_highconf,84568,AL48,123000002382,-0.029314121,-0.75470245,-0.34079447,-0.24909897,-0.23371284,-0.38463083,0.28506,-0.33643246,-0.3565514,-0.11478246,-0.49246204,-1.1376749,-0.7408328,-0.50711554,-0.4849015,-0.5178447,-0.0123156,-0.88925374,-0.8125771,-0.21676908,0.06545341,-0.10211415,-0.30350485,-0.52767235,0.029432122,-0.26515973,0.2910026,-0.066647455,-0.12737153,0.068871856,0.693411,0.127223,0.20628591,0.10330601,0.17630468,0.007747344,0.61251855,-0.04518663,0.09627271,-0.0852928,1.338817,1.2266929,0.993715,0.93923813,0.603121,0.61397094,0.7351018,0.9313398,0.7411476,0.4027125,1.558885,1.355796,0.9698352,0.6273869,0.7397054,0.8642972,0.7362167,0.9755276,0.86629206,0.35998762,0.92910826,0.92910826,0.016988633,0.034788202,0.0074673747,0.011647538,0.92910826
wetland_to_woody_correct_highconf_123,wetland_to_woody,wetland_to_woody,correct_highconf,56437,GG95,247000003028,-0.7935218,-0.6430322,-1.1969508,-0.022614254,-0.92601514,-0.16567297,-1.5704691,-0.47446883,-0.6950826,-0.7779741,-1.4772133,-0.7733103,-1.6587955,-0.13194448,-0.930535,-0.38436294,-1.7739778,-1.0550789,-1.0537288,-0.98104167,-0.743402,-0.6821659,-1.147051,-0.33188856,-1.0781376,-0.3977077,-1.2049445,-0.5788946,-0.72947335,-0.89230955,-0.6315977,-0.38797057,-1.1083272,-0.47807536,-1.026914,-0.41779006,-0.5697748,-0.5425883,-0.8649429,-0.9449832,0.57020926,0.34429222,0.33855328,-0.040063113,0.026644964,0.10472119,-0.017242808,0.20057514,0.07046881,-0.078080595,0.46835735,0.29371697,0.42403865,-0.12150422,-0.025381906,0.31312963,-0.11559847,0.10417908,-0.13365602,0.15085791,0.9284142,0.9284142,0.008272494,0.039427277,0.0013322923,0.02255365,0.9284142
wetland_to_woody_correct_highconf_124,wetland_to_woody,wetland_to_woody,correct_highconf,131778,GG95,248000003029,-0.8105443,-0.64513016,-1.2068794,-0.022102606,-1.0231959,-0.20905226,-0.9454005,-0.56875646,-0.7556211,-0.9096371,-1.5738631,-0.9498528,-1.784209,-0.3255229,-0.9595968,-0.32663462,-1.5037345,-0.936756,-1.167186,-1.0968996,-0.83279586,-0.83718675,-1.0503768,-0.36249307,-1.0476826,-0.29111394,-0.6213027,-0.44446364,-0.8001886,-0.8392397,-0.5825233,-0.42178166,-0.8616146,-0.3743434,-0.9410698,-0.26519275,-0.4140686,-0.43826148,-0.71776056,-0.9331999,0.8007218,0.5754271,0.63525563,0.19515964,0.110888444,0.24487494,0.1818182,0.20287435,0.19466859,0.08139332,0.7260238,0.63875216,0.46706316,0.035076782,0.19873457,0.2209137,0.20868091,0.25488642,0.044240046,0.29316813,0.92163545,0.92163545,0.012829781,0.03623983,0.0018567358,0.027438186,0.92163545
wetland_to_woody_correct_highconf_125,wetland_to_woody,wetland_to_woody,correct_highconf,129209,AL48,124000002382,0.20910633,-0.406285,0.04384575,-0.09599514,-0.03345263,0.13729866,0.49474418,-0.47731566,-0.2970562,0.027329292,-0.33850348,-0.86156154,-0.5127186,-0.25545833,-0.29576677,-0.24775714,0.2386536,-1.1189699,-0.6676669,0.039495174,0.28042978,0.13763238,-0.037906017,-0.033580378,0.21638323,0.24737322,0.39606622,0.11759525,-0.17551808,0.11126913,0.923553,0.4692259,0.4848396,0.5274008,0.32839823,0.3156113,0.6082232,0.17545564,-0.10601114,-0.040123463,1.4622686,1.2615991,0.9718987,0.91765225,0.59755117,0.638186,0.68893176,0.7769097,0.4250027,0.2794018,1.558885,1.241159,0.96614736,0.8244327,0.59351444,0.6522005,0.588817,0.7651493,0.59944797,0.20900616,0.91337204,0.91337204,0.029729228,0.042635135,0.0057638814,0.008499699,0.91337204
wetland_to_woody_correct_highconf_126,wetland_to_woody,wetland_to_woody,correct_highconf,90324,AL48,125000002382,0.20910633,-0.406285,0.04384575,-0.09599514,-0.03345263,0.13729866,0.49474418,-0.47731566,-0.2970562,0.027329292,-0.33850348,-0.86156154,-0.5127186,-0.25545833,-0.29576677,-0.24775714,0.2386536,-1.1189699,-0.6676669,0.039495174,0.28042978,0.13763238,-0.037906017,-0.033580378,0.21638323,0.24737322,0.39606622,0.11759525,-0.17551808,0.11126913,0.923553,0.4692259,0.4848396,0.5274008,0.32839823,0.3156113,0.6082232,0.17545564,-0.10601114,-0.040123463,1.4622686,1.2615991,0.9718987,0.91765225,0.59755117,0.638186,0.68893176,0.7769097,0.4250027,0.2794018,1.558885,1.241159,0.96614736,0.8244327,0.59351444,0.6522005,0.588817,0.7651493,0.59944797,0.20900616,0.91337204,0.91337204,0.029729228,0.042635135,0.0057638814,0.008499699,0.91337204
wetland_to_woody_correct_highconf_127,wetland_to_woody,wetland_to_woody,correct_highconf,46381,B85,293000002250,-0.63690263,-0.73471516,-1.2458038,-1.2611346,-1.0523144,-0.93758357,-0.9200773,-1.4950777,-1.7685277,-1.236478,0.31497136,0.23922922,-0.37658003,0.02585735,-0.16708,-0.02059672,0.5931176,-1.8186722,-1.6515154,-0.9615824,-1.4211662,-1.5509288,-1.9137288,-1.8315718,-1.672412,-1.6567608,-1.3991772,-1.03275,-1.1526456,-1.2742585,-1.863776,-2.10285,-2.2216513,-2.146471,-1.9903288,-1.7653621,-1.8462973,-0.65609795,-1.1100835,-1.3542076,-2.3598464,-2.1255493,-2.0592313,-2.1323078,-2.122608,-2.01593,-2.038885,0.26265374,-0.06577457,-0.45364463,-1.935228,-1.6056625,-1.6497424,-1.630429,-1.6199577,-1.7106556,-1.7835426,0.62209207,0.51408654,0.007017481,0.90114003,0.90114003,0.0036772136,0.04937197,0.004414675,0.041396063,0.90114003
wetland_to_woody_correct_highconf_128,wetland_to_woody,wetland_to_woody,correct_highconf,57434,GG95,249000003029,-0.9338057,-0.59991026,-1.30382,-0.030362513,-0.87777615,-0.20563436,-0.85716116,-0.47277403,-0.8284895,-0.9450417,-1.6293794,-1.0809232,-1.6525863,-0.20511362,-0.828737,-0.4329578,-1.334235,-0.8430915,-1.2760626,-1.2389696,-0.81874907,-0.68510413,-1.0904428,-0.20675664,-1.1010743,-0.3267381,-0.6709155,-0.26176804,-0.6087641,-0.97664875,-0.5477119,-0.37434882,-0.7943698,-0.21126714,-0.8309653,-0.37863973,-0.34588003,-0.3438827,-0.68641394,-0.92190754,0.699938,0.7090766,0.63525563,0.22626874,0.16728283,0.33329654,0.30216306,0.33852756,0.22891761,0.122892104,0.7260238,0.7871061,0.7645469,0.24150567,0.07250805,0.15423448,0.20868091,0.29007694,0.006221935,0.29214796,0.8917764,0.8917764,0.03218095,0.049948752,0.0023668997,0.023726955,0.8917764
wetland_to_woody_correct_highconf_129,wetland_to_woody,wetland_to_woody,correct_highconf,39070,GG95,248000003029,-0.9338057,-0.59991026,-1.30382,-0.030362513,-0.87777615,-0.20563436,-0.85716116,-0.47277403,-0.8284895,-0.9450417,-1.6293794,-1.0809232,-1.6525863,-0.20511362,-0.828737,-0.4329578,-1.334235,-0.8430915,-1.2760626,-1.2389696,-0.81874907,-0.68510413,-1.0904428,-0.20675664,-1.1010743,-0.3267381,-0.6709155,-0.26176804,-0.6087641,-0.97664875,-0.5477119,-0.37434882,-0.7943698,-0.21126714,-0.8309653,-0.37863973,-0.34588003,-0.3438827,-0.68641394,-0.92190754,0.699938,0.7090766,0.63525563,0.22626874,0.16728283,0.33329654,0.30216306,0.33852756,0.22891761,0.122892104,0.7260238,0.7871061,0.7645469,0.24150567,0.07250805,0.15423448,0.20868091,0.29007694,0.006221935,0.29214796,0.8917764,0.8917764,0.03218095,0.049948752,0.0023668997,0.023726955,0.8917764
wetland_to_woody_true_misclassified_130,wetland_to_woody,stable_trees,true_misclassified,24872,C85,294000002254,0.53755504,0.2844025,0.10888532,0.041782938,0.42395085,0.3358773,-0.020372188,0.6134903,0.7858401,1.0351263,0.6643782,0.5287322,0.34420195,0.41674104,0.6593632,0.5642455,0.20712596,0.8770318,0.8390138,1.2594672,0.47051796,0.17436726,-0.1488347,-0.08186734,0.36447057,0.09084114,0.19259116,0.5653008,0.47951537,0.6819649,-0.35528228,-0.67840546,-0.43454346,-0.8676732,-0.32942975,-0.36551544,-0.5278952,-0.06253192,-0.0051141107,0.045550995,-0.6740704,-0.97899437,-0.8207339,-1.1206276,-1.0956731,-0.95340294,-0.81272995,-0.52635753,-0.81548953,-0.9904611,-1.014526,-0.8762558,-0.81875485,-1.068614,-1.0983074,-1.0906807,-0.7827761,-0.5805065,-0.8581521,-1.0105771,0.006161068,0.9067004,0.06740838,0.017196322,0.9067004,0.0025337306,0.006161068
wetland_to_woody_true_misclassified_131,wetland_to_woody,stable_trees,true_misclassified,140829,C85,294000002254,0.53755504,0.2844025,0.10888532,0.041782938,0.42395085,0.3358773,-0.020372188,0.6134903,0.7858401,1.0351263,0.6643782,0.5287322,0.34420195,0.41674104,0.6593632,0.5642455,0.20712596,0.8770318,0.8390138,1.2594672,0.47051796,0.17436726,-0.1488347,-0.08186734,0.36447057,0.09084114,0.19259116,0.5653008,0.47951537,0.6819649,-0.35528228,-0.67840546,-0.43454346,-0.8676732,-0.32942975,-0.36551544,-0.5278952,-0.06253192,-0.0051141107,0.045550995,-0.6740704,-0.97899437,-0.8207339,-1.1206276,-1.0956731,-0.95340294,-0.81272995,-0.52635753,-0.81548953,-0.9904611,-1.014526,-0.8762558,-0.81875485,-1.068614,-1.0983074,-1.0906807,-0.7827761,-0.5805065,-0.8581521,-1.0105771,0.006161068,0.9067004,0.06740838,0.017196322,0.9067004,0.0025337306,0.006161068
wetland_to_woody_true_misclassified_132,wetland_to_woody,stable_trees,true_misclassified,117388,C85,294000002255,0.4417058,0.20666583,0.028293278,-0.0077035977,0.48700115,0.38167956,0.073054224,0.86350256,0.8988443,1.2489353,0.6993672,0.67995584,0.34540224,0.4224821,0.73630315,0.7379221,0.55675787,1.0778257,1.1501507,1.5422343,0.30570576,-0.018730046,-0.24063991,-0.16740976,0.32591996,0.15017816,0.065908425,0.749521,0.6775218,0.85984755,-0.5648759,-0.8705693,-0.7102025,-1.0635577,-0.49225384,-0.30834708,-0.43930376,0.004043381,0.019375458,0.1847413,-0.9792119,-1.0915743,-1.0301709,-1.3110914,-1.2523242,-1.0579679,-0.8634413,-0.8045616,-0.8869985,-1.0891689,-1.229248,-1.0605743,-0.9969992,-1.1864896,-1.1575565,-0.94951934,-0.9782747,-0.9813727,-1.0374829,-1.1569678,0.010209063,0.92060983,0.031804986,0.02342007,0.92060983,0.013956031,0.010209063
wetland_to_woody_true_misclassified_133,wetland_to_woody,stable_trees,true_misclassified,81863,B85,294000002250,-0.8456467,-0.9368258,-1.3572681,-1.3935488,-1.2220587,-1.181743,-0.8548274,-1.0385225,-1.1388646,-0.9683059,0.18941066,0.032868106,-0.42469823,-0.11448405,-0.23911387,-0.18743637,0.6798264,0.22358404,0.0091344165,-0.09535604,-1.4750004,-1.6739472,-2.1647193,-1.9122977,-1.8894665,-1.878315,-1.5174547,-1.3811526,-1.729393,-1.7682756,-1.9851325,-2.240527,-2.4202683,-2.2417595,-2.2296662,-1.9691218,-1.8567672,-1.6702871,-1.9559532,-2.1675012,-2.2810326,-2.2720919,-2.2418172,-2.1767492,-2.2068515,-2.1916723,-2.0842984,-1.8587481,-2.149696,-1.8583785,-1.7933813,-1.7607597,-1.6263863,-1.6861413,-1.9123396,-1.6787347,-1.7757847,-1.578082,-1.6515112,-1.5150386,0.014364055,0.95973766,0.0036610616,0.019103752,0.95973766,0.0031335107,0.014364055
wetland_to_woody_true_misclassified_134,wetland_to_woody,stable_trees,true_misclassified,100326,B85,295000002250,-0.8456467,-0.9368258,-1.3572681,-1.3935488,-1.2220587,-1.181743,-0.8548274,-1.0385225,-1.1388646,-0.9683059,0.18941066,0.032868106,-0.42469823,-0.11448405,-0.23911387,-0.18743637,0.6798264,0.22358404,0.0091344165,-0.09535604,-1.4750004,-1.6739472,-2.1647193,-1.9122977,-1.8894665,-1.878315,-1.5174547,-1.3811526,-1.729393,-1.7682756,-1.9851325,-2.240527,-2.4202683,-2.2417595,-2.2296662,-1.9691218,-1.8567672,-1.6702871,-1.9559532,-2.1675012,-2.2810326,-2.2720919,-2.2418172,-2.1767492,-2.2068515,-2.1916723,-2.0842984,-1.8587481,-2.149696,-1.8583785,-1.7933813,-1.7607597,-1.6263863,-1.6861413,-1.9123396,-1.6787347,-1.7757847,-1.578082,-1.6515112,-1.5150386,0.014364055,0.95973766,0.0036610616,0.019103752,0.95973766,0.0031335107,0.014364055
wetland_to_woody_true_misclassified_135,wetland_to_woody,shrubs_to_trees,true_misclassified,71907,FW69,144000002975,0.032353334,0.6771903,0.54708725,0.4435319,0.26051337,0.60625905,0.4493062,0.5986159,0.80532336,0.37631643,-0.10650056,0.7210973,0.5522488,0.62007195,0.36198923,0.60746586,0.072099224,0.85924244,0.7685672,0.5985356,-0.22868773,0.3838642,0.3382291,0.0820869,0.27051833,0.3964221,0.097497076,0.14174907,0.4393028,0.14448892,-0.25592476,0.386036,0.07580432,-0.38399288,0.06946595,0.21484369,-0.20896596,-0.058450677,0.060028143,-0.28315416,-0.27686343,-0.32489833,-0.36158368,-0.22576529,-0.29431573,-0.2243833,-0.49105343,-0.39990112,-0.62316805,-0.7936383,-0.30789533,-0.22327389,-0.38359272,-0.022394896,-0.5058155,-0.22243215,-0.63227326,-0.5958068,-0.76203084,-0.7846149,0.01470332,0.70353806,0.70353806,0.22572504,0.04706569,0.008967873,0.01470332
wetland_to_woody_true_misclassified_136,wetland_to_woody,stable_wetland,true_misclassified,126460,IP15,-109999996755,1.7950013,0.6541775,-0.91940314,-1.4477125,-0.6405228,-0.644782,0.8313674,1.8948848,1.1363283,-1.5395095,1.2232203,0.5767263,-1.438113,-1.8691659,-0.887739,-0.6946476,0.41114935,1.567587,0.75619227,-1.7558882,1.372741,0.84277195,-0.42518613,-1.101761,-0.21127151,-0.06779379,1.0455561,2.0439775,1.6679416,-0.9188053,2.4187508,1.6039653,0.23968564,0.2789266,0.5640033,0.6937679,1.7854158,2.2640326,2.0921726,0.3664006,0.9189424,1.354053,1.239065,1.412858,1.020161,1.6801667,0.9167545,0.9497335,1.412579,1.626334,0.1631918,0.95906174,1.6213491,2.4383311,1.2613558,1.8971157,0.4421931,0.7307238,1.1560905,2.3033636,0.019131746,0.72977626,3.848046e-05,0.25104716,6.375862e-06,0.72977626,0.019131746
wetland_to_woody_true_misclassified_137,wetland_to_woody,stable_wetland,true_misclassified,86553,IP15,-110999996755,1.7950013,0.6541775,-0.91940314,-1.4477125,-0.6405228,-0.644782,0.8313674,1.8948848,1.1363283,-1.5395095,1.2232203,0.5767263,-1.438113,-1.8691659,-0.887739,-0.6946476,0.41114935,1.567587,0.75619227,-1.7558882,1.372741,0.84277195,-0.42518613,-1.101761,-0.21127151,-0.06779379,1.0455561,2.0439775,1.6679416,-0.9188053,2.4187508,1.6039653,0.23968564,0.2789266,0.5640033,0.6937679,1.7854158,2.2640326,2.0921726,0.3664006,0.9189424,1.354053,1.239065,1.412858,1.020161,1.6801667,0.9167545,0.9497335,1.412579,1.626334,0.1631918,0.95906174,1.6213491,2.4383311,1.2613558,1.8971157,0.4421931,0.7307238,1.1560905,2.3033636,0.019131746,0.72977626,3.848046e-05,0.25104716,6.375862e-06,0.72977626,0.019131746
wetland_to_woody_true_misclassified_138,wetland_to_woody,stable_wetland,true_misclassified,28980,FW69,146000002974,-0.58534294,-1.015392,-0.80151176,-0.3122095,-1.2955172,-0.7987574,-0.7870873,-0.6847584,-1.0677032,-0.9252159,-0.57286674,-1.3592747,-1.3910698,-0.78761566,-1.5180082,-1.0876746,-1.8959824,-0.57449734,-1.8500122,-1.1124482,-0.49661186,-0.6678619,-0.7424348,-0.35390103,-1.0926371,-0.6874027,-0.5723813,-0.5009576,-0.6062362,-0.5550374,0.06873985,-0.06275159,-0.49510828,0.046615295,-0.4553968,-0.3933211,-0.26534232,-0.17502122,-0.22307128,-0.29812878,0.0010768496,0.9125382,0.7258774,0.9484439,1.1162404,0.7684336,0.7385078,0.39983976,1.0023434,0.8666097,-0.10163204,0.97985375,0.9440205,0.9569694,1.3933784,0.9997837,1.2994388,0.5134604,1.2565157,0.9078054,0.020109095,0.8705765,0.0028466876,0.10643845,2.9322848e-05,0.8705765,0.020109095
wetland_to_woody_true_misclassified_139,wetland_to_woody,stable_wetland,true_misclassified,10900,FW69,145000002974,-0.58534294,-1.015392,-0.80151176,-0.3122095,-1.2955172,-0.7987574,-0.7870873,-0.6847584,-1.0677032,-0.9252159,-0.57286674,-1.3592747,-1.3910698,-0.78761566,-1.5180082,-1.0876746,-1.8959824,-0.57449734,-1.8500122,-1.1124482,-0.49661186,-0.6678619,-0.7424348,-0.35390103,-1.0926371,-0.6874027,-0.5723813,-0.5009576,-0.6062362,-0.5550374,0.06873985,-0.06275159,-0.49510828,0.046615295,-0.4553968,-0.3933211,-0.26534232,-0.17502122,-0.22307128,-0.29812878,0.0010768496,0.9125382,0.7258774,0.9484439,1.1162404,0.7684336,0.7385078,0.39983976,1.0023434,0.8666097,-0.10163204,0.97985375,0.9440205,0.9569694,1.3933784,0.9997837,1.2994388,0.5134604,1.2565157,0.9078054,0.020109095,0.8705765,0.0028466876,0.10643845,2.9322848e-05,0.8705765,0.020109095
stable_shrubs_false_positive_140,stable_shrubs,wetland_to_woody,false_positive,117185,M75,247000002290,-4.1590104,-3.1808672,-1.4184103,-1.7291391,-1.168232,-0.17129885,1.9039047,1.069608,-0.21951662,-1.2668067,-4.0215893,-2.5089266,-1.6209236,-2.6455946,-1.0402143,-0.27378824,1.4832364,0.68267816,-0.83599746,-1.6443316,-1.9246573,-1.4904815,-0.5032673,-0.40086627,-0.24033216,0.07054719,1.9224015,1.2236968,0.23286018,-0.7468397,-0.42103714,-0.35732165,0.10653207,-0.08148159,0.6820391,0.8770626,1.8801818,1.1531688,0.75945026,0.2711522,2.9841397,2.0883386,1.3380777,1.3982558,1.73449,0.965456,1.2073987,0.96544474,1.4035463,1.655383,6.415507,4.268927,1.756569,1.2636805,1.8306631,0.78626835,0.8758586,0.6205621,1.166133,1.9218295,0.013208149,0.94921446,0.0014466215,0.013208149,9.94741e-06,0.036120754,0.94921446
stable_shrubs_false_positive_141,stable_shrubs,wetland_to_woody,false_positive,106055,M75,247000002290,-4.1590104,-3.1808672,-1.4184103,-1.7291391,-1.168232,-0.17129885,1.9039047,1.069608,-0.21951662,-1.2668067,-4.0215893,-2.5089266,-1.6209236,-2.6455946,-1.0402143,-0.27378824,1.4832364,0.68267816,-0.83599746,-1.6443316,-1.9246573,-1.4904815,-0.5032673,-0.40086627,-0.24033216,0.07054719,1.9224015,1.2236968,0.23286018,-0.7468397,-0.42103714,-0.35732165,0.10653207,-0.08148159,0.6820391,0.8770626,1.8801818,1.1531688,0.75945026,0.2711522,2.9841397,2.0883386,1.3380777,1.3982558,1.73449,0.965456,1.2073987,0.96544474,1.4035463,1.655383,6.415507,4.268927,1.756569,1.2636805,1.8306631,0.78626835,0.8758586,0.6205621,1.166133,1.9218295,0.013208149,0.94921446,0.0014466215,0.013208149,9.94741e-06,0.036120754,0.94921446
stable_shrubs_false_positive_142,stable_shrubs,wetland_to_woody,false_positive,14482,M75,246000002291,-4.1493907,-3.0707736,-1.8434122,-1.3383296,-0.64051276,0.46730515,1.9909747,0.64095473,0.07666997,-1.4537108,-3.6611133,-2.700653,-1.8884428,-1.8516223,-0.67053795,0.2873857,1.2348667,0.30800587,-0.41049978,-1.615664,-1.7287111,-1.7321967,-0.67159647,-0.5416192,0.07304115,0.6086499,1.9436216,1.0831224,0.8465835,-0.8628061,-0.48872596,-0.4166735,0.11944663,-0.04867335,0.5234139,0.97048956,2.0901167,1.0595553,1.0929981,0.13957196,2.6409864,1.8505999,1.7109694,1.0116143,1.4793228,0.89647985,1.2512981,1.4544095,1.344081,1.5676428,6.415507,4.1705866,2.9643283,1.1299709,1.323181,1.1317234,0.78897035,1.2111512,1.4243692,1.6933169,0.024692403,0.93356675,0.027017511,0.024692403,2.1856766e-05,0.014701458,0.93356675
stable_shrubs_false_positive_143,stable_shrubs,wetland_to_woody,false_positive,117714,M75,247000002291,-3.005876,-2.243924,-1.4684316,-1.0949099,-0.49724862,0.68410146,2.5277987,1.3300563,0.35388616,-1.0013127,-2.692261,-1.8738265,-1.5034682,-1.4881415,-1.002752,0.32818708,1.9747977,0.9358212,-0.27305812,-1.3375204,-1.2202438,-0.7209818,-0.17527963,-0.26332313,0.2775224,0.43411174,2.2721393,1.3118978,0.72014076,-0.73807806,-0.26486933,0.07151982,-0.032856107,-0.46842587,0.71469724,0.96025705,2.3462267,1.2674437,1.0258968,0.37204677,2.5063756,1.7568882,1.0957484,0.8097228,1.5437238,0.6814796,0.7778659,0.71713036,1.1047142,1.1233093,5.4355936,3.3686886,1.7344421,0.7763441,1.5447215,0.61460483,0.48874038,0.29543203,0.95093614,1.2347618,0.03717355,0.93135375,0.015132348,0.03717355,3.6865044e-05,0.01630356,0.93135375
stable_shrubs_false_positive_144,stable_shrubs,wetland_to_woody,false_positive,111477,M75,247000002291,-3.005876,-2.243924,-1.4684316,-1.0949099,-0.49724862,0.68410146,2.5277987,1.3300563,0.35388616,-1.0013127,-2.692261,-1.8738265,-1.5034682,-1.4881415,-1.002752,0.32818708,1.9747977,0.9358212,-0.27305812,-1.3375204,-1.2202438,-0.7209818,-0.17527963,-0.26332313,0.2775224,0.43411174,2.2721393,1.3118978,0.72014076,-0.73807806,-0.26486933,0.07151982,-0.032856107,-0.46842587,0.71469724,0.96025705,2.3462267,1.2674437,1.0258968,0.37204677,2.5063756,1.7568882,1.0957484,0.8097228,1.5437238,0.6814796,0.7778659,0.71713036,1.1047142,1.1233093,5.4355936,3.3686886,1.7344421,0.7763441,1.5447215,0.61460483,0.48874038,0.29543203,0.95093614,1.2347618,0.03717355,0.93135375,0.015132348,0.03717355,3.6865044e-05,0.01630356,0.93135375
stable_shrubs_false_positive_145,stable_shrubs,wetland_to_woody,false_positive,15955,O50,142000002287,-0.7684436,-1.0315808,-1.5656304,-0.8532117,-0.6255866,0.43551722,0.8653384,-0.30067202,-0.10058776,-0.23639034,-1.6196275,-1.2334336,-1.7183336,-1.0171545,-1.1598238,-0.05686181,0.5775577,-0.8269583,-0.66927034,-0.5704996,0.15210432,-0.4859518,-0.86504227,-0.6037089,-0.046905603,0.5830543,1.0401604,0.34761202,0.076624885,0.29274994,0.5210462,-0.056670457,-0.28803,-0.21729806,0.16487433,0.72424287,1.1829939,0.40298504,0.47341207,0.2765529,1.657559,1.4650606,1.3152544,0.84495854,1.2248517,0.72514004,0.93037844,1.0543474,0.51871705,0.7548593,1.8978856,1.6142914,1.5082561,1.0320344,1.120317,0.6238264,0.8215534,1.2157413,0.826122,0.62930584,0.062334903,0.89031714,0.02278269,0.062334903,0.002214762,0.022350563,0.89031714
stable_wetland_false_positive_146,stable_wetland,wetland_to_woody,false_positive,106357,FX28,-23999997039,-1.9380563,-1.5671195,-1.4094203,-0.19271605,-0.70712245,0.3109942,0.88263494,0.13668948,-0.5562734,0.13278602,-2.4608712,-1.7735776,-1.6658461,-0.5569157,-1.0005138,-0.40382618,0.48603165,-0.11030053,-0.6703991,0.00087805884,-1.7365563,-1.1371955,-1.0472469,-0.26054063,-0.5729908,0.34783834,0.4515206,0.5533536,-0.26661095,0.41994482,-0.9678661,-0.76305485,-0.8658452,-0.3463599,-0.5580366,0.2504349,0.29869,0.47772282,-0.13221498,0.410588,0.9872941,0.8499588,0.54631203,0.34022957,0.6142606,0.1931428,0.3358445,0.45885274,0.40769002,0.36002803,1.3480669,1.2001368,0.72582483,0.49133152,0.44217142,0.16558413,-0.020176549,0.4285441,0.5736243,0.2416508,0.0523651,0.8730287,0.030579384,0.043980338,4.65356e-05,0.0523651,0.8730287
stable_wetland_false_positive_147,stable_wetland,wetland_to_woody,false_positive,117355,FX28,-22999997039,-1.9380563,-1.5671195,-1.4094203,-0.19271605,-0.70712245,0.3109942,0.88263494,0.13668948,-0.5562734,0.13278602,-2.4608712,-1.7735776,-1.6658461,-0.5569157,-1.0005138,-0.40382618,0.48603165,-0.11030053,-0.6703991,0.00087805884,-1.7365563,-1.1371955,-1.0472469,-0.26054063,-0.5729908,0.34783834,0.4515206,0.5533536,-0.26661095,0.41994482,-0.9678661,-0.76305485,-0.8658452,-0.3463599,-0.5580366,0.2504349,0.29869,0.47772282,-0.13221498,0.410588,0.9872941,0.8499588,0.54631203,0.34022957,0.6142606,0.1931428,0.3358445,0.45885274,0.40769002,0.36002803,1.3480669,1.2001368,0.72582483,0.49133152,0.44217142,0.16558413,-0.020176549,0.4285441,0.5736243,0.2416508,0.0523651,0.8730287,0.030579384,0.043980338,4.65356e-05,0.0523651,0.8730287
stable_wetland_false_positive_148,stable_wetland,wetland_to_woody,false_positive,15704,FX29,-19999997040,-1.8474114,-1.6048776,-1.0067136,0.34012413,-0.86049736,-0.19505873,0.8671665,0.108177684,-0.9936678,0.2097146,-2.1349885,-1.9768338,-1.6814839,0.20817307,-0.9772584,-0.91745263,0.2865204,0.12409633,-0.96348715,-0.13189389,-1.5422431,-1.2645742,-0.9140712,0.36349544,-0.6589095,0.14038865,0.90339947,0.10735251,-0.8147693,-0.019825166,-0.9954251,-0.75283855,-0.7346956,0.3643245,-0.8276994,-0.101918064,0.7105061,0.10913543,-0.54902744,-0.12530695,0.39933005,0.8493298,0.76816756,0.32753196,0.54533416,0.2268971,0.57766956,0.3140027,0.458499,0.16261238,0.9654714,1.1332651,0.93049854,0.23915988,0.6894724,0.3443412,0.40961,0.097293966,0.481807,0.12841472,0.08740182,0.87220675,0.0035484126,0.036835566,7.423803e-06,0.08740182,0.87220675
stable_wetland_false_positive_149,stable_wetland,wetland_to_woody,false_positive,15318,FX29,-20999997040,-1.8474114,-1.6048776,-1.0067136,0.34012413,-0.86049736,-0.19505873,0.8671665,0.108177684,-0.9936678,0.2097146,-2.1349885,-1.9768338,-1.6814839,0.20817307,-0.9772584,-0.91745263,0.2865204,0.12409633,-0.96348715,-0.13189389,-1.5422431,-1.2645742,-0.9140712,0.36349544,-0.6589095,0.14038865,0.90339947,0.10735251,-0.8147693,-0.019825166,-0.9954251,-0.75283855,-0.7346956,0.3643245,-0.8276994,-0.101918064,0.7105061,0.10913543,-0.54902744,-0.12530695,0.39933005,0.8493298,0.76816756,0.32753196,0.54533416,0.2268971,0.57766956,0.3140027,0.458499,0.16261238,0.9654714,1.1332651,0.93049854,0.23915988,0.6894724,0.3443412,0.40961,0.097293966,0.481807,0.12841472,0.08740182,0.87220675,0.0035484126,0.036835566,7.423803e-06,0.08740182,0.87220675
